feature_id,name_zh,dimension,platform_a,platform_b,result,verification,scope,rationale,confidence,confidence_rationale,device_requirement,device_state
a11y,无障碍,availability,android,harmonyos,unknown,unreviewed,,,unassessed,尚未逐条评估证据和适用范围,unassessed,unassessed
a11y,无障碍,availability,android,ios,unknown,unreviewed,,,unassessed,尚未逐条评估证据和适用范围,unassessed,unassessed
a11y,无障碍,availability,harmonyos,ios,unknown,unreviewed,,,unassessed,尚未逐条评估证据和适用范围,unassessed,unassessed
a11y,无障碍,programming_model,android,harmonyos,unknown,unreviewed,,,unassessed,尚未逐条评估证据和适用范围,unassessed,unassessed
a11y,无障碍,programming_model,android,ios,unknown,unreviewed,,,unassessed,尚未逐条评估证据和适用范围,unassessed,unassessed
a11y,无障碍,programming_model,harmonyos,ios,unknown,unreviewed,,,unassessed,尚未逐条评估证据和适用范围,unassessed,unassessed
a11y,无障碍,lifecycle_background,android,harmonyos,unknown,unreviewed,,,unassessed,尚未逐条评估证据和适用范围,unassessed,unassessed
a11y,无障碍,lifecycle_background,android,ios,unknown,unreviewed,,,unassessed,尚未逐条评估证据和适用范围,unassessed,unassessed
a11y,无障碍,lifecycle_background,harmonyos,ios,unknown,unreviewed,,,unassessed,尚未逐条评估证据和适用范围,unassessed,unassessed
a11y,无障碍,permissions_privacy,android,harmonyos,unknown,unreviewed,,,unassessed,尚未逐条评估证据和适用范围,unassessed,unassessed
a11y,无障碍,permissions_privacy,android,ios,unknown,unreviewed,,,unassessed,尚未逐条评估证据和适用范围,unassessed,unassessed
a11y,无障碍,permissions_privacy,harmonyos,ios,unknown,unreviewed,,,unassessed,尚未逐条评估证据和适用范围,unassessed,unassessed
a11y,无障碍,limits_precision,android,harmonyos,unknown,unreviewed,,,unassessed,尚未逐条评估证据和适用范围,unassessed,unassessed
a11y,无障碍,limits_precision,android,ios,unknown,unreviewed,,,unassessed,尚未逐条评估证据和适用范围,unassessed,unassessed
a11y,无障碍,limits_precision,harmonyos,ios,unknown,unreviewed,,,unassessed,尚未逐条评估证据和适用范围,unassessed,unassessed
a11y,无障碍,device_forms,android,harmonyos,unknown,unreviewed,,,unassessed,尚未逐条评估证据和适用范围,unassessed,unassessed
a11y,无障碍,device_forms,android,ios,unknown,unreviewed,,,unassessed,尚未逐条评估证据和适用范围,unassessed,unassessed
a11y,无障碍,device_forms,harmonyos,ios,unknown,unreviewed,,,unassessed,尚未逐条评估证据和适用范围,unassessed,unassessed
a11y,无障碍,api_surface,android,harmonyos,unknown,unreviewed,,,unassessed,尚未逐条评估证据和适用范围,unassessed,unassessed
a11y,无障碍,api_surface,android,ios,unknown,unreviewed,,,unassessed,尚未逐条评估证据和适用范围,unassessed,unassessed
a11y,无障碍,api_surface,harmonyos,ios,unknown,unreviewed,,,unassessed,尚未逐条评估证据和适用范围,unassessed,unassessed
a11y.framework,无障碍框架,availability,android,harmonyos,unknown,unreviewed,,,unassessed,尚未逐条评估证据和适用范围,unassessed,unassessed
a11y.framework,无障碍框架,availability,android,ios,unknown,unreviewed,,,unassessed,尚未逐条评估证据和适用范围,unassessed,unassessed
a11y.framework,无障碍框架,availability,harmonyos,ios,unknown,unreviewed,,,unassessed,尚未逐条评估证据和适用范围,unassessed,unassessed
a11y.framework,无障碍框架,programming_model,android,harmonyos,unknown,unreviewed,,,unassessed,尚未逐条评估证据和适用范围,unassessed,unassessed
a11y.framework,无障碍框架,programming_model,android,ios,unknown,unreviewed,,,unassessed,尚未逐条评估证据和适用范围,unassessed,unassessed
a11y.framework,无障碍框架,programming_model,harmonyos,ios,unknown,unreviewed,,,unassessed,尚未逐条评估证据和适用范围,unassessed,unassessed
a11y.framework,无障碍框架,lifecycle_background,android,harmonyos,unknown,unreviewed,,,unassessed,尚未逐条评估证据和适用范围,unassessed,unassessed
a11y.framework,无障碍框架,lifecycle_background,android,ios,unknown,unreviewed,,,unassessed,尚未逐条评估证据和适用范围,unassessed,unassessed
a11y.framework,无障碍框架,lifecycle_background,harmonyos,ios,unknown,unreviewed,,,unassessed,尚未逐条评估证据和适用范围,unassessed,unassessed
a11y.framework,无障碍框架,permissions_privacy,android,harmonyos,unknown,unreviewed,,,unassessed,尚未逐条评估证据和适用范围,unassessed,unassessed
a11y.framework,无障碍框架,permissions_privacy,android,ios,unknown,unreviewed,,,unassessed,尚未逐条评估证据和适用范围,unassessed,unassessed
a11y.framework,无障碍框架,permissions_privacy,harmonyos,ios,unknown,unreviewed,,,unassessed,尚未逐条评估证据和适用范围,unassessed,unassessed
a11y.framework,无障碍框架,limits_precision,android,harmonyos,unknown,unreviewed,,,unassessed,尚未逐条评估证据和适用范围,unassessed,unassessed
a11y.framework,无障碍框架,limits_precision,android,ios,unknown,unreviewed,,,unassessed,尚未逐条评估证据和适用范围,unassessed,unassessed
a11y.framework,无障碍框架,limits_precision,harmonyos,ios,unknown,unreviewed,,,unassessed,尚未逐条评估证据和适用范围,unassessed,unassessed
a11y.framework,无障碍框架,device_forms,android,harmonyos,unknown,unreviewed,,,unassessed,尚未逐条评估证据和适用范围,unassessed,unassessed
a11y.framework,无障碍框架,device_forms,android,ios,unknown,unreviewed,,,unassessed,尚未逐条评估证据和适用范围,unassessed,unassessed
a11y.framework,无障碍框架,device_forms,harmonyos,ios,unknown,unreviewed,,,unassessed,尚未逐条评估证据和适用范围,unassessed,unassessed
a11y.framework,无障碍框架,api_surface,android,harmonyos,unknown,unreviewed,,,unassessed,尚未逐条评估证据和适用范围,unassessed,unassessed
a11y.framework,无障碍框架,api_surface,android,ios,unknown,unreviewed,,,unassessed,尚未逐条评估证据和适用范围,unassessed,unassessed
a11y.framework,无障碍框架,api_surface,harmonyos,ios,unknown,unreviewed,,,unassessed,尚未逐条评估证据和适用范围,unassessed,unassessed
a11y.framework.tree,无障碍树与语义,availability,android,harmonyos,unknown,unreviewed,,,unassessed,尚未逐条评估证据和适用范围,unassessed,unassessed
a11y.framework.tree,无障碍树与语义,availability,android,ios,unknown,unreviewed,,,unassessed,尚未逐条评估证据和适用范围,unassessed,unassessed
a11y.framework.tree,无障碍树与语义,availability,harmonyos,ios,unknown,unreviewed,,,unassessed,尚未逐条评估证据和适用范围,unassessed,unassessed
a11y.framework.tree,无障碍树与语义,programming_model,android,harmonyos,unknown,unreviewed,,,unassessed,尚未逐条评估证据和适用范围,unassessed,unassessed
a11y.framework.tree,无障碍树与语义,programming_model,android,ios,unknown,unreviewed,,,unassessed,尚未逐条评估证据和适用范围,unassessed,unassessed
a11y.framework.tree,无障碍树与语义,programming_model,harmonyos,ios,unknown,unreviewed,,,unassessed,尚未逐条评估证据和适用范围,unassessed,unassessed
a11y.framework.tree,无障碍树与语义,lifecycle_background,android,harmonyos,unknown,unreviewed,,,unassessed,尚未逐条评估证据和适用范围,unassessed,unassessed
a11y.framework.tree,无障碍树与语义,lifecycle_background,android,ios,unknown,unreviewed,,,unassessed,尚未逐条评估证据和适用范围,unassessed,unassessed
a11y.framework.tree,无障碍树与语义,lifecycle_background,harmonyos,ios,unknown,unreviewed,,,unassessed,尚未逐条评估证据和适用范围,unassessed,unassessed
a11y.framework.tree,无障碍树与语义,permissions_privacy,android,harmonyos,unknown,unreviewed,,,unassessed,尚未逐条评估证据和适用范围,unassessed,unassessed
a11y.framework.tree,无障碍树与语义,permissions_privacy,android,ios,unknown,unreviewed,,,unassessed,尚未逐条评估证据和适用范围,unassessed,unassessed
a11y.framework.tree,无障碍树与语义,permissions_privacy,harmonyos,ios,unknown,unreviewed,,,unassessed,尚未逐条评估证据和适用范围,unassessed,unassessed
a11y.framework.tree,无障碍树与语义,limits_precision,android,harmonyos,unknown,unreviewed,,,unassessed,尚未逐条评估证据和适用范围,unassessed,unassessed
a11y.framework.tree,无障碍树与语义,limits_precision,android,ios,unknown,unreviewed,,,unassessed,尚未逐条评估证据和适用范围,unassessed,unassessed
a11y.framework.tree,无障碍树与语义,limits_precision,harmonyos,ios,unknown,unreviewed,,,unassessed,尚未逐条评估证据和适用范围,unassessed,unassessed
a11y.framework.tree,无障碍树与语义,device_forms,android,harmonyos,unknown,unreviewed,,,unassessed,尚未逐条评估证据和适用范围,unassessed,unassessed
a11y.framework.tree,无障碍树与语义,device_forms,android,ios,unknown,unreviewed,,,unassessed,尚未逐条评估证据和适用范围,unassessed,unassessed
a11y.framework.tree,无障碍树与语义,device_forms,harmonyos,ios,unknown,unreviewed,,,unassessed,尚未逐条评估证据和适用范围,unassessed,unassessed
a11y.framework.tree,无障碍树与语义,api_surface,android,harmonyos,unknown,unreviewed,,,unassessed,尚未逐条评估证据和适用范围,unassessed,unassessed
a11y.framework.tree,无障碍树与语义,api_surface,android,ios,unknown,unreviewed,,,unassessed,尚未逐条评估证据和适用范围,unassessed,unassessed
a11y.framework.tree,无障碍树与语义,api_surface,harmonyos,ios,unknown,unreviewed,,,unassessed,尚未逐条评估证据和适用范围,unassessed,unassessed
a11y.service,无障碍服务,availability,android,harmonyos,unknown,unreviewed,,,unassessed,尚未逐条评估证据和适用范围,unassessed,unassessed
a11y.service,无障碍服务,availability,android,ios,unknown,unreviewed,,,unassessed,尚未逐条评估证据和适用范围,unassessed,unassessed
a11y.service,无障碍服务,availability,harmonyos,ios,unknown,unreviewed,,,unassessed,尚未逐条评估证据和适用范围,unassessed,unassessed
a11y.service,无障碍服务,programming_model,android,harmonyos,unknown,unreviewed,,,unassessed,尚未逐条评估证据和适用范围,unassessed,unassessed
a11y.service,无障碍服务,programming_model,android,ios,unknown,unreviewed,,,unassessed,尚未逐条评估证据和适用范围,unassessed,unassessed
a11y.service,无障碍服务,programming_model,harmonyos,ios,unknown,unreviewed,,,unassessed,尚未逐条评估证据和适用范围,unassessed,unassessed
a11y.service,无障碍服务,lifecycle_background,android,harmonyos,unknown,unreviewed,,,unassessed,尚未逐条评估证据和适用范围,unassessed,unassessed
a11y.service,无障碍服务,lifecycle_background,android,ios,unknown,unreviewed,,,unassessed,尚未逐条评估证据和适用范围,unassessed,unassessed
a11y.service,无障碍服务,lifecycle_background,harmonyos,ios,unknown,unreviewed,,,unassessed,尚未逐条评估证据和适用范围,unassessed,unassessed
a11y.service,无障碍服务,permissions_privacy,android,harmonyos,unknown,unreviewed,,,unassessed,尚未逐条评估证据和适用范围,unassessed,unassessed
a11y.service,无障碍服务,permissions_privacy,android,ios,unknown,unreviewed,,,unassessed,尚未逐条评估证据和适用范围,unassessed,unassessed
a11y.service,无障碍服务,permissions_privacy,harmonyos,ios,unknown,unreviewed,,,unassessed,尚未逐条评估证据和适用范围,unassessed,unassessed
a11y.service,无障碍服务,limits_precision,android,harmonyos,unknown,unreviewed,,,unassessed,尚未逐条评估证据和适用范围,unassessed,unassessed
a11y.service,无障碍服务,limits_precision,android,ios,unknown,unreviewed,,,unassessed,尚未逐条评估证据和适用范围,unassessed,unassessed
a11y.service,无障碍服务,limits_precision,harmonyos,ios,unknown,unreviewed,,,unassessed,尚未逐条评估证据和适用范围,unassessed,unassessed
a11y.service,无障碍服务,device_forms,android,harmonyos,unknown,unreviewed,,,unassessed,尚未逐条评估证据和适用范围,unassessed,unassessed
a11y.service,无障碍服务,device_forms,android,ios,unknown,unreviewed,,,unassessed,尚未逐条评估证据和适用范围,unassessed,unassessed
a11y.service,无障碍服务,device_forms,harmonyos,ios,unknown,unreviewed,,,unassessed,尚未逐条评估证据和适用范围,unassessed,unassessed
a11y.service,无障碍服务,api_surface,android,harmonyos,unknown,unreviewed,,,unassessed,尚未逐条评估证据和适用范围,unassessed,unassessed
a11y.service,无障碍服务,api_surface,android,ios,unknown,unreviewed,,,unassessed,尚未逐条评估证据和适用范围,unassessed,unassessed
a11y.service,无障碍服务,api_surface,harmonyos,ios,unknown,unreviewed,,,unassessed,尚未逐条评估证据和适用范围,unassessed,unassessed
a11y.service.extension,无障碍服务扩展,availability,android,harmonyos,unknown,unreviewed,,,unassessed,尚未逐条评估证据和适用范围,unassessed,unassessed
a11y.service.extension,无障碍服务扩展,availability,android,ios,unknown,unreviewed,,,unassessed,尚未逐条评估证据和适用范围,unassessed,unassessed
a11y.service.extension,无障碍服务扩展,availability,harmonyos,ios,unknown,unreviewed,,,unassessed,尚未逐条评估证据和适用范围,unassessed,unassessed
a11y.service.extension,无障碍服务扩展,programming_model,android,harmonyos,unknown,unreviewed,,,unassessed,尚未逐条评估证据和适用范围,unassessed,unassessed
a11y.service.extension,无障碍服务扩展,programming_model,android,ios,unknown,unreviewed,,,unassessed,尚未逐条评估证据和适用范围,unassessed,unassessed
a11y.service.extension,无障碍服务扩展,programming_model,harmonyos,ios,unknown,unreviewed,,,unassessed,尚未逐条评估证据和适用范围,unassessed,unassessed
a11y.service.extension,无障碍服务扩展,lifecycle_background,android,harmonyos,unknown,unreviewed,,,unassessed,尚未逐条评估证据和适用范围,unassessed,unassessed
a11y.service.extension,无障碍服务扩展,lifecycle_background,android,ios,unknown,unreviewed,,,unassessed,尚未逐条评估证据和适用范围,unassessed,unassessed
a11y.service.extension,无障碍服务扩展,lifecycle_background,harmonyos,ios,unknown,unreviewed,,,unassessed,尚未逐条评估证据和适用范围,unassessed,unassessed
a11y.service.extension,无障碍服务扩展,permissions_privacy,android,harmonyos,unknown,unreviewed,,,unassessed,尚未逐条评估证据和适用范围,unassessed,unassessed
a11y.service.extension,无障碍服务扩展,permissions_privacy,android,ios,unknown,unreviewed,,,unassessed,尚未逐条评估证据和适用范围,unassessed,unassessed
a11y.service.extension,无障碍服务扩展,permissions_privacy,harmonyos,ios,unknown,unreviewed,,,unassessed,尚未逐条评估证据和适用范围,unassessed,unassessed
a11y.service.extension,无障碍服务扩展,limits_precision,android,harmonyos,unknown,unreviewed,,,unassessed,尚未逐条评估证据和适用范围,unassessed,unassessed
a11y.service.extension,无障碍服务扩展,limits_precision,android,ios,unknown,unreviewed,,,unassessed,尚未逐条评估证据和适用范围,unassessed,unassessed
a11y.service.extension,无障碍服务扩展,limits_precision,harmonyos,ios,unknown,unreviewed,,,unassessed,尚未逐条评估证据和适用范围,unassessed,unassessed
a11y.service.extension,无障碍服务扩展,device_forms,android,harmonyos,unknown,unreviewed,,,unassessed,尚未逐条评估证据和适用范围,unassessed,unassessed
a11y.service.extension,无障碍服务扩展,device_forms,android,ios,unknown,unreviewed,,,unassessed,尚未逐条评估证据和适用范围,unassessed,unassessed
a11y.service.extension,无障碍服务扩展,device_forms,harmonyos,ios,unknown,unreviewed,,,unassessed,尚未逐条评估证据和适用范围,unassessed,unassessed
a11y.service.extension,无障碍服务扩展,api_surface,android,harmonyos,unknown,unreviewed,,,unassessed,尚未逐条评估证据和适用范围,unassessed,unassessed
a11y.service.extension,无障碍服务扩展,api_surface,android,ios,unknown,unreviewed,,,unassessed,尚未逐条评估证据和适用范围,unassessed,unassessed
a11y.service.extension,无障碍服务扩展,api_surface,harmonyos,ios,unknown,unreviewed,,,unassessed,尚未逐条评估证据和适用范围,unassessed,unassessed
ai,AI与智能,availability,android,harmonyos,unknown,unreviewed,,,unassessed,尚未逐条评估证据和适用范围,unassessed,unassessed
ai,AI与智能,availability,android,ios,unknown,unreviewed,,,unassessed,尚未逐条评估证据和适用范围,unassessed,unassessed
ai,AI与智能,availability,harmonyos,ios,unknown,unreviewed,,,unassessed,尚未逐条评估证据和适用范围,unassessed,unassessed
ai,AI与智能,programming_model,android,harmonyos,unknown,unreviewed,,,unassessed,尚未逐条评估证据和适用范围,unassessed,unassessed
ai,AI与智能,programming_model,android,ios,unknown,unreviewed,,,unassessed,尚未逐条评估证据和适用范围,unassessed,unassessed
ai,AI与智能,programming_model,harmonyos,ios,unknown,unreviewed,,,unassessed,尚未逐条评估证据和适用范围,unassessed,unassessed
ai,AI与智能,lifecycle_background,android,harmonyos,unknown,unreviewed,,,unassessed,尚未逐条评估证据和适用范围,unassessed,unassessed
ai,AI与智能,lifecycle_background,android,ios,unknown,unreviewed,,,unassessed,尚未逐条评估证据和适用范围,unassessed,unassessed
ai,AI与智能,lifecycle_background,harmonyos,ios,unknown,unreviewed,,,unassessed,尚未逐条评估证据和适用范围,unassessed,unassessed
ai,AI与智能,permissions_privacy,android,harmonyos,unknown,unreviewed,,,unassessed,尚未逐条评估证据和适用范围,unassessed,unassessed
ai,AI与智能,permissions_privacy,android,ios,unknown,unreviewed,,,unassessed,尚未逐条评估证据和适用范围,unassessed,unassessed
ai,AI与智能,permissions_privacy,harmonyos,ios,unknown,unreviewed,,,unassessed,尚未逐条评估证据和适用范围,unassessed,unassessed
ai,AI与智能,limits_precision,android,harmonyos,unknown,unreviewed,,,unassessed,尚未逐条评估证据和适用范围,unassessed,unassessed
ai,AI与智能,limits_precision,android,ios,unknown,unreviewed,,,unassessed,尚未逐条评估证据和适用范围,unassessed,unassessed
ai,AI与智能,limits_precision,harmonyos,ios,unknown,unreviewed,,,unassessed,尚未逐条评估证据和适用范围,unassessed,unassessed
ai,AI与智能,device_forms,android,harmonyos,unknown,unreviewed,,,unassessed,尚未逐条评估证据和适用范围,unassessed,unassessed
ai,AI与智能,device_forms,android,ios,unknown,unreviewed,,,unassessed,尚未逐条评估证据和适用范围,unassessed,unassessed
ai,AI与智能,device_forms,harmonyos,ios,unknown,unreviewed,,,unassessed,尚未逐条评估证据和适用范围,unassessed,unassessed
ai,AI与智能,api_surface,android,harmonyos,unknown,unreviewed,,,unassessed,尚未逐条评估证据和适用范围,unassessed,unassessed
ai,AI与智能,api_surface,android,ios,unknown,unreviewed,,,unassessed,尚未逐条评估证据和适用范围,unassessed,unassessed
ai,AI与智能,api_surface,harmonyos,ios,unknown,unreviewed,,,unassessed,尚未逐条评估证据和适用范围,unassessed,unassessed
ai.on_device,端侧推理,availability,android,harmonyos,unknown,unreviewed,,,unassessed,尚未逐条评估证据和适用范围,unassessed,unassessed
ai.on_device,端侧推理,availability,android,ios,unknown,unreviewed,,,unassessed,尚未逐条评估证据和适用范围,unassessed,unassessed
ai.on_device,端侧推理,availability,harmonyos,ios,unknown,unreviewed,,,unassessed,尚未逐条评估证据和适用范围,unassessed,unassessed
ai.on_device,端侧推理,programming_model,android,harmonyos,unknown,unreviewed,,,unassessed,尚未逐条评估证据和适用范围,unassessed,unassessed
ai.on_device,端侧推理,programming_model,android,ios,unknown,unreviewed,,,unassessed,尚未逐条评估证据和适用范围,unassessed,unassessed
ai.on_device,端侧推理,programming_model,harmonyos,ios,unknown,unreviewed,,,unassessed,尚未逐条评估证据和适用范围,unassessed,unassessed
ai.on_device,端侧推理,lifecycle_background,android,harmonyos,unknown,unreviewed,,,unassessed,尚未逐条评估证据和适用范围,unassessed,unassessed
ai.on_device,端侧推理,lifecycle_background,android,ios,unknown,unreviewed,,,unassessed,尚未逐条评估证据和适用范围,unassessed,unassessed
ai.on_device,端侧推理,lifecycle_background,harmonyos,ios,unknown,unreviewed,,,unassessed,尚未逐条评估证据和适用范围,unassessed,unassessed
ai.on_device,端侧推理,permissions_privacy,android,harmonyos,unknown,unreviewed,,,unassessed,尚未逐条评估证据和适用范围,unassessed,unassessed
ai.on_device,端侧推理,permissions_privacy,android,ios,unknown,unreviewed,,,unassessed,尚未逐条评估证据和适用范围,unassessed,unassessed
ai.on_device,端侧推理,permissions_privacy,harmonyos,ios,unknown,unreviewed,,,unassessed,尚未逐条评估证据和适用范围,unassessed,unassessed
ai.on_device,端侧推理,limits_precision,android,harmonyos,unknown,unreviewed,,,unassessed,尚未逐条评估证据和适用范围,unassessed,unassessed
ai.on_device,端侧推理,limits_precision,android,ios,unknown,unreviewed,,,unassessed,尚未逐条评估证据和适用范围,unassessed,unassessed
ai.on_device,端侧推理,limits_precision,harmonyos,ios,unknown,unreviewed,,,unassessed,尚未逐条评估证据和适用范围,unassessed,unassessed
ai.on_device,端侧推理,device_forms,android,harmonyos,unknown,unreviewed,,,unassessed,尚未逐条评估证据和适用范围,unassessed,unassessed
ai.on_device,端侧推理,device_forms,android,ios,unknown,unreviewed,,,unassessed,尚未逐条评估证据和适用范围,unassessed,unassessed
ai.on_device,端侧推理,device_forms,harmonyos,ios,unknown,unreviewed,,,unassessed,尚未逐条评估证据和适用范围,unassessed,unassessed
ai.on_device,端侧推理,api_surface,android,harmonyos,unknown,unreviewed,,,unassessed,尚未逐条评估证据和适用范围,unassessed,unassessed
ai.on_device,端侧推理,api_surface,android,ios,unknown,unreviewed,,,unassessed,尚未逐条评估证据和适用范围,unassessed,unassessed
ai.on_device,端侧推理,api_surface,harmonyos,ios,unknown,unreviewed,,,unassessed,尚未逐条评估证据和适用范围,unassessed,unassessed
ai.on_device.runtime,端侧ML运行时,availability,android,harmonyos,unknown,unreviewed,,,unassessed,尚未逐条评估证据和适用范围,unassessed,unassessed
ai.on_device.runtime,端侧ML运行时,availability,android,ios,unknown,unreviewed,,,unassessed,尚未逐条评估证据和适用范围,unassessed,unassessed
ai.on_device.runtime,端侧ML运行时,availability,harmonyos,ios,unknown,unreviewed,,,unassessed,尚未逐条评估证据和适用范围,unassessed,unassessed
ai.on_device.runtime,端侧ML运行时,programming_model,android,harmonyos,unknown,unreviewed,,,unassessed,尚未逐条评估证据和适用范围,unassessed,unassessed
ai.on_device.runtime,端侧ML运行时,programming_model,android,ios,unknown,unreviewed,,,unassessed,尚未逐条评估证据和适用范围,unassessed,unassessed
ai.on_device.runtime,端侧ML运行时,programming_model,harmonyos,ios,unknown,unreviewed,,,unassessed,尚未逐条评估证据和适用范围,unassessed,unassessed
ai.on_device.runtime,端侧ML运行时,lifecycle_background,android,harmonyos,unknown,unreviewed,,,unassessed,尚未逐条评估证据和适用范围,unassessed,unassessed
ai.on_device.runtime,端侧ML运行时,lifecycle_background,android,ios,unknown,unreviewed,,,unassessed,尚未逐条评估证据和适用范围,unassessed,unassessed
ai.on_device.runtime,端侧ML运行时,lifecycle_background,harmonyos,ios,unknown,unreviewed,,,unassessed,尚未逐条评估证据和适用范围,unassessed,unassessed
ai.on_device.runtime,端侧ML运行时,permissions_privacy,android,harmonyos,unknown,unreviewed,,,unassessed,尚未逐条评估证据和适用范围,unassessed,unassessed
ai.on_device.runtime,端侧ML运行时,permissions_privacy,android,ios,unknown,unreviewed,,,unassessed,尚未逐条评估证据和适用范围,unassessed,unassessed
ai.on_device.runtime,端侧ML运行时,permissions_privacy,harmonyos,ios,unknown,unreviewed,,,unassessed,尚未逐条评估证据和适用范围,unassessed,unassessed
ai.on_device.runtime,端侧ML运行时,limits_precision,android,harmonyos,unknown,unreviewed,,,unassessed,尚未逐条评估证据和适用范围,unassessed,unassessed
ai.on_device.runtime,端侧ML运行时,limits_precision,android,ios,unknown,unreviewed,,,unassessed,尚未逐条评估证据和适用范围,unassessed,unassessed
ai.on_device.runtime,端侧ML运行时,limits_precision,harmonyos,ios,unknown,unreviewed,,,unassessed,尚未逐条评估证据和适用范围,unassessed,unassessed
ai.on_device.runtime,端侧ML运行时,device_forms,android,harmonyos,unknown,unreviewed,,,unassessed,尚未逐条评估证据和适用范围,unassessed,unassessed
ai.on_device.runtime,端侧ML运行时,device_forms,android,ios,unknown,unreviewed,,,unassessed,尚未逐条评估证据和适用范围,unassessed,unassessed
ai.on_device.runtime,端侧ML运行时,device_forms,harmonyos,ios,unknown,unreviewed,,,unassessed,尚未逐条评估证据和适用范围,unassessed,unassessed
ai.on_device.runtime,端侧ML运行时,api_surface,android,harmonyos,unknown,unreviewed,,,unassessed,尚未逐条评估证据和适用范围,unassessed,unassessed
ai.on_device.runtime,端侧ML运行时,api_surface,android,ios,unknown,unreviewed,,,unassessed,尚未逐条评估证据和适用范围,unassessed,unassessed
ai.on_device.runtime,端侧ML运行时,api_surface,harmonyos,ios,unknown,unreviewed,,,unassessed,尚未逐条评估证据和适用范围,unassessed,unassessed
ai.system,系统智能,availability,android,harmonyos,unknown,unreviewed,,,unassessed,尚未逐条评估证据和适用范围,unassessed,unassessed
ai.system,系统智能,availability,android,ios,unknown,unreviewed,,,unassessed,尚未逐条评估证据和适用范围,unassessed,unassessed
ai.system,系统智能,availability,harmonyos,ios,unknown,unreviewed,,,unassessed,尚未逐条评估证据和适用范围,unassessed,unassessed
ai.system,系统智能,programming_model,android,harmonyos,unknown,unreviewed,,,unassessed,尚未逐条评估证据和适用范围,unassessed,unassessed
ai.system,系统智能,programming_model,android,ios,unknown,unreviewed,,,unassessed,尚未逐条评估证据和适用范围,unassessed,unassessed
ai.system,系统智能,programming_model,harmonyos,ios,unknown,unreviewed,,,unassessed,尚未逐条评估证据和适用范围,unassessed,unassessed
ai.system,系统智能,lifecycle_background,android,harmonyos,unknown,unreviewed,,,unassessed,尚未逐条评估证据和适用范围,unassessed,unassessed
ai.system,系统智能,lifecycle_background,android,ios,unknown,unreviewed,,,unassessed,尚未逐条评估证据和适用范围,unassessed,unassessed
ai.system,系统智能,lifecycle_background,harmonyos,ios,unknown,unreviewed,,,unassessed,尚未逐条评估证据和适用范围,unassessed,unassessed
ai.system,系统智能,permissions_privacy,android,harmonyos,unknown,unreviewed,,,unassessed,尚未逐条评估证据和适用范围,unassessed,unassessed
ai.system,系统智能,permissions_privacy,android,ios,unknown,unreviewed,,,unassessed,尚未逐条评估证据和适用范围,unassessed,unassessed
ai.system,系统智能,permissions_privacy,harmonyos,ios,unknown,unreviewed,,,unassessed,尚未逐条评估证据和适用范围,unassessed,unassessed
ai.system,系统智能,limits_precision,android,harmonyos,unknown,unreviewed,,,unassessed,尚未逐条评估证据和适用范围,unassessed,unassessed
ai.system,系统智能,limits_precision,android,ios,unknown,unreviewed,,,unassessed,尚未逐条评估证据和适用范围,unassessed,unassessed
ai.system,系统智能,limits_precision,harmonyos,ios,unknown,unreviewed,,,unassessed,尚未逐条评估证据和适用范围,unassessed,unassessed
ai.system,系统智能,device_forms,android,harmonyos,unknown,unreviewed,,,unassessed,尚未逐条评估证据和适用范围,unassessed,unassessed
ai.system,系统智能,device_forms,android,ios,unknown,unreviewed,,,unassessed,尚未逐条评估证据和适用范围,unassessed,unassessed
ai.system,系统智能,device_forms,harmonyos,ios,unknown,unreviewed,,,unassessed,尚未逐条评估证据和适用范围,unassessed,unassessed
ai.system,系统智能,api_surface,android,harmonyos,unknown,unreviewed,,,unassessed,尚未逐条评估证据和适用范围,unassessed,unassessed
ai.system,系统智能,api_surface,android,ios,unknown,unreviewed,,,unassessed,尚未逐条评估证据和适用范围,unassessed,unassessed
ai.system,系统智能,api_surface,harmonyos,ios,unknown,unreviewed,,,unassessed,尚未逐条评估证据和适用范围,unassessed,unassessed
ai.system.suggestions,系统智能建议,availability,android,harmonyos,unknown,unreviewed,,,unassessed,尚未逐条评估证据和适用范围,unassessed,unassessed
ai.system.suggestions,系统智能建议,availability,android,ios,unknown,unreviewed,,,unassessed,尚未逐条评估证据和适用范围,unassessed,unassessed
ai.system.suggestions,系统智能建议,availability,harmonyos,ios,unknown,unreviewed,,,unassessed,尚未逐条评估证据和适用范围,unassessed,unassessed
ai.system.suggestions,系统智能建议,programming_model,android,harmonyos,unknown,unreviewed,,,unassessed,尚未逐条评估证据和适用范围,unassessed,unassessed
ai.system.suggestions,系统智能建议,programming_model,android,ios,unknown,unreviewed,,,unassessed,尚未逐条评估证据和适用范围,unassessed,unassessed
ai.system.suggestions,系统智能建议,programming_model,harmonyos,ios,unknown,unreviewed,,,unassessed,尚未逐条评估证据和适用范围,unassessed,unassessed
ai.system.suggestions,系统智能建议,lifecycle_background,android,harmonyos,unknown,unreviewed,,,unassessed,尚未逐条评估证据和适用范围,unassessed,unassessed
ai.system.suggestions,系统智能建议,lifecycle_background,android,ios,unknown,unreviewed,,,unassessed,尚未逐条评估证据和适用范围,unassessed,unassessed
ai.system.suggestions,系统智能建议,lifecycle_background,harmonyos,ios,unknown,unreviewed,,,unassessed,尚未逐条评估证据和适用范围,unassessed,unassessed
ai.system.suggestions,系统智能建议,permissions_privacy,android,harmonyos,unknown,unreviewed,,,unassessed,尚未逐条评估证据和适用范围,unassessed,unassessed
ai.system.suggestions,系统智能建议,permissions_privacy,android,ios,unknown,unreviewed,,,unassessed,尚未逐条评估证据和适用范围,unassessed,unassessed
ai.system.suggestions,系统智能建议,permissions_privacy,harmonyos,ios,unknown,unreviewed,,,unassessed,尚未逐条评估证据和适用范围,unassessed,unassessed
ai.system.suggestions,系统智能建议,limits_precision,android,harmonyos,unknown,unreviewed,,,unassessed,尚未逐条评估证据和适用范围,unassessed,unassessed
ai.system.suggestions,系统智能建议,limits_precision,android,ios,unknown,unreviewed,,,unassessed,尚未逐条评估证据和适用范围,unassessed,unassessed
ai.system.suggestions,系统智能建议,limits_precision,harmonyos,ios,unknown,unreviewed,,,unassessed,尚未逐条评估证据和适用范围,unassessed,unassessed
ai.system.suggestions,系统智能建议,device_forms,android,harmonyos,unknown,unreviewed,,,unassessed,尚未逐条评估证据和适用范围,unassessed,unassessed
ai.system.suggestions,系统智能建议,device_forms,android,ios,unknown,unreviewed,,,unassessed,尚未逐条评估证据和适用范围,unassessed,unassessed
ai.system.suggestions,系统智能建议,device_forms,harmonyos,ios,unknown,unreviewed,,,unassessed,尚未逐条评估证据和适用范围,unassessed,unassessed
ai.system.suggestions,系统智能建议,api_surface,android,harmonyos,unknown,unreviewed,,,unassessed,尚未逐条评估证据和适用范围,unassessed,unassessed
ai.system.suggestions,系统智能建议,api_surface,android,ios,unknown,unreviewed,,,unassessed,尚未逐条评估证据和适用范围,unassessed,unassessed
ai.system.suggestions,系统智能建议,api_surface,harmonyos,ios,unknown,unreviewed,,,unassessed,尚未逐条评估证据和适用范围,unassessed,unassessed
app,应用模型,availability,android,harmonyos,unknown,unreviewed,,,unassessed,尚未逐条评估证据和适用范围,unassessed,unassessed
app,应用模型,availability,android,ios,unknown,unreviewed,,,unassessed,尚未逐条评估证据和适用范围,unassessed,unassessed
app,应用模型,availability,harmonyos,ios,unknown,unreviewed,,,unassessed,尚未逐条评估证据和适用范围,unassessed,unassessed
app,应用模型,programming_model,android,harmonyos,unknown,unreviewed,,,unassessed,尚未逐条评估证据和适用范围,unassessed,unassessed
app,应用模型,programming_model,android,ios,unknown,unreviewed,,,unassessed,尚未逐条评估证据和适用范围,unassessed,unassessed
app,应用模型,programming_model,harmonyos,ios,unknown,unreviewed,,,unassessed,尚未逐条评估证据和适用范围,unassessed,unassessed
app,应用模型,lifecycle_background,android,harmonyos,unknown,unreviewed,,,unassessed,尚未逐条评估证据和适用范围,unassessed,unassessed
app,应用模型,lifecycle_background,android,ios,unknown,unreviewed,,,unassessed,尚未逐条评估证据和适用范围,unassessed,unassessed
app,应用模型,lifecycle_background,harmonyos,ios,unknown,unreviewed,,,unassessed,尚未逐条评估证据和适用范围,unassessed,unassessed
app,应用模型,permissions_privacy,android,harmonyos,unknown,unreviewed,,,unassessed,尚未逐条评估证据和适用范围,unassessed,unassessed
app,应用模型,permissions_privacy,android,ios,unknown,unreviewed,,,unassessed,尚未逐条评估证据和适用范围,unassessed,unassessed
app,应用模型,permissions_privacy,harmonyos,ios,unknown,unreviewed,,,unassessed,尚未逐条评估证据和适用范围,unassessed,unassessed
app,应用模型,limits_precision,android,harmonyos,unknown,unreviewed,,,unassessed,尚未逐条评估证据和适用范围,unassessed,unassessed
app,应用模型,limits_precision,android,ios,unknown,unreviewed,,,unassessed,尚未逐条评估证据和适用范围,unassessed,unassessed
app,应用模型,limits_precision,harmonyos,ios,unknown,unreviewed,,,unassessed,尚未逐条评估证据和适用范围,unassessed,unassessed
app,应用模型,device_forms,android,harmonyos,unknown,unreviewed,,,unassessed,尚未逐条评估证据和适用范围,unassessed,unassessed
app,应用模型,device_forms,android,ios,unknown,unreviewed,,,unassessed,尚未逐条评估证据和适用范围,unassessed,unassessed
app,应用模型,device_forms,harmonyos,ios,unknown,unreviewed,,,unassessed,尚未逐条评估证据和适用范围,unassessed,unassessed
app,应用模型,api_surface,android,harmonyos,unknown,unreviewed,,,unassessed,尚未逐条评估证据和适用范围,unassessed,unassessed
app,应用模型,api_surface,android,ios,unknown,unreviewed,,,unassessed,尚未逐条评估证据和适用范围,unassessed,unassessed
app,应用模型,api_surface,harmonyos,ios,unknown,unreviewed,,,unassessed,尚未逐条评估证据和适用范围,unassessed,unassessed
app.background,后台执行,availability,android,harmonyos,unknown,unreviewed,,,unassessed,尚未逐条评估证据和适用范围,unassessed,unassessed
app.background,后台执行,availability,android,ios,unknown,unreviewed,,,unassessed,尚未逐条评估证据和适用范围,unassessed,unassessed
app.background,后台执行,availability,harmonyos,ios,unknown,unreviewed,,,unassessed,尚未逐条评估证据和适用范围,unassessed,unassessed
app.background,后台执行,programming_model,android,harmonyos,unknown,unreviewed,,,unassessed,尚未逐条评估证据和适用范围,unassessed,unassessed
app.background,后台执行,programming_model,android,ios,unknown,unreviewed,,,unassessed,尚未逐条评估证据和适用范围,unassessed,unassessed
app.background,后台执行,programming_model,harmonyos,ios,unknown,unreviewed,,,unassessed,尚未逐条评估证据和适用范围,unassessed,unassessed
app.background,后台执行,lifecycle_background,android,harmonyos,unknown,unreviewed,,,unassessed,尚未逐条评估证据和适用范围,unassessed,unassessed
app.background,后台执行,lifecycle_background,android,ios,unknown,unreviewed,,,unassessed,尚未逐条评估证据和适用范围,unassessed,unassessed
app.background,后台执行,lifecycle_background,harmonyos,ios,unknown,unreviewed,,,unassessed,尚未逐条评估证据和适用范围,unassessed,unassessed
app.background,后台执行,permissions_privacy,android,harmonyos,unknown,unreviewed,,,unassessed,尚未逐条评估证据和适用范围,unassessed,unassessed
app.background,后台执行,permissions_privacy,android,ios,unknown,unreviewed,,,unassessed,尚未逐条评估证据和适用范围,unassessed,unassessed
app.background,后台执行,permissions_privacy,harmonyos,ios,unknown,unreviewed,,,unassessed,尚未逐条评估证据和适用范围,unassessed,unassessed
app.background,后台执行,limits_precision,android,harmonyos,unknown,unreviewed,,,unassessed,尚未逐条评估证据和适用范围,unassessed,unassessed
app.background,后台执行,limits_precision,android,ios,unknown,unreviewed,,,unassessed,尚未逐条评估证据和适用范围,unassessed,unassessed
app.background,后台执行,limits_precision,harmonyos,ios,unknown,unreviewed,,,unassessed,尚未逐条评估证据和适用范围,unassessed,unassessed
app.background,后台执行,device_forms,android,harmonyos,unknown,unreviewed,,,unassessed,尚未逐条评估证据和适用范围,unassessed,unassessed
app.background,后台执行,device_forms,android,ios,unknown,unreviewed,,,unassessed,尚未逐条评估证据和适用范围,unassessed,unassessed
app.background,后台执行,device_forms,harmonyos,ios,unknown,unreviewed,,,unassessed,尚未逐条评估证据和适用范围,unassessed,unassessed
app.background,后台执行,api_surface,android,harmonyos,unknown,unreviewed,,,unassessed,尚未逐条评估证据和适用范围,unassessed,unassessed
app.background,后台执行,api_surface,android,ios,unknown,unreviewed,,,unassessed,尚未逐条评估证据和适用范围,unassessed,unassessed
app.background,后台执行,api_surface,harmonyos,ios,unknown,unreviewed,,,unassessed,尚未逐条评估证据和适用范围,unassessed,unassessed
app.background.deferred_work,延迟与条件任务,availability,android,harmonyos,unknown,unreviewed,,,unassessed,尚未逐条评估证据和适用范围,unassessed,unassessed
app.background.deferred_work,延迟与条件任务,availability,android,ios,unknown,unreviewed,,,unassessed,尚未逐条评估证据和适用范围,unassessed,unassessed
app.background.deferred_work,延迟与条件任务,availability,harmonyos,ios,unknown,unreviewed,,,unassessed,尚未逐条评估证据和适用范围,unassessed,unassessed
app.background.deferred_work,延迟与条件任务,programming_model,android,harmonyos,unknown,unreviewed,,,unassessed,尚未逐条评估证据和适用范围,unassessed,unassessed
app.background.deferred_work,延迟与条件任务,programming_model,android,ios,unknown,unreviewed,,,unassessed,尚未逐条评估证据和适用范围,unassessed,unassessed
app.background.deferred_work,延迟与条件任务,programming_model,harmonyos,ios,unknown,unreviewed,,,unassessed,尚未逐条评估证据和适用范围,unassessed,unassessed
app.background.deferred_work,延迟与条件任务,lifecycle_background,android,harmonyos,unknown,unreviewed,,,unassessed,尚未逐条评估证据和适用范围,unassessed,unassessed
app.background.deferred_work,延迟与条件任务,lifecycle_background,android,ios,unknown,unreviewed,,,unassessed,尚未逐条评估证据和适用范围,unassessed,unassessed
app.background.deferred_work,延迟与条件任务,lifecycle_background,harmonyos,ios,unknown,unreviewed,,,unassessed,尚未逐条评估证据和适用范围,unassessed,unassessed
app.background.deferred_work,延迟与条件任务,permissions_privacy,android,harmonyos,unknown,unreviewed,,,unassessed,尚未逐条评估证据和适用范围,unassessed,unassessed
app.background.deferred_work,延迟与条件任务,permissions_privacy,android,ios,unknown,unreviewed,,,unassessed,尚未逐条评估证据和适用范围,unassessed,unassessed
app.background.deferred_work,延迟与条件任务,permissions_privacy,harmonyos,ios,unknown,unreviewed,,,unassessed,尚未逐条评估证据和适用范围,unassessed,unassessed
app.background.deferred_work,延迟与条件任务,limits_precision,android,harmonyos,unknown,unreviewed,,,unassessed,尚未逐条评估证据和适用范围,unassessed,unassessed
app.background.deferred_work,延迟与条件任务,limits_precision,android,ios,unknown,unreviewed,,,unassessed,尚未逐条评估证据和适用范围,unassessed,unassessed
app.background.deferred_work,延迟与条件任务,limits_precision,harmonyos,ios,unknown,unreviewed,,,unassessed,尚未逐条评估证据和适用范围,unassessed,unassessed
app.background.deferred_work,延迟与条件任务,device_forms,android,harmonyos,unknown,unreviewed,,,unassessed,尚未逐条评估证据和适用范围,unassessed,unassessed
app.background.deferred_work,延迟与条件任务,device_forms,android,ios,unknown,unreviewed,,,unassessed,尚未逐条评估证据和适用范围,unassessed,unassessed
app.background.deferred_work,延迟与条件任务,device_forms,harmonyos,ios,unknown,unreviewed,,,unassessed,尚未逐条评估证据和适用范围,unassessed,unassessed
app.background.deferred_work,延迟与条件任务,api_surface,android,harmonyos,unknown,unreviewed,,,unassessed,尚未逐条评估证据和适用范围,unassessed,unassessed
app.background.deferred_work,延迟与条件任务,api_surface,android,ios,unknown,unreviewed,,,unassessed,尚未逐条评估证据和适用范围,unassessed,unassessed
app.background.deferred_work,延迟与条件任务,api_surface,harmonyos,ios,unknown,unreviewed,,,unassessed,尚未逐条评估证据和适用范围,unassessed,unassessed
app.background.foreground_task,前台长时任务,availability,android,harmonyos,unknown,unreviewed,,,unassessed,尚未逐条评估证据和适用范围,unassessed,unassessed
app.background.foreground_task,前台长时任务,availability,android,ios,unknown,unreviewed,,,unassessed,尚未逐条评估证据和适用范围,unassessed,unassessed
app.background.foreground_task,前台长时任务,availability,harmonyos,ios,unknown,unreviewed,,,unassessed,尚未逐条评估证据和适用范围,unassessed,unassessed
app.background.foreground_task,前台长时任务,programming_model,android,harmonyos,unknown,unreviewed,,,unassessed,尚未逐条评估证据和适用范围,unassessed,unassessed
app.background.foreground_task,前台长时任务,programming_model,android,ios,unknown,unreviewed,,,unassessed,尚未逐条评估证据和适用范围,unassessed,unassessed
app.background.foreground_task,前台长时任务,programming_model,harmonyos,ios,unknown,unreviewed,,,unassessed,尚未逐条评估证据和适用范围,unassessed,unassessed
app.background.foreground_task,前台长时任务,lifecycle_background,android,harmonyos,unknown,unreviewed,,,unassessed,尚未逐条评估证据和适用范围,unassessed,unassessed
app.background.foreground_task,前台长时任务,lifecycle_background,android,ios,unknown,unreviewed,,,unassessed,尚未逐条评估证据和适用范围,unassessed,unassessed
app.background.foreground_task,前台长时任务,lifecycle_background,harmonyos,ios,unknown,unreviewed,,,unassessed,尚未逐条评估证据和适用范围,unassessed,unassessed
app.background.foreground_task,前台长时任务,permissions_privacy,android,harmonyos,unknown,unreviewed,,,unassessed,尚未逐条评估证据和适用范围,unassessed,unassessed
app.background.foreground_task,前台长时任务,permissions_privacy,android,ios,unknown,unreviewed,,,unassessed,尚未逐条评估证据和适用范围,unassessed,unassessed
app.background.foreground_task,前台长时任务,permissions_privacy,harmonyos,ios,unknown,unreviewed,,,unassessed,尚未逐条评估证据和适用范围,unassessed,unassessed
app.background.foreground_task,前台长时任务,limits_precision,android,harmonyos,unknown,unreviewed,,,unassessed,尚未逐条评估证据和适用范围,unassessed,unassessed
app.background.foreground_task,前台长时任务,limits_precision,android,ios,unknown,unreviewed,,,unassessed,尚未逐条评估证据和适用范围,unassessed,unassessed
app.background.foreground_task,前台长时任务,limits_precision,harmonyos,ios,unknown,unreviewed,,,unassessed,尚未逐条评估证据和适用范围,unassessed,unassessed
app.background.foreground_task,前台长时任务,device_forms,android,harmonyos,unknown,unreviewed,,,unassessed,尚未逐条评估证据和适用范围,unassessed,unassessed
app.background.foreground_task,前台长时任务,device_forms,android,ios,unknown,unreviewed,,,unassessed,尚未逐条评估证据和适用范围,unassessed,unassessed
app.background.foreground_task,前台长时任务,device_forms,harmonyos,ios,unknown,unreviewed,,,unassessed,尚未逐条评估证据和适用范围,unassessed,unassessed
app.background.foreground_task,前台长时任务,api_surface,android,harmonyos,unknown,unreviewed,,,unassessed,尚未逐条评估证据和适用范围,unassessed,unassessed
app.background.foreground_task,前台长时任务,api_surface,android,ios,unknown,unreviewed,,,unassessed,尚未逐条评估证据和适用范围,unassessed,unassessed
app.background.foreground_task,前台长时任务,api_surface,harmonyos,ios,unknown,unreviewed,,,unassessed,尚未逐条评估证据和适用范围,unassessed,unassessed
app.desktop,桌面能力,availability,android,harmonyos,unknown,unreviewed,,,unassessed,尚未逐条评估证据和适用范围,unassessed,unassessed
app.desktop,桌面能力,availability,android,ios,unknown,unreviewed,,,unassessed,尚未逐条评估证据和适用范围,unassessed,unassessed
app.desktop,桌面能力,availability,harmonyos,ios,unknown,unreviewed,,,unassessed,尚未逐条评估证据和适用范围,unassessed,unassessed
app.desktop,桌面能力,programming_model,android,harmonyos,unknown,unreviewed,,,unassessed,尚未逐条评估证据和适用范围,unassessed,unassessed
app.desktop,桌面能力,programming_model,android,ios,unknown,unreviewed,,,unassessed,尚未逐条评估证据和适用范围,unassessed,unassessed
app.desktop,桌面能力,programming_model,harmonyos,ios,unknown,unreviewed,,,unassessed,尚未逐条评估证据和适用范围,unassessed,unassessed
app.desktop,桌面能力,lifecycle_background,android,harmonyos,unknown,unreviewed,,,unassessed,尚未逐条评估证据和适用范围,unassessed,unassessed
app.desktop,桌面能力,lifecycle_background,android,ios,unknown,unreviewed,,,unassessed,尚未逐条评估证据和适用范围,unassessed,unassessed
app.desktop,桌面能力,lifecycle_background,harmonyos,ios,unknown,unreviewed,,,unassessed,尚未逐条评估证据和适用范围,unassessed,unassessed
app.desktop,桌面能力,permissions_privacy,android,harmonyos,unknown,unreviewed,,,unassessed,尚未逐条评估证据和适用范围,unassessed,unassessed
app.desktop,桌面能力,permissions_privacy,android,ios,unknown,unreviewed,,,unassessed,尚未逐条评估证据和适用范围,unassessed,unassessed
app.desktop,桌面能力,permissions_privacy,harmonyos,ios,unknown,unreviewed,,,unassessed,尚未逐条评估证据和适用范围,unassessed,unassessed
app.desktop,桌面能力,limits_precision,android,harmonyos,unknown,unreviewed,,,unassessed,尚未逐条评估证据和适用范围,unassessed,unassessed
app.desktop,桌面能力,limits_precision,android,ios,unknown,unreviewed,,,unassessed,尚未逐条评估证据和适用范围,unassessed,unassessed
app.desktop,桌面能力,limits_precision,harmonyos,ios,unknown,unreviewed,,,unassessed,尚未逐条评估证据和适用范围,unassessed,unassessed
app.desktop,桌面能力,device_forms,android,harmonyos,unknown,unreviewed,,,unassessed,尚未逐条评估证据和适用范围,unassessed,unassessed
app.desktop,桌面能力,device_forms,android,ios,unknown,unreviewed,,,unassessed,尚未逐条评估证据和适用范围,unassessed,unassessed
app.desktop,桌面能力,device_forms,harmonyos,ios,unknown,unreviewed,,,unassessed,尚未逐条评估证据和适用范围,unassessed,unassessed
app.desktop,桌面能力,api_surface,android,harmonyos,unknown,unreviewed,,,unassessed,尚未逐条评估证据和适用范围,unassessed,unassessed
app.desktop,桌面能力,api_surface,android,ios,unknown,unreviewed,,,unassessed,尚未逐条评估证据和适用范围,unassessed,unassessed
app.desktop,桌面能力,api_surface,harmonyos,ios,unknown,unreviewed,,,unassessed,尚未逐条评估证据和适用范围,unassessed,unassessed
app.desktop.shortcuts,桌面快捷方式,availability,android,harmonyos,unknown,unreviewed,,,unassessed,尚未逐条评估证据和适用范围,unassessed,unassessed
app.desktop.shortcuts,桌面快捷方式,availability,android,ios,unknown,unreviewed,,,unassessed,尚未逐条评估证据和适用范围,unassessed,unassessed
app.desktop.shortcuts,桌面快捷方式,availability,harmonyos,ios,unknown,unreviewed,,,unassessed,尚未逐条评估证据和适用范围,unassessed,unassessed
app.desktop.shortcuts,桌面快捷方式,programming_model,android,harmonyos,unknown,unreviewed,,,unassessed,尚未逐条评估证据和适用范围,unassessed,unassessed
app.desktop.shortcuts,桌面快捷方式,programming_model,android,ios,unknown,unreviewed,,,unassessed,尚未逐条评估证据和适用范围,unassessed,unassessed
app.desktop.shortcuts,桌面快捷方式,programming_model,harmonyos,ios,unknown,unreviewed,,,unassessed,尚未逐条评估证据和适用范围,unassessed,unassessed
app.desktop.shortcuts,桌面快捷方式,lifecycle_background,android,harmonyos,unknown,unreviewed,,,unassessed,尚未逐条评估证据和适用范围,unassessed,unassessed
app.desktop.shortcuts,桌面快捷方式,lifecycle_background,android,ios,unknown,unreviewed,,,unassessed,尚未逐条评估证据和适用范围,unassessed,unassessed
app.desktop.shortcuts,桌面快捷方式,lifecycle_background,harmonyos,ios,unknown,unreviewed,,,unassessed,尚未逐条评估证据和适用范围,unassessed,unassessed
app.desktop.shortcuts,桌面快捷方式,permissions_privacy,android,harmonyos,unknown,unreviewed,,,unassessed,尚未逐条评估证据和适用范围,unassessed,unassessed
app.desktop.shortcuts,桌面快捷方式,permissions_privacy,android,ios,unknown,unreviewed,,,unassessed,尚未逐条评估证据和适用范围,unassessed,unassessed
app.desktop.shortcuts,桌面快捷方式,permissions_privacy,harmonyos,ios,unknown,unreviewed,,,unassessed,尚未逐条评估证据和适用范围,unassessed,unassessed
app.desktop.shortcuts,桌面快捷方式,limits_precision,android,harmonyos,unknown,unreviewed,,,unassessed,尚未逐条评估证据和适用范围,unassessed,unassessed
app.desktop.shortcuts,桌面快捷方式,limits_precision,android,ios,unknown,unreviewed,,,unassessed,尚未逐条评估证据和适用范围,unassessed,unassessed
app.desktop.shortcuts,桌面快捷方式,limits_precision,harmonyos,ios,unknown,unreviewed,,,unassessed,尚未逐条评估证据和适用范围,unassessed,unassessed
app.desktop.shortcuts,桌面快捷方式,device_forms,android,harmonyos,unknown,unreviewed,,,unassessed,尚未逐条评估证据和适用范围,unassessed,unassessed
app.desktop.shortcuts,桌面快捷方式,device_forms,android,ios,unknown,unreviewed,,,unassessed,尚未逐条评估证据和适用范围,unassessed,unassessed
app.desktop.shortcuts,桌面快捷方式,device_forms,harmonyos,ios,unknown,unreviewed,,,unassessed,尚未逐条评估证据和适用范围,unassessed,unassessed
app.desktop.shortcuts,桌面快捷方式,api_surface,android,harmonyos,unknown,unreviewed,,,unassessed,尚未逐条评估证据和适用范围,unassessed,unassessed
app.desktop.shortcuts,桌面快捷方式,api_surface,android,ios,unknown,unreviewed,,,unassessed,尚未逐条评估证据和适用范围,unassessed,unassessed
app.desktop.shortcuts,桌面快捷方式,api_surface,harmonyos,ios,unknown,unreviewed,,,unassessed,尚未逐条评估证据和适用范围,unassessed,unassessed
app.desktop.widget,桌面小组件,availability,android,harmonyos,unknown,unreviewed,,,unassessed,尚未逐条评估证据和适用范围,unassessed,unassessed
app.desktop.widget,桌面小组件,availability,android,ios,unknown,unreviewed,,,unassessed,尚未逐条评估证据和适用范围,unassessed,unassessed
app.desktop.widget,桌面小组件,availability,harmonyos,ios,unknown,unreviewed,,,unassessed,尚未逐条评估证据和适用范围,unassessed,unassessed
app.desktop.widget,桌面小组件,programming_model,android,harmonyos,unknown,unreviewed,,,unassessed,尚未逐条评估证据和适用范围,unassessed,unassessed
app.desktop.widget,桌面小组件,programming_model,android,ios,unknown,unreviewed,,,unassessed,尚未逐条评估证据和适用范围,unassessed,unassessed
app.desktop.widget,桌面小组件,programming_model,harmonyos,ios,unknown,unreviewed,,,unassessed,尚未逐条评估证据和适用范围,unassessed,unassessed
app.desktop.widget,桌面小组件,lifecycle_background,android,harmonyos,unknown,unreviewed,,,unassessed,尚未逐条评估证据和适用范围,unassessed,unassessed
app.desktop.widget,桌面小组件,lifecycle_background,android,ios,unknown,unreviewed,,,unassessed,尚未逐条评估证据和适用范围,unassessed,unassessed
app.desktop.widget,桌面小组件,lifecycle_background,harmonyos,ios,unknown,unreviewed,,,unassessed,尚未逐条评估证据和适用范围,unassessed,unassessed
app.desktop.widget,桌面小组件,permissions_privacy,android,harmonyos,unknown,unreviewed,,,unassessed,尚未逐条评估证据和适用范围,unassessed,unassessed
app.desktop.widget,桌面小组件,permissions_privacy,android,ios,unknown,unreviewed,,,unassessed,尚未逐条评估证据和适用范围,unassessed,unassessed
app.desktop.widget,桌面小组件,permissions_privacy,harmonyos,ios,unknown,unreviewed,,,unassessed,尚未逐条评估证据和适用范围,unassessed,unassessed
app.desktop.widget,桌面小组件,limits_precision,android,harmonyos,unknown,unreviewed,,,unassessed,尚未逐条评估证据和适用范围,unassessed,unassessed
app.desktop.widget,桌面小组件,limits_precision,android,ios,unknown,unreviewed,,,unassessed,尚未逐条评估证据和适用范围,unassessed,unassessed
app.desktop.widget,桌面小组件,limits_precision,harmonyos,ios,unknown,unreviewed,,,unassessed,尚未逐条评估证据和适用范围,unassessed,unassessed
app.desktop.widget,桌面小组件,device_forms,android,harmonyos,unknown,unreviewed,,,unassessed,尚未逐条评估证据和适用范围,unassessed,unassessed
app.desktop.widget,桌面小组件,device_forms,android,ios,unknown,unreviewed,,,unassessed,尚未逐条评估证据和适用范围,unassessed,unassessed
app.desktop.widget,桌面小组件,device_forms,harmonyos,ios,unknown,unreviewed,,,unassessed,尚未逐条评估证据和适用范围,unassessed,unassessed
app.desktop.widget,桌面小组件,api_surface,android,harmonyos,unknown,unreviewed,,,unassessed,尚未逐条评估证据和适用范围,unassessed,unassessed
app.desktop.widget,桌面小组件,api_surface,android,ios,unknown,unreviewed,,,unassessed,尚未逐条评估证据和适用范围,unassessed,unassessed
app.desktop.widget,桌面小组件,api_surface,harmonyos,ios,unknown,unreviewed,,,unassessed,尚未逐条评估证据和适用范围,unassessed,unassessed
app.extensions,扩展点,availability,android,harmonyos,unknown,unreviewed,,,unassessed,尚未逐条评估证据和适用范围,unassessed,unassessed
app.extensions,扩展点,availability,android,ios,unknown,unreviewed,,,unassessed,尚未逐条评估证据和适用范围,unassessed,unassessed
app.extensions,扩展点,availability,harmonyos,ios,unknown,unreviewed,,,unassessed,尚未逐条评估证据和适用范围,unassessed,unassessed
app.extensions,扩展点,programming_model,android,harmonyos,unknown,unreviewed,,,unassessed,尚未逐条评估证据和适用范围,unassessed,unassessed
app.extensions,扩展点,programming_model,android,ios,unknown,unreviewed,,,unassessed,尚未逐条评估证据和适用范围,unassessed,unassessed
app.extensions,扩展点,programming_model,harmonyos,ios,unknown,unreviewed,,,unassessed,尚未逐条评估证据和适用范围,unassessed,unassessed
app.extensions,扩展点,lifecycle_background,android,harmonyos,unknown,unreviewed,,,unassessed,尚未逐条评估证据和适用范围,unassessed,unassessed
app.extensions,扩展点,lifecycle_background,android,ios,unknown,unreviewed,,,unassessed,尚未逐条评估证据和适用范围,unassessed,unassessed
app.extensions,扩展点,lifecycle_background,harmonyos,ios,unknown,unreviewed,,,unassessed,尚未逐条评估证据和适用范围,unassessed,unassessed
app.extensions,扩展点,permissions_privacy,android,harmonyos,unknown,unreviewed,,,unassessed,尚未逐条评估证据和适用范围,unassessed,unassessed
app.extensions,扩展点,permissions_privacy,android,ios,unknown,unreviewed,,,unassessed,尚未逐条评估证据和适用范围,unassessed,unassessed
app.extensions,扩展点,permissions_privacy,harmonyos,ios,unknown,unreviewed,,,unassessed,尚未逐条评估证据和适用范围,unassessed,unassessed
app.extensions,扩展点,limits_precision,android,harmonyos,unknown,unreviewed,,,unassessed,尚未逐条评估证据和适用范围,unassessed,unassessed
app.extensions,扩展点,limits_precision,android,ios,unknown,unreviewed,,,unassessed,尚未逐条评估证据和适用范围,unassessed,unassessed
app.extensions,扩展点,limits_precision,harmonyos,ios,unknown,unreviewed,,,unassessed,尚未逐条评估证据和适用范围,unassessed,unassessed
app.extensions,扩展点,device_forms,android,harmonyos,unknown,unreviewed,,,unassessed,尚未逐条评估证据和适用范围,unassessed,unassessed
app.extensions,扩展点,device_forms,android,ios,unknown,unreviewed,,,unassessed,尚未逐条评估证据和适用范围,unassessed,unassessed
app.extensions,扩展点,device_forms,harmonyos,ios,unknown,unreviewed,,,unassessed,尚未逐条评估证据和适用范围,unassessed,unassessed
app.extensions,扩展点,api_surface,android,harmonyos,unknown,unreviewed,,,unassessed,尚未逐条评估证据和适用范围,unassessed,unassessed
app.extensions,扩展点,api_surface,android,ios,unknown,unreviewed,,,unassessed,尚未逐条评估证据和适用范围,unassessed,unassessed
app.extensions,扩展点,api_surface,harmonyos,ios,unknown,unreviewed,,,unassessed,尚未逐条评估证据和适用范围,unassessed,unassessed
app.extensions.share,分享扩展,availability,android,harmonyos,unknown,unreviewed,,,unassessed,尚未逐条评估证据和适用范围,unassessed,unassessed
app.extensions.share,分享扩展,availability,android,ios,unknown,unreviewed,,,unassessed,尚未逐条评估证据和适用范围,unassessed,unassessed
app.extensions.share,分享扩展,availability,harmonyos,ios,unknown,unreviewed,,,unassessed,尚未逐条评估证据和适用范围,unassessed,unassessed
app.extensions.share,分享扩展,programming_model,android,harmonyos,unknown,unreviewed,,,unassessed,尚未逐条评估证据和适用范围,unassessed,unassessed
app.extensions.share,分享扩展,programming_model,android,ios,unknown,unreviewed,,,unassessed,尚未逐条评估证据和适用范围,unassessed,unassessed
app.extensions.share,分享扩展,programming_model,harmonyos,ios,unknown,unreviewed,,,unassessed,尚未逐条评估证据和适用范围,unassessed,unassessed
app.extensions.share,分享扩展,lifecycle_background,android,harmonyos,unknown,unreviewed,,,unassessed,尚未逐条评估证据和适用范围,unassessed,unassessed
app.extensions.share,分享扩展,lifecycle_background,android,ios,unknown,unreviewed,,,unassessed,尚未逐条评估证据和适用范围,unassessed,unassessed
app.extensions.share,分享扩展,lifecycle_background,harmonyos,ios,unknown,unreviewed,,,unassessed,尚未逐条评估证据和适用范围,unassessed,unassessed
app.extensions.share,分享扩展,permissions_privacy,android,harmonyos,unknown,unreviewed,,,unassessed,尚未逐条评估证据和适用范围,unassessed,unassessed
app.extensions.share,分享扩展,permissions_privacy,android,ios,unknown,unreviewed,,,unassessed,尚未逐条评估证据和适用范围,unassessed,unassessed
app.extensions.share,分享扩展,permissions_privacy,harmonyos,ios,unknown,unreviewed,,,unassessed,尚未逐条评估证据和适用范围,unassessed,unassessed
app.extensions.share,分享扩展,limits_precision,android,harmonyos,unknown,unreviewed,,,unassessed,尚未逐条评估证据和适用范围,unassessed,unassessed
app.extensions.share,分享扩展,limits_precision,android,ios,unknown,unreviewed,,,unassessed,尚未逐条评估证据和适用范围,unassessed,unassessed
app.extensions.share,分享扩展,limits_precision,harmonyos,ios,unknown,unreviewed,,,unassessed,尚未逐条评估证据和适用范围,unassessed,unassessed
app.extensions.share,分享扩展,device_forms,android,harmonyos,unknown,unreviewed,,,unassessed,尚未逐条评估证据和适用范围,unassessed,unassessed
app.extensions.share,分享扩展,device_forms,android,ios,unknown,unreviewed,,,unassessed,尚未逐条评估证据和适用范围,unassessed,unassessed
app.extensions.share,分享扩展,device_forms,harmonyos,ios,unknown,unreviewed,,,unassessed,尚未逐条评估证据和适用范围,unassessed,unassessed
app.extensions.share,分享扩展,api_surface,android,harmonyos,unknown,unreviewed,,,unassessed,尚未逐条评估证据和适用范围,unassessed,unassessed
app.extensions.share,分享扩展,api_surface,android,ios,unknown,unreviewed,,,unassessed,尚未逐条评估证据和适用范围,unassessed,unassessed
app.extensions.share,分享扩展,api_surface,harmonyos,ios,unknown,unreviewed,,,unassessed,尚未逐条评估证据和适用范围,unassessed,unassessed
app.install,安装与更新,availability,android,harmonyos,unknown,unreviewed,,,unassessed,尚未逐条评估证据和适用范围,unassessed,unassessed
app.install,安装与更新,availability,android,ios,unknown,unreviewed,,,unassessed,尚未逐条评估证据和适用范围,unassessed,unassessed
app.install,安装与更新,availability,harmonyos,ios,unknown,unreviewed,,,unassessed,尚未逐条评估证据和适用范围,unassessed,unassessed
app.install,安装与更新,programming_model,android,harmonyos,unknown,unreviewed,,,unassessed,尚未逐条评估证据和适用范围,unassessed,unassessed
app.install,安装与更新,programming_model,android,ios,unknown,unreviewed,,,unassessed,尚未逐条评估证据和适用范围,unassessed,unassessed
app.install,安装与更新,programming_model,harmonyos,ios,unknown,unreviewed,,,unassessed,尚未逐条评估证据和适用范围,unassessed,unassessed
app.install,安装与更新,lifecycle_background,android,harmonyos,unknown,unreviewed,,,unassessed,尚未逐条评估证据和适用范围,unassessed,unassessed
app.install,安装与更新,lifecycle_background,android,ios,unknown,unreviewed,,,unassessed,尚未逐条评估证据和适用范围,unassessed,unassessed
app.install,安装与更新,lifecycle_background,harmonyos,ios,unknown,unreviewed,,,unassessed,尚未逐条评估证据和适用范围,unassessed,unassessed
app.install,安装与更新,permissions_privacy,android,harmonyos,unknown,unreviewed,,,unassessed,尚未逐条评估证据和适用范围,unassessed,unassessed
app.install,安装与更新,permissions_privacy,android,ios,unknown,unreviewed,,,unassessed,尚未逐条评估证据和适用范围,unassessed,unassessed
app.install,安装与更新,permissions_privacy,harmonyos,ios,unknown,unreviewed,,,unassessed,尚未逐条评估证据和适用范围,unassessed,unassessed
app.install,安装与更新,limits_precision,android,harmonyos,unknown,unreviewed,,,unassessed,尚未逐条评估证据和适用范围,unassessed,unassessed
app.install,安装与更新,limits_precision,android,ios,unknown,unreviewed,,,unassessed,尚未逐条评估证据和适用范围,unassessed,unassessed
app.install,安装与更新,limits_precision,harmonyos,ios,unknown,unreviewed,,,unassessed,尚未逐条评估证据和适用范围,unassessed,unassessed
app.install,安装与更新,device_forms,android,harmonyos,unknown,unreviewed,,,unassessed,尚未逐条评估证据和适用范围,unassessed,unassessed
app.install,安装与更新,device_forms,android,ios,unknown,unreviewed,,,unassessed,尚未逐条评估证据和适用范围,unassessed,unassessed
app.install,安装与更新,device_forms,harmonyos,ios,unknown,unreviewed,,,unassessed,尚未逐条评估证据和适用范围,unassessed,unassessed
app.install,安装与更新,api_surface,android,harmonyos,unknown,unreviewed,,,unassessed,尚未逐条评估证据和适用范围,unassessed,unassessed
app.install,安装与更新,api_surface,android,ios,unknown,unreviewed,,,unassessed,尚未逐条评估证据和适用范围,unassessed,unassessed
app.install,安装与更新,api_surface,harmonyos,ios,unknown,unreviewed,,,unassessed,尚未逐条评估证据和适用范围,unassessed,unassessed
app.install.instant,轻量即用安装,availability,android,harmonyos,unknown,unreviewed,,,unassessed,尚未逐条评估证据和适用范围,unassessed,unassessed
app.install.instant,轻量即用安装,availability,android,ios,unknown,unreviewed,,,unassessed,尚未逐条评估证据和适用范围,unassessed,unassessed
app.install.instant,轻量即用安装,availability,harmonyos,ios,unknown,unreviewed,,,unassessed,尚未逐条评估证据和适用范围,unassessed,unassessed
app.install.instant,轻量即用安装,programming_model,android,harmonyos,unknown,unreviewed,,,unassessed,尚未逐条评估证据和适用范围,unassessed,unassessed
app.install.instant,轻量即用安装,programming_model,android,ios,unknown,unreviewed,,,unassessed,尚未逐条评估证据和适用范围,unassessed,unassessed
app.install.instant,轻量即用安装,programming_model,harmonyos,ios,unknown,unreviewed,,,unassessed,尚未逐条评估证据和适用范围,unassessed,unassessed
app.install.instant,轻量即用安装,lifecycle_background,android,harmonyos,unknown,unreviewed,,,unassessed,尚未逐条评估证据和适用范围,unassessed,unassessed
app.install.instant,轻量即用安装,lifecycle_background,android,ios,unknown,unreviewed,,,unassessed,尚未逐条评估证据和适用范围,unassessed,unassessed
app.install.instant,轻量即用安装,lifecycle_background,harmonyos,ios,unknown,unreviewed,,,unassessed,尚未逐条评估证据和适用范围,unassessed,unassessed
app.install.instant,轻量即用安装,permissions_privacy,android,harmonyos,unknown,unreviewed,,,unassessed,尚未逐条评估证据和适用范围,unassessed,unassessed
app.install.instant,轻量即用安装,permissions_privacy,android,ios,unknown,unreviewed,,,unassessed,尚未逐条评估证据和适用范围,unassessed,unassessed
app.install.instant,轻量即用安装,permissions_privacy,harmonyos,ios,unknown,unreviewed,,,unassessed,尚未逐条评估证据和适用范围,unassessed,unassessed
app.install.instant,轻量即用安装,limits_precision,android,harmonyos,unknown,unreviewed,,,unassessed,尚未逐条评估证据和适用范围,unassessed,unassessed
app.install.instant,轻量即用安装,limits_precision,android,ios,unknown,unreviewed,,,unassessed,尚未逐条评估证据和适用范围,unassessed,unassessed
app.install.instant,轻量即用安装,limits_precision,harmonyos,ios,unknown,unreviewed,,,unassessed,尚未逐条评估证据和适用范围,unassessed,unassessed
app.install.instant,轻量即用安装,device_forms,android,harmonyos,unknown,unreviewed,,,unassessed,尚未逐条评估证据和适用范围,unassessed,unassessed
app.install.instant,轻量即用安装,device_forms,android,ios,unknown,unreviewed,,,unassessed,尚未逐条评估证据和适用范围,unassessed,unassessed
app.install.instant,轻量即用安装,device_forms,harmonyos,ios,unknown,unreviewed,,,unassessed,尚未逐条评估证据和适用范围,unassessed,unassessed
app.install.instant,轻量即用安装,api_surface,android,harmonyos,unknown,unreviewed,,,unassessed,尚未逐条评估证据和适用范围,unassessed,unassessed
app.install.instant,轻量即用安装,api_surface,android,ios,unknown,unreviewed,,,unassessed,尚未逐条评估证据和适用范围,unassessed,unassessed
app.install.instant,轻量即用安装,api_surface,harmonyos,ios,unknown,unreviewed,,,unassessed,尚未逐条评估证据和适用范围,unassessed,unassessed
app.install.package_update,应用安装更新,availability,android,harmonyos,unknown,unreviewed,,,unassessed,尚未逐条评估证据和适用范围,unassessed,unassessed
app.install.package_update,应用安装更新,availability,android,ios,unknown,unreviewed,,,unassessed,尚未逐条评估证据和适用范围,unassessed,unassessed
app.install.package_update,应用安装更新,availability,harmonyos,ios,unknown,unreviewed,,,unassessed,尚未逐条评估证据和适用范围,unassessed,unassessed
app.install.package_update,应用安装更新,programming_model,android,harmonyos,unknown,unreviewed,,,unassessed,尚未逐条评估证据和适用范围,unassessed,unassessed
app.install.package_update,应用安装更新,programming_model,android,ios,unknown,unreviewed,,,unassessed,尚未逐条评估证据和适用范围,unassessed,unassessed
app.install.package_update,应用安装更新,programming_model,harmonyos,ios,unknown,unreviewed,,,unassessed,尚未逐条评估证据和适用范围,unassessed,unassessed
app.install.package_update,应用安装更新,lifecycle_background,android,harmonyos,unknown,unreviewed,,,unassessed,尚未逐条评估证据和适用范围,unassessed,unassessed
app.install.package_update,应用安装更新,lifecycle_background,android,ios,unknown,unreviewed,,,unassessed,尚未逐条评估证据和适用范围,unassessed,unassessed
app.install.package_update,应用安装更新,lifecycle_background,harmonyos,ios,unknown,unreviewed,,,unassessed,尚未逐条评估证据和适用范围,unassessed,unassessed
app.install.package_update,应用安装更新,permissions_privacy,android,harmonyos,unknown,unreviewed,,,unassessed,尚未逐条评估证据和适用范围,unassessed,unassessed
app.install.package_update,应用安装更新,permissions_privacy,android,ios,unknown,unreviewed,,,unassessed,尚未逐条评估证据和适用范围,unassessed,unassessed
app.install.package_update,应用安装更新,permissions_privacy,harmonyos,ios,unknown,unreviewed,,,unassessed,尚未逐条评估证据和适用范围,unassessed,unassessed
app.install.package_update,应用安装更新,limits_precision,android,harmonyos,unknown,unreviewed,,,unassessed,尚未逐条评估证据和适用范围,unassessed,unassessed
app.install.package_update,应用安装更新,limits_precision,android,ios,unknown,unreviewed,,,unassessed,尚未逐条评估证据和适用范围,unassessed,unassessed
app.install.package_update,应用安装更新,limits_precision,harmonyos,ios,unknown,unreviewed,,,unassessed,尚未逐条评估证据和适用范围,unassessed,unassessed
app.install.package_update,应用安装更新,device_forms,android,harmonyos,unknown,unreviewed,,,unassessed,尚未逐条评估证据和适用范围,unassessed,unassessed
app.install.package_update,应用安装更新,device_forms,android,ios,unknown,unreviewed,,,unassessed,尚未逐条评估证据和适用范围,unassessed,unassessed
app.install.package_update,应用安装更新,device_forms,harmonyos,ios,unknown,unreviewed,,,unassessed,尚未逐条评估证据和适用范围,unassessed,unassessed
app.install.package_update,应用安装更新,api_surface,android,harmonyos,unknown,unreviewed,,,unassessed,尚未逐条评估证据和适用范围,unassessed,unassessed
app.install.package_update,应用安装更新,api_surface,android,ios,unknown,unreviewed,,,unassessed,尚未逐条评估证据和适用范围,unassessed,unassessed
app.install.package_update,应用安装更新,api_surface,harmonyos,ios,unknown,unreviewed,,,unassessed,尚未逐条评估证据和适用范围,unassessed,unassessed
app.lifecycle,组件生命周期,availability,android,harmonyos,unknown,unreviewed,,,unassessed,尚未逐条评估证据和适用范围,unassessed,unassessed
app.lifecycle,组件生命周期,availability,android,ios,unknown,unreviewed,,,unassessed,尚未逐条评估证据和适用范围,unassessed,unassessed
app.lifecycle,组件生命周期,availability,harmonyos,ios,unknown,unreviewed,,,unassessed,尚未逐条评估证据和适用范围,unassessed,unassessed
app.lifecycle,组件生命周期,programming_model,android,harmonyos,unknown,unreviewed,,,unassessed,尚未逐条评估证据和适用范围,unassessed,unassessed
app.lifecycle,组件生命周期,programming_model,android,ios,unknown,unreviewed,,,unassessed,尚未逐条评估证据和适用范围,unassessed,unassessed
app.lifecycle,组件生命周期,programming_model,harmonyos,ios,unknown,unreviewed,,,unassessed,尚未逐条评估证据和适用范围,unassessed,unassessed
app.lifecycle,组件生命周期,lifecycle_background,android,harmonyos,unknown,unreviewed,,,unassessed,尚未逐条评估证据和适用范围,unassessed,unassessed
app.lifecycle,组件生命周期,lifecycle_background,android,ios,unknown,unreviewed,,,unassessed,尚未逐条评估证据和适用范围,unassessed,unassessed
app.lifecycle,组件生命周期,lifecycle_background,harmonyos,ios,unknown,unreviewed,,,unassessed,尚未逐条评估证据和适用范围,unassessed,unassessed
app.lifecycle,组件生命周期,permissions_privacy,android,harmonyos,unknown,unreviewed,,,unassessed,尚未逐条评估证据和适用范围,unassessed,unassessed
app.lifecycle,组件生命周期,permissions_privacy,android,ios,unknown,unreviewed,,,unassessed,尚未逐条评估证据和适用范围,unassessed,unassessed
app.lifecycle,组件生命周期,permissions_privacy,harmonyos,ios,unknown,unreviewed,,,unassessed,尚未逐条评估证据和适用范围,unassessed,unassessed
app.lifecycle,组件生命周期,limits_precision,android,harmonyos,unknown,unreviewed,,,unassessed,尚未逐条评估证据和适用范围,unassessed,unassessed
app.lifecycle,组件生命周期,limits_precision,android,ios,unknown,unreviewed,,,unassessed,尚未逐条评估证据和适用范围,unassessed,unassessed
app.lifecycle,组件生命周期,limits_precision,harmonyos,ios,unknown,unreviewed,,,unassessed,尚未逐条评估证据和适用范围,unassessed,unassessed
app.lifecycle,组件生命周期,device_forms,android,harmonyos,unknown,unreviewed,,,unassessed,尚未逐条评估证据和适用范围,unassessed,unassessed
app.lifecycle,组件生命周期,device_forms,android,ios,unknown,unreviewed,,,unassessed,尚未逐条评估证据和适用范围,unassessed,unassessed
app.lifecycle,组件生命周期,device_forms,harmonyos,ios,unknown,unreviewed,,,unassessed,尚未逐条评估证据和适用范围,unassessed,unassessed
app.lifecycle,组件生命周期,api_surface,android,harmonyos,unknown,unreviewed,,,unassessed,尚未逐条评估证据和适用范围,unassessed,unassessed
app.lifecycle,组件生命周期,api_surface,android,ios,unknown,unreviewed,,,unassessed,尚未逐条评估证据和适用范围,unassessed,unassessed
app.lifecycle,组件生命周期,api_surface,harmonyos,ios,unknown,unreviewed,,,unassessed,尚未逐条评估证据和适用范围,unassessed,unassessed
app.lifecycle.activity_ability,界面组件生命周期,availability,android,harmonyos,unknown,unreviewed,,,unassessed,尚未逐条评估证据和适用范围,unassessed,unassessed
app.lifecycle.activity_ability,界面组件生命周期,availability,android,ios,unknown,unreviewed,,,unassessed,尚未逐条评估证据和适用范围,unassessed,unassessed
app.lifecycle.activity_ability,界面组件生命周期,availability,harmonyos,ios,unknown,unreviewed,,,unassessed,尚未逐条评估证据和适用范围,unassessed,unassessed
app.lifecycle.activity_ability,界面组件生命周期,programming_model,android,harmonyos,unknown,unreviewed,,,unassessed,尚未逐条评估证据和适用范围,unassessed,unassessed
app.lifecycle.activity_ability,界面组件生命周期,programming_model,android,ios,unknown,unreviewed,,,unassessed,尚未逐条评估证据和适用范围,unassessed,unassessed
app.lifecycle.activity_ability,界面组件生命周期,programming_model,harmonyos,ios,unknown,unreviewed,,,unassessed,尚未逐条评估证据和适用范围,unassessed,unassessed
app.lifecycle.activity_ability,界面组件生命周期,lifecycle_background,android,harmonyos,unknown,unreviewed,,,unassessed,尚未逐条评估证据和适用范围,unassessed,unassessed
app.lifecycle.activity_ability,界面组件生命周期,lifecycle_background,android,ios,unknown,unreviewed,,,unassessed,尚未逐条评估证据和适用范围,unassessed,unassessed
app.lifecycle.activity_ability,界面组件生命周期,lifecycle_background,harmonyos,ios,unknown,unreviewed,,,unassessed,尚未逐条评估证据和适用范围,unassessed,unassessed
app.lifecycle.activity_ability,界面组件生命周期,permissions_privacy,android,harmonyos,unknown,unreviewed,,,unassessed,尚未逐条评估证据和适用范围,unassessed,unassessed
app.lifecycle.activity_ability,界面组件生命周期,permissions_privacy,android,ios,unknown,unreviewed,,,unassessed,尚未逐条评估证据和适用范围,unassessed,unassessed
app.lifecycle.activity_ability,界面组件生命周期,permissions_privacy,harmonyos,ios,unknown,unreviewed,,,unassessed,尚未逐条评估证据和适用范围,unassessed,unassessed
app.lifecycle.activity_ability,界面组件生命周期,limits_precision,android,harmonyos,unknown,unreviewed,,,unassessed,尚未逐条评估证据和适用范围,unassessed,unassessed
app.lifecycle.activity_ability,界面组件生命周期,limits_precision,android,ios,unknown,unreviewed,,,unassessed,尚未逐条评估证据和适用范围,unassessed,unassessed
app.lifecycle.activity_ability,界面组件生命周期,limits_precision,harmonyos,ios,unknown,unreviewed,,,unassessed,尚未逐条评估证据和适用范围,unassessed,unassessed
app.lifecycle.activity_ability,界面组件生命周期,device_forms,android,harmonyos,unknown,unreviewed,,,unassessed,尚未逐条评估证据和适用范围,unassessed,unassessed
app.lifecycle.activity_ability,界面组件生命周期,device_forms,android,ios,unknown,unreviewed,,,unassessed,尚未逐条评估证据和适用范围,unassessed,unassessed
app.lifecycle.activity_ability,界面组件生命周期,device_forms,harmonyos,ios,unknown,unreviewed,,,unassessed,尚未逐条评估证据和适用范围,unassessed,unassessed
app.lifecycle.activity_ability,界面组件生命周期,api_surface,android,harmonyos,unknown,unreviewed,,,unassessed,尚未逐条评估证据和适用范围,unassessed,unassessed
app.lifecycle.activity_ability,界面组件生命周期,api_surface,android,ios,unknown,unreviewed,,,unassessed,尚未逐条评估证据和适用范围,unassessed,unassessed
app.lifecycle.activity_ability,界面组件生命周期,api_surface,harmonyos,ios,unknown,unreviewed,,,unassessed,尚未逐条评估证据和适用范围,unassessed,unassessed
app.lifecycle.process,进程与内存回收,availability,android,harmonyos,unknown,unreviewed,,,unassessed,尚未逐条评估证据和适用范围,unassessed,unassessed
app.lifecycle.process,进程与内存回收,availability,android,ios,unknown,unreviewed,,,unassessed,尚未逐条评估证据和适用范围,unassessed,unassessed
app.lifecycle.process,进程与内存回收,availability,harmonyos,ios,unknown,unreviewed,,,unassessed,尚未逐条评估证据和适用范围,unassessed,unassessed
app.lifecycle.process,进程与内存回收,programming_model,android,harmonyos,unknown,unreviewed,,,unassessed,尚未逐条评估证据和适用范围,unassessed,unassessed
app.lifecycle.process,进程与内存回收,programming_model,android,ios,unknown,unreviewed,,,unassessed,尚未逐条评估证据和适用范围,unassessed,unassessed
app.lifecycle.process,进程与内存回收,programming_model,harmonyos,ios,unknown,unreviewed,,,unassessed,尚未逐条评估证据和适用范围,unassessed,unassessed
app.lifecycle.process,进程与内存回收,lifecycle_background,android,harmonyos,unknown,unreviewed,,,unassessed,尚未逐条评估证据和适用范围,unassessed,unassessed
app.lifecycle.process,进程与内存回收,lifecycle_background,android,ios,unknown,unreviewed,,,unassessed,尚未逐条评估证据和适用范围,unassessed,unassessed
app.lifecycle.process,进程与内存回收,lifecycle_background,harmonyos,ios,unknown,unreviewed,,,unassessed,尚未逐条评估证据和适用范围,unassessed,unassessed
app.lifecycle.process,进程与内存回收,permissions_privacy,android,harmonyos,unknown,unreviewed,,,unassessed,尚未逐条评估证据和适用范围,unassessed,unassessed
app.lifecycle.process,进程与内存回收,permissions_privacy,android,ios,unknown,unreviewed,,,unassessed,尚未逐条评估证据和适用范围,unassessed,unassessed
app.lifecycle.process,进程与内存回收,permissions_privacy,harmonyos,ios,unknown,unreviewed,,,unassessed,尚未逐条评估证据和适用范围,unassessed,unassessed
app.lifecycle.process,进程与内存回收,limits_precision,android,harmonyos,unknown,unreviewed,,,unassessed,尚未逐条评估证据和适用范围,unassessed,unassessed
app.lifecycle.process,进程与内存回收,limits_precision,android,ios,unknown,unreviewed,,,unassessed,尚未逐条评估证据和适用范围,unassessed,unassessed
app.lifecycle.process,进程与内存回收,limits_precision,harmonyos,ios,unknown,unreviewed,,,unassessed,尚未逐条评估证据和适用范围,unassessed,unassessed
app.lifecycle.process,进程与内存回收,device_forms,android,harmonyos,unknown,unreviewed,,,unassessed,尚未逐条评估证据和适用范围,unassessed,unassessed
app.lifecycle.process,进程与内存回收,device_forms,android,ios,unknown,unreviewed,,,unassessed,尚未逐条评估证据和适用范围,unassessed,unassessed
app.lifecycle.process,进程与内存回收,device_forms,harmonyos,ios,unknown,unreviewed,,,unassessed,尚未逐条评估证据和适用范围,unassessed,unassessed
app.lifecycle.process,进程与内存回收,api_surface,android,harmonyos,unknown,unreviewed,,,unassessed,尚未逐条评估证据和适用范围,unassessed,unassessed
app.lifecycle.process,进程与内存回收,api_surface,android,ios,unknown,unreviewed,,,unassessed,尚未逐条评估证据和适用范围,unassessed,unassessed
app.lifecycle.process,进程与内存回收,api_surface,harmonyos,ios,unknown,unreviewed,,,unassessed,尚未逐条评估证据和适用范围,unassessed,unassessed
commerce,商业与增长,availability,android,harmonyos,unknown,unreviewed,,,unassessed,尚未逐条评估证据和适用范围,unassessed,unassessed
commerce,商业与增长,availability,android,ios,unknown,unreviewed,,,unassessed,尚未逐条评估证据和适用范围,unassessed,unassessed
commerce,商业与增长,availability,harmonyos,ios,unknown,unreviewed,,,unassessed,尚未逐条评估证据和适用范围,unassessed,unassessed
commerce,商业与增长,programming_model,android,harmonyos,unknown,unreviewed,,,unassessed,尚未逐条评估证据和适用范围,unassessed,unassessed
commerce,商业与增长,programming_model,android,ios,unknown,unreviewed,,,unassessed,尚未逐条评估证据和适用范围,unassessed,unassessed
commerce,商业与增长,programming_model,harmonyos,ios,unknown,unreviewed,,,unassessed,尚未逐条评估证据和适用范围,unassessed,unassessed
commerce,商业与增长,lifecycle_background,android,harmonyos,unknown,unreviewed,,,unassessed,尚未逐条评估证据和适用范围,unassessed,unassessed
commerce,商业与增长,lifecycle_background,android,ios,unknown,unreviewed,,,unassessed,尚未逐条评估证据和适用范围,unassessed,unassessed
commerce,商业与增长,lifecycle_background,harmonyos,ios,unknown,unreviewed,,,unassessed,尚未逐条评估证据和适用范围,unassessed,unassessed
commerce,商业与增长,permissions_privacy,android,harmonyos,unknown,unreviewed,,,unassessed,尚未逐条评估证据和适用范围,unassessed,unassessed
commerce,商业与增长,permissions_privacy,android,ios,unknown,unreviewed,,,unassessed,尚未逐条评估证据和适用范围,unassessed,unassessed
commerce,商业与增长,permissions_privacy,harmonyos,ios,unknown,unreviewed,,,unassessed,尚未逐条评估证据和适用范围,unassessed,unassessed
commerce,商业与增长,limits_precision,android,harmonyos,unknown,unreviewed,,,unassessed,尚未逐条评估证据和适用范围,unassessed,unassessed
commerce,商业与增长,limits_precision,android,ios,unknown,unreviewed,,,unassessed,尚未逐条评估证据和适用范围,unassessed,unassessed
commerce,商业与增长,limits_precision,harmonyos,ios,unknown,unreviewed,,,unassessed,尚未逐条评估证据和适用范围,unassessed,unassessed
commerce,商业与增长,device_forms,android,harmonyos,unknown,unreviewed,,,unassessed,尚未逐条评估证据和适用范围,unassessed,unassessed
commerce,商业与增长,device_forms,android,ios,unknown,unreviewed,,,unassessed,尚未逐条评估证据和适用范围,unassessed,unassessed
commerce,商业与增长,device_forms,harmonyos,ios,unknown,unreviewed,,,unassessed,尚未逐条评估证据和适用范围,unassessed,unassessed
commerce,商业与增长,api_surface,android,harmonyos,unknown,unreviewed,,,unassessed,尚未逐条评估证据和适用范围,unassessed,unassessed
commerce,商业与增长,api_surface,android,ios,unknown,unreviewed,,,unassessed,尚未逐条评估证据和适用范围,unassessed,unassessed
commerce,商业与增长,api_surface,harmonyos,ios,unknown,unreviewed,,,unassessed,尚未逐条评估证据和适用范围,unassessed,unassessed
commerce.ads,广告,availability,android,harmonyos,unknown,unreviewed,,,unassessed,尚未逐条评估证据和适用范围,unassessed,unassessed
commerce.ads,广告,availability,android,ios,unknown,unreviewed,,,unassessed,尚未逐条评估证据和适用范围,unassessed,unassessed
commerce.ads,广告,availability,harmonyos,ios,unknown,unreviewed,,,unassessed,尚未逐条评估证据和适用范围,unassessed,unassessed
commerce.ads,广告,programming_model,android,harmonyos,unknown,unreviewed,,,unassessed,尚未逐条评估证据和适用范围,unassessed,unassessed
commerce.ads,广告,programming_model,android,ios,unknown,unreviewed,,,unassessed,尚未逐条评估证据和适用范围,unassessed,unassessed
commerce.ads,广告,programming_model,harmonyos,ios,unknown,unreviewed,,,unassessed,尚未逐条评估证据和适用范围,unassessed,unassessed
commerce.ads,广告,lifecycle_background,android,harmonyos,unknown,unreviewed,,,unassessed,尚未逐条评估证据和适用范围,unassessed,unassessed
commerce.ads,广告,lifecycle_background,android,ios,unknown,unreviewed,,,unassessed,尚未逐条评估证据和适用范围,unassessed,unassessed
commerce.ads,广告,lifecycle_background,harmonyos,ios,unknown,unreviewed,,,unassessed,尚未逐条评估证据和适用范围,unassessed,unassessed
commerce.ads,广告,permissions_privacy,android,harmonyos,unknown,unreviewed,,,unassessed,尚未逐条评估证据和适用范围,unassessed,unassessed
commerce.ads,广告,permissions_privacy,android,ios,unknown,unreviewed,,,unassessed,尚未逐条评估证据和适用范围,unassessed,unassessed
commerce.ads,广告,permissions_privacy,harmonyos,ios,unknown,unreviewed,,,unassessed,尚未逐条评估证据和适用范围,unassessed,unassessed
commerce.ads,广告,limits_precision,android,harmonyos,unknown,unreviewed,,,unassessed,尚未逐条评估证据和适用范围,unassessed,unassessed
commerce.ads,广告,limits_precision,android,ios,unknown,unreviewed,,,unassessed,尚未逐条评估证据和适用范围,unassessed,unassessed
commerce.ads,广告,limits_precision,harmonyos,ios,unknown,unreviewed,,,unassessed,尚未逐条评估证据和适用范围,unassessed,unassessed
commerce.ads,广告,device_forms,android,harmonyos,unknown,unreviewed,,,unassessed,尚未逐条评估证据和适用范围,unassessed,unassessed
commerce.ads,广告,device_forms,android,ios,unknown,unreviewed,,,unassessed,尚未逐条评估证据和适用范围,unassessed,unassessed
commerce.ads,广告,device_forms,harmonyos,ios,unknown,unreviewed,,,unassessed,尚未逐条评估证据和适用范围,unassessed,unassessed
commerce.ads,广告,api_surface,android,harmonyos,unknown,unreviewed,,,unassessed,尚未逐条评估证据和适用范围,unassessed,unassessed
commerce.ads,广告,api_surface,android,ios,unknown,unreviewed,,,unassessed,尚未逐条评估证据和适用范围,unassessed,unassessed
commerce.ads,广告,api_surface,harmonyos,ios,unknown,unreviewed,,,unassessed,尚未逐条评估证据和适用范围,unassessed,unassessed
commerce.ads.sdk,广告SDK,availability,android,harmonyos,unknown,unreviewed,,,unassessed,尚未逐条评估证据和适用范围,unassessed,unassessed
commerce.ads.sdk,广告SDK,availability,android,ios,unknown,unreviewed,,,unassessed,尚未逐条评估证据和适用范围,unassessed,unassessed
commerce.ads.sdk,广告SDK,availability,harmonyos,ios,unknown,unreviewed,,,unassessed,尚未逐条评估证据和适用范围,unassessed,unassessed
commerce.ads.sdk,广告SDK,programming_model,android,harmonyos,unknown,unreviewed,,,unassessed,尚未逐条评估证据和适用范围,unassessed,unassessed
commerce.ads.sdk,广告SDK,programming_model,android,ios,unknown,unreviewed,,,unassessed,尚未逐条评估证据和适用范围,unassessed,unassessed
commerce.ads.sdk,广告SDK,programming_model,harmonyos,ios,unknown,unreviewed,,,unassessed,尚未逐条评估证据和适用范围,unassessed,unassessed
commerce.ads.sdk,广告SDK,lifecycle_background,android,harmonyos,unknown,unreviewed,,,unassessed,尚未逐条评估证据和适用范围,unassessed,unassessed
commerce.ads.sdk,广告SDK,lifecycle_background,android,ios,unknown,unreviewed,,,unassessed,尚未逐条评估证据和适用范围,unassessed,unassessed
commerce.ads.sdk,广告SDK,lifecycle_background,harmonyos,ios,unknown,unreviewed,,,unassessed,尚未逐条评估证据和适用范围,unassessed,unassessed
commerce.ads.sdk,广告SDK,permissions_privacy,android,harmonyos,unknown,unreviewed,,,unassessed,尚未逐条评估证据和适用范围,unassessed,unassessed
commerce.ads.sdk,广告SDK,permissions_privacy,android,ios,unknown,unreviewed,,,unassessed,尚未逐条评估证据和适用范围,unassessed,unassessed
commerce.ads.sdk,广告SDK,permissions_privacy,harmonyos,ios,unknown,unreviewed,,,unassessed,尚未逐条评估证据和适用范围,unassessed,unassessed
commerce.ads.sdk,广告SDK,limits_precision,android,harmonyos,unknown,unreviewed,,,unassessed,尚未逐条评估证据和适用范围,unassessed,unassessed
commerce.ads.sdk,广告SDK,limits_precision,android,ios,unknown,unreviewed,,,unassessed,尚未逐条评估证据和适用范围,unassessed,unassessed
commerce.ads.sdk,广告SDK,limits_precision,harmonyos,ios,unknown,unreviewed,,,unassessed,尚未逐条评估证据和适用范围,unassessed,unassessed
commerce.ads.sdk,广告SDK,device_forms,android,harmonyos,unknown,unreviewed,,,unassessed,尚未逐条评估证据和适用范围,unassessed,unassessed
commerce.ads.sdk,广告SDK,device_forms,android,ios,unknown,unreviewed,,,unassessed,尚未逐条评估证据和适用范围,unassessed,unassessed
commerce.ads.sdk,广告SDK,device_forms,harmonyos,ios,unknown,unreviewed,,,unassessed,尚未逐条评估证据和适用范围,unassessed,unassessed
commerce.ads.sdk,广告SDK,api_surface,android,harmonyos,unknown,unreviewed,,,unassessed,尚未逐条评估证据和适用范围,unassessed,unassessed
commerce.ads.sdk,广告SDK,api_surface,android,ios,unknown,unreviewed,,,unassessed,尚未逐条评估证据和适用范围,unassessed,unassessed
commerce.ads.sdk,广告SDK,api_surface,harmonyos,ios,unknown,unreviewed,,,unassessed,尚未逐条评估证据和适用范围,unassessed,unassessed
commerce.analytics,分析,availability,android,harmonyos,unknown,unreviewed,,,unassessed,尚未逐条评估证据和适用范围,unassessed,unassessed
commerce.analytics,分析,availability,android,ios,unknown,unreviewed,,,unassessed,尚未逐条评估证据和适用范围,unassessed,unassessed
commerce.analytics,分析,availability,harmonyos,ios,unknown,unreviewed,,,unassessed,尚未逐条评估证据和适用范围,unassessed,unassessed
commerce.analytics,分析,programming_model,android,harmonyos,unknown,unreviewed,,,unassessed,尚未逐条评估证据和适用范围,unassessed,unassessed
commerce.analytics,分析,programming_model,android,ios,unknown,unreviewed,,,unassessed,尚未逐条评估证据和适用范围,unassessed,unassessed
commerce.analytics,分析,programming_model,harmonyos,ios,unknown,unreviewed,,,unassessed,尚未逐条评估证据和适用范围,unassessed,unassessed
commerce.analytics,分析,lifecycle_background,android,harmonyos,unknown,unreviewed,,,unassessed,尚未逐条评估证据和适用范围,unassessed,unassessed
commerce.analytics,分析,lifecycle_background,android,ios,unknown,unreviewed,,,unassessed,尚未逐条评估证据和适用范围,unassessed,unassessed
commerce.analytics,分析,lifecycle_background,harmonyos,ios,unknown,unreviewed,,,unassessed,尚未逐条评估证据和适用范围,unassessed,unassessed
commerce.analytics,分析,permissions_privacy,android,harmonyos,unknown,unreviewed,,,unassessed,尚未逐条评估证据和适用范围,unassessed,unassessed
commerce.analytics,分析,permissions_privacy,android,ios,unknown,unreviewed,,,unassessed,尚未逐条评估证据和适用范围,unassessed,unassessed
commerce.analytics,分析,permissions_privacy,harmonyos,ios,unknown,unreviewed,,,unassessed,尚未逐条评估证据和适用范围,unassessed,unassessed
commerce.analytics,分析,limits_precision,android,harmonyos,unknown,unreviewed,,,unassessed,尚未逐条评估证据和适用范围,unassessed,unassessed
commerce.analytics,分析,limits_precision,android,ios,unknown,unreviewed,,,unassessed,尚未逐条评估证据和适用范围,unassessed,unassessed
commerce.analytics,分析,limits_precision,harmonyos,ios,unknown,unreviewed,,,unassessed,尚未逐条评估证据和适用范围,unassessed,unassessed
commerce.analytics,分析,device_forms,android,harmonyos,unknown,unreviewed,,,unassessed,尚未逐条评估证据和适用范围,unassessed,unassessed
commerce.analytics,分析,device_forms,android,ios,unknown,unreviewed,,,unassessed,尚未逐条评估证据和适用范围,unassessed,unassessed
commerce.analytics,分析,device_forms,harmonyos,ios,unknown,unreviewed,,,unassessed,尚未逐条评估证据和适用范围,unassessed,unassessed
commerce.analytics,分析,api_surface,android,harmonyos,unknown,unreviewed,,,unassessed,尚未逐条评估证据和适用范围,unassessed,unassessed
commerce.analytics,分析,api_surface,android,ios,unknown,unreviewed,,,unassessed,尚未逐条评估证据和适用范围,unassessed,unassessed
commerce.analytics,分析,api_surface,harmonyos,ios,unknown,unreviewed,,,unassessed,尚未逐条评估证据和适用范围,unassessed,unassessed
commerce.analytics.events,分析事件,availability,android,harmonyos,unknown,unreviewed,,,unassessed,尚未逐条评估证据和适用范围,unassessed,unassessed
commerce.analytics.events,分析事件,availability,android,ios,unknown,unreviewed,,,unassessed,尚未逐条评估证据和适用范围,unassessed,unassessed
commerce.analytics.events,分析事件,availability,harmonyos,ios,unknown,unreviewed,,,unassessed,尚未逐条评估证据和适用范围,unassessed,unassessed
commerce.analytics.events,分析事件,programming_model,android,harmonyos,unknown,unreviewed,,,unassessed,尚未逐条评估证据和适用范围,unassessed,unassessed
commerce.analytics.events,分析事件,programming_model,android,ios,unknown,unreviewed,,,unassessed,尚未逐条评估证据和适用范围,unassessed,unassessed
commerce.analytics.events,分析事件,programming_model,harmonyos,ios,unknown,unreviewed,,,unassessed,尚未逐条评估证据和适用范围,unassessed,unassessed
commerce.analytics.events,分析事件,lifecycle_background,android,harmonyos,unknown,unreviewed,,,unassessed,尚未逐条评估证据和适用范围,unassessed,unassessed
commerce.analytics.events,分析事件,lifecycle_background,android,ios,unknown,unreviewed,,,unassessed,尚未逐条评估证据和适用范围,unassessed,unassessed
commerce.analytics.events,分析事件,lifecycle_background,harmonyos,ios,unknown,unreviewed,,,unassessed,尚未逐条评估证据和适用范围,unassessed,unassessed
commerce.analytics.events,分析事件,permissions_privacy,android,harmonyos,unknown,unreviewed,,,unassessed,尚未逐条评估证据和适用范围,unassessed,unassessed
commerce.analytics.events,分析事件,permissions_privacy,android,ios,unknown,unreviewed,,,unassessed,尚未逐条评估证据和适用范围,unassessed,unassessed
commerce.analytics.events,分析事件,permissions_privacy,harmonyos,ios,unknown,unreviewed,,,unassessed,尚未逐条评估证据和适用范围,unassessed,unassessed
commerce.analytics.events,分析事件,limits_precision,android,harmonyos,unknown,unreviewed,,,unassessed,尚未逐条评估证据和适用范围,unassessed,unassessed
commerce.analytics.events,分析事件,limits_precision,android,ios,unknown,unreviewed,,,unassessed,尚未逐条评估证据和适用范围,unassessed,unassessed
commerce.analytics.events,分析事件,limits_precision,harmonyos,ios,unknown,unreviewed,,,unassessed,尚未逐条评估证据和适用范围,unassessed,unassessed
commerce.analytics.events,分析事件,device_forms,android,harmonyos,unknown,unreviewed,,,unassessed,尚未逐条评估证据和适用范围,unassessed,unassessed
commerce.analytics.events,分析事件,device_forms,android,ios,unknown,unreviewed,,,unassessed,尚未逐条评估证据和适用范围,unassessed,unassessed
commerce.analytics.events,分析事件,device_forms,harmonyos,ios,unknown,unreviewed,,,unassessed,尚未逐条评估证据和适用范围,unassessed,unassessed
commerce.analytics.events,分析事件,api_surface,android,harmonyos,unknown,unreviewed,,,unassessed,尚未逐条评估证据和适用范围,unassessed,unassessed
commerce.analytics.events,分析事件,api_surface,android,ios,unknown,unreviewed,,,unassessed,尚未逐条评估证据和适用范围,unassessed,unassessed
commerce.analytics.events,分析事件,api_surface,harmonyos,ios,unknown,unreviewed,,,unassessed,尚未逐条评估证据和适用范围,unassessed,unassessed
commerce.iap,应用内购买,availability,android,harmonyos,unknown,unreviewed,,,unassessed,尚未逐条评估证据和适用范围,unassessed,unassessed
commerce.iap,应用内购买,availability,android,ios,unknown,unreviewed,,,unassessed,尚未逐条评估证据和适用范围,unassessed,unassessed
commerce.iap,应用内购买,availability,harmonyos,ios,unknown,unreviewed,,,unassessed,尚未逐条评估证据和适用范围,unassessed,unassessed
commerce.iap,应用内购买,programming_model,android,harmonyos,unknown,unreviewed,,,unassessed,尚未逐条评估证据和适用范围,unassessed,unassessed
commerce.iap,应用内购买,programming_model,android,ios,unknown,unreviewed,,,unassessed,尚未逐条评估证据和适用范围,unassessed,unassessed
commerce.iap,应用内购买,programming_model,harmonyos,ios,unknown,unreviewed,,,unassessed,尚未逐条评估证据和适用范围,unassessed,unassessed
commerce.iap,应用内购买,lifecycle_background,android,harmonyos,unknown,unreviewed,,,unassessed,尚未逐条评估证据和适用范围,unassessed,unassessed
commerce.iap,应用内购买,lifecycle_background,android,ios,unknown,unreviewed,,,unassessed,尚未逐条评估证据和适用范围,unassessed,unassessed
commerce.iap,应用内购买,lifecycle_background,harmonyos,ios,unknown,unreviewed,,,unassessed,尚未逐条评估证据和适用范围,unassessed,unassessed
commerce.iap,应用内购买,permissions_privacy,android,harmonyos,unknown,unreviewed,,,unassessed,尚未逐条评估证据和适用范围,unassessed,unassessed
commerce.iap,应用内购买,permissions_privacy,android,ios,unknown,unreviewed,,,unassessed,尚未逐条评估证据和适用范围,unassessed,unassessed
commerce.iap,应用内购买,permissions_privacy,harmonyos,ios,unknown,unreviewed,,,unassessed,尚未逐条评估证据和适用范围,unassessed,unassessed
commerce.iap,应用内购买,limits_precision,android,harmonyos,unknown,unreviewed,,,unassessed,尚未逐条评估证据和适用范围,unassessed,unassessed
commerce.iap,应用内购买,limits_precision,android,ios,unknown,unreviewed,,,unassessed,尚未逐条评估证据和适用范围,unassessed,unassessed
commerce.iap,应用内购买,limits_precision,harmonyos,ios,unknown,unreviewed,,,unassessed,尚未逐条评估证据和适用范围,unassessed,unassessed
commerce.iap,应用内购买,device_forms,android,harmonyos,unknown,unreviewed,,,unassessed,尚未逐条评估证据和适用范围,unassessed,unassessed
commerce.iap,应用内购买,device_forms,android,ios,unknown,unreviewed,,,unassessed,尚未逐条评估证据和适用范围,unassessed,unassessed
commerce.iap,应用内购买,device_forms,harmonyos,ios,unknown,unreviewed,,,unassessed,尚未逐条评估证据和适用范围,unassessed,unassessed
commerce.iap,应用内购买,api_surface,android,harmonyos,unknown,unreviewed,,,unassessed,尚未逐条评估证据和适用范围,unassessed,unassessed
commerce.iap,应用内购买,api_surface,android,ios,unknown,unreviewed,,,unassessed,尚未逐条评估证据和适用范围,unassessed,unassessed
commerce.iap,应用内购买,api_surface,harmonyos,ios,unknown,unreviewed,,,unassessed,尚未逐条评估证据和适用范围,unassessed,unassessed
commerce.iap.products,内购商品,availability,android,harmonyos,unknown,unreviewed,,,unassessed,尚未逐条评估证据和适用范围,unassessed,unassessed
commerce.iap.products,内购商品,availability,android,ios,unknown,unreviewed,,,unassessed,尚未逐条评估证据和适用范围,unassessed,unassessed
commerce.iap.products,内购商品,availability,harmonyos,ios,unknown,unreviewed,,,unassessed,尚未逐条评估证据和适用范围,unassessed,unassessed
commerce.iap.products,内购商品,programming_model,android,harmonyos,unknown,unreviewed,,,unassessed,尚未逐条评估证据和适用范围,unassessed,unassessed
commerce.iap.products,内购商品,programming_model,android,ios,unknown,unreviewed,,,unassessed,尚未逐条评估证据和适用范围,unassessed,unassessed
commerce.iap.products,内购商品,programming_model,harmonyos,ios,unknown,unreviewed,,,unassessed,尚未逐条评估证据和适用范围,unassessed,unassessed
commerce.iap.products,内购商品,lifecycle_background,android,harmonyos,unknown,unreviewed,,,unassessed,尚未逐条评估证据和适用范围,unassessed,unassessed
commerce.iap.products,内购商品,lifecycle_background,android,ios,unknown,unreviewed,,,unassessed,尚未逐条评估证据和适用范围,unassessed,unassessed
commerce.iap.products,内购商品,lifecycle_background,harmonyos,ios,unknown,unreviewed,,,unassessed,尚未逐条评估证据和适用范围,unassessed,unassessed
commerce.iap.products,内购商品,permissions_privacy,android,harmonyos,unknown,unreviewed,,,unassessed,尚未逐条评估证据和适用范围,unassessed,unassessed
commerce.iap.products,内购商品,permissions_privacy,android,ios,unknown,unreviewed,,,unassessed,尚未逐条评估证据和适用范围,unassessed,unassessed
commerce.iap.products,内购商品,permissions_privacy,harmonyos,ios,unknown,unreviewed,,,unassessed,尚未逐条评估证据和适用范围,unassessed,unassessed
commerce.iap.products,内购商品,limits_precision,android,harmonyos,unknown,unreviewed,,,unassessed,尚未逐条评估证据和适用范围,unassessed,unassessed
commerce.iap.products,内购商品,limits_precision,android,ios,unknown,unreviewed,,,unassessed,尚未逐条评估证据和适用范围,unassessed,unassessed
commerce.iap.products,内购商品,limits_precision,harmonyos,ios,unknown,unreviewed,,,unassessed,尚未逐条评估证据和适用范围,unassessed,unassessed
commerce.iap.products,内购商品,device_forms,android,harmonyos,unknown,unreviewed,,,unassessed,尚未逐条评估证据和适用范围,unassessed,unassessed
commerce.iap.products,内购商品,device_forms,android,ios,unknown,unreviewed,,,unassessed,尚未逐条评估证据和适用范围,unassessed,unassessed
commerce.iap.products,内购商品,device_forms,harmonyos,ios,unknown,unreviewed,,,unassessed,尚未逐条评估证据和适用范围,unassessed,unassessed
commerce.iap.products,内购商品,api_surface,android,harmonyos,unknown,unreviewed,,,unassessed,尚未逐条评估证据和适用范围,unassessed,unassessed
commerce.iap.products,内购商品,api_surface,android,ios,unknown,unreviewed,,,unassessed,尚未逐条评估证据和适用范围,unassessed,unassessed
commerce.iap.products,内购商品,api_surface,harmonyos,ios,unknown,unreviewed,,,unassessed,尚未逐条评估证据和适用范围,unassessed,unassessed
connectivity,连接与外设,availability,android,harmonyos,unknown,unreviewed,,,unassessed,尚未逐条评估证据和适用范围,unassessed,unassessed
connectivity,连接与外设,availability,android,ios,unknown,unreviewed,,,unassessed,尚未逐条评估证据和适用范围,unassessed,unassessed
connectivity,连接与外设,availability,harmonyos,ios,unknown,unreviewed,,,unassessed,尚未逐条评估证据和适用范围,unassessed,unassessed
connectivity,连接与外设,programming_model,android,harmonyos,unknown,unreviewed,,,unassessed,尚未逐条评估证据和适用范围,unassessed,unassessed
connectivity,连接与外设,programming_model,android,ios,unknown,unreviewed,,,unassessed,尚未逐条评估证据和适用范围,unassessed,unassessed
connectivity,连接与外设,programming_model,harmonyos,ios,unknown,unreviewed,,,unassessed,尚未逐条评估证据和适用范围,unassessed,unassessed
connectivity,连接与外设,lifecycle_background,android,harmonyos,unknown,unreviewed,,,unassessed,尚未逐条评估证据和适用范围,unassessed,unassessed
connectivity,连接与外设,lifecycle_background,android,ios,unknown,unreviewed,,,unassessed,尚未逐条评估证据和适用范围,unassessed,unassessed
connectivity,连接与外设,lifecycle_background,harmonyos,ios,unknown,unreviewed,,,unassessed,尚未逐条评估证据和适用范围,unassessed,unassessed
connectivity,连接与外设,permissions_privacy,android,harmonyos,unknown,unreviewed,,,unassessed,尚未逐条评估证据和适用范围,unassessed,unassessed
connectivity,连接与外设,permissions_privacy,android,ios,unknown,unreviewed,,,unassessed,尚未逐条评估证据和适用范围,unassessed,unassessed
connectivity,连接与外设,permissions_privacy,harmonyos,ios,unknown,unreviewed,,,unassessed,尚未逐条评估证据和适用范围,unassessed,unassessed
connectivity,连接与外设,limits_precision,android,harmonyos,unknown,unreviewed,,,unassessed,尚未逐条评估证据和适用范围,unassessed,unassessed
connectivity,连接与外设,limits_precision,android,ios,unknown,unreviewed,,,unassessed,尚未逐条评估证据和适用范围,unassessed,unassessed
connectivity,连接与外设,limits_precision,harmonyos,ios,unknown,unreviewed,,,unassessed,尚未逐条评估证据和适用范围,unassessed,unassessed
connectivity,连接与外设,device_forms,android,harmonyos,unknown,unreviewed,,,unassessed,尚未逐条评估证据和适用范围,unassessed,unassessed
connectivity,连接与外设,device_forms,android,ios,unknown,unreviewed,,,unassessed,尚未逐条评估证据和适用范围,unassessed,unassessed
connectivity,连接与外设,device_forms,harmonyos,ios,unknown,unreviewed,,,unassessed,尚未逐条评估证据和适用范围,unassessed,unassessed
connectivity,连接与外设,api_surface,android,harmonyos,unknown,unreviewed,,,unassessed,尚未逐条评估证据和适用范围,unassessed,unassessed
connectivity,连接与外设,api_surface,android,ios,unknown,unreviewed,,,unassessed,尚未逐条评估证据和适用范围,unassessed,unassessed
connectivity,连接与外设,api_surface,harmonyos,ios,unknown,unreviewed,,,unassessed,尚未逐条评估证据和适用范围,unassessed,unassessed
connectivity.bluetooth,蓝牙,availability,android,harmonyos,unknown,unreviewed,,,unassessed,尚未逐条评估证据和适用范围,unassessed,unassessed
connectivity.bluetooth,蓝牙,availability,android,ios,unknown,unreviewed,,,unassessed,尚未逐条评估证据和适用范围,unassessed,unassessed
connectivity.bluetooth,蓝牙,availability,harmonyos,ios,unknown,unreviewed,,,unassessed,尚未逐条评估证据和适用范围,unassessed,unassessed
connectivity.bluetooth,蓝牙,programming_model,android,harmonyos,unknown,unreviewed,,,unassessed,尚未逐条评估证据和适用范围,unassessed,unassessed
connectivity.bluetooth,蓝牙,programming_model,android,ios,unknown,unreviewed,,,unassessed,尚未逐条评估证据和适用范围,unassessed,unassessed
connectivity.bluetooth,蓝牙,programming_model,harmonyos,ios,unknown,unreviewed,,,unassessed,尚未逐条评估证据和适用范围,unassessed,unassessed
connectivity.bluetooth,蓝牙,lifecycle_background,android,harmonyos,unknown,unreviewed,,,unassessed,尚未逐条评估证据和适用范围,unassessed,unassessed
connectivity.bluetooth,蓝牙,lifecycle_background,android,ios,unknown,unreviewed,,,unassessed,尚未逐条评估证据和适用范围,unassessed,unassessed
connectivity.bluetooth,蓝牙,lifecycle_background,harmonyos,ios,unknown,unreviewed,,,unassessed,尚未逐条评估证据和适用范围,unassessed,unassessed
connectivity.bluetooth,蓝牙,permissions_privacy,android,harmonyos,unknown,unreviewed,,,unassessed,尚未逐条评估证据和适用范围,unassessed,unassessed
connectivity.bluetooth,蓝牙,permissions_privacy,android,ios,unknown,unreviewed,,,unassessed,尚未逐条评估证据和适用范围,unassessed,unassessed
connectivity.bluetooth,蓝牙,permissions_privacy,harmonyos,ios,unknown,unreviewed,,,unassessed,尚未逐条评估证据和适用范围,unassessed,unassessed
connectivity.bluetooth,蓝牙,limits_precision,android,harmonyos,unknown,unreviewed,,,unassessed,尚未逐条评估证据和适用范围,unassessed,unassessed
connectivity.bluetooth,蓝牙,limits_precision,android,ios,unknown,unreviewed,,,unassessed,尚未逐条评估证据和适用范围,unassessed,unassessed
connectivity.bluetooth,蓝牙,limits_precision,harmonyos,ios,unknown,unreviewed,,,unassessed,尚未逐条评估证据和适用范围,unassessed,unassessed
connectivity.bluetooth,蓝牙,device_forms,android,harmonyos,unknown,unreviewed,,,unassessed,尚未逐条评估证据和适用范围,unassessed,unassessed
connectivity.bluetooth,蓝牙,device_forms,android,ios,unknown,unreviewed,,,unassessed,尚未逐条评估证据和适用范围,unassessed,unassessed
connectivity.bluetooth,蓝牙,device_forms,harmonyos,ios,unknown,unreviewed,,,unassessed,尚未逐条评估证据和适用范围,unassessed,unassessed
connectivity.bluetooth,蓝牙,api_surface,android,harmonyos,unknown,unreviewed,,,unassessed,尚未逐条评估证据和适用范围,unassessed,unassessed
connectivity.bluetooth,蓝牙,api_surface,android,ios,unknown,unreviewed,,,unassessed,尚未逐条评估证据和适用范围,unassessed,unassessed
connectivity.bluetooth,蓝牙,api_surface,harmonyos,ios,unknown,unreviewed,,,unassessed,尚未逐条评估证据和适用范围,unassessed,unassessed
connectivity.bluetooth.classic,经典蓝牙,availability,android,harmonyos,unknown,unreviewed,,,unassessed,尚未逐条评估证据和适用范围,unassessed,unassessed
connectivity.bluetooth.classic,经典蓝牙,availability,android,ios,unknown,unreviewed,,,unassessed,尚未逐条评估证据和适用范围,unassessed,unassessed
connectivity.bluetooth.classic,经典蓝牙,availability,harmonyos,ios,unknown,unreviewed,,,unassessed,尚未逐条评估证据和适用范围,unassessed,unassessed
connectivity.bluetooth.classic,经典蓝牙,programming_model,android,harmonyos,unknown,unreviewed,,,unassessed,尚未逐条评估证据和适用范围,unassessed,unassessed
connectivity.bluetooth.classic,经典蓝牙,programming_model,android,ios,unknown,unreviewed,,,unassessed,尚未逐条评估证据和适用范围,unassessed,unassessed
connectivity.bluetooth.classic,经典蓝牙,programming_model,harmonyos,ios,unknown,unreviewed,,,unassessed,尚未逐条评估证据和适用范围,unassessed,unassessed
connectivity.bluetooth.classic,经典蓝牙,lifecycle_background,android,harmonyos,unknown,unreviewed,,,unassessed,尚未逐条评估证据和适用范围,unassessed,unassessed
connectivity.bluetooth.classic,经典蓝牙,lifecycle_background,android,ios,unknown,unreviewed,,,unassessed,尚未逐条评估证据和适用范围,unassessed,unassessed
connectivity.bluetooth.classic,经典蓝牙,lifecycle_background,harmonyos,ios,unknown,unreviewed,,,unassessed,尚未逐条评估证据和适用范围,unassessed,unassessed
connectivity.bluetooth.classic,经典蓝牙,permissions_privacy,android,harmonyos,unknown,unreviewed,,,unassessed,尚未逐条评估证据和适用范围,unassessed,unassessed
connectivity.bluetooth.classic,经典蓝牙,permissions_privacy,android,ios,unknown,unreviewed,,,unassessed,尚未逐条评估证据和适用范围,unassessed,unassessed
connectivity.bluetooth.classic,经典蓝牙,permissions_privacy,harmonyos,ios,unknown,unreviewed,,,unassessed,尚未逐条评估证据和适用范围,unassessed,unassessed
connectivity.bluetooth.classic,经典蓝牙,limits_precision,android,harmonyos,unknown,unreviewed,,,unassessed,尚未逐条评估证据和适用范围,unassessed,unassessed
connectivity.bluetooth.classic,经典蓝牙,limits_precision,android,ios,unknown,unreviewed,,,unassessed,尚未逐条评估证据和适用范围,unassessed,unassessed
connectivity.bluetooth.classic,经典蓝牙,limits_precision,harmonyos,ios,unknown,unreviewed,,,unassessed,尚未逐条评估证据和适用范围,unassessed,unassessed
connectivity.bluetooth.classic,经典蓝牙,device_forms,android,harmonyos,unknown,unreviewed,,,unassessed,尚未逐条评估证据和适用范围,unassessed,unassessed
connectivity.bluetooth.classic,经典蓝牙,device_forms,android,ios,unknown,unreviewed,,,unassessed,尚未逐条评估证据和适用范围,unassessed,unassessed
connectivity.bluetooth.classic,经典蓝牙,device_forms,harmonyos,ios,unknown,unreviewed,,,unassessed,尚未逐条评估证据和适用范围,unassessed,unassessed
connectivity.bluetooth.classic,经典蓝牙,api_surface,android,harmonyos,unknown,unreviewed,,,unassessed,尚未逐条评估证据和适用范围,unassessed,unassessed
connectivity.bluetooth.classic,经典蓝牙,api_surface,android,ios,unknown,unreviewed,,,unassessed,尚未逐条评估证据和适用范围,unassessed,unassessed
connectivity.bluetooth.classic,经典蓝牙,api_surface,harmonyos,ios,unknown,unreviewed,,,unassessed,尚未逐条评估证据和适用范围,unassessed,unassessed
connectivity.bluetooth.le,低功耗蓝牙,availability,android,harmonyos,unknown,unreviewed,,,unassessed,尚未逐条评估证据和适用范围,unassessed,unassessed
connectivity.bluetooth.le,低功耗蓝牙,availability,android,ios,unknown,unreviewed,,,unassessed,尚未逐条评估证据和适用范围,unassessed,unassessed
connectivity.bluetooth.le,低功耗蓝牙,availability,harmonyos,ios,unknown,unreviewed,,,unassessed,尚未逐条评估证据和适用范围,unassessed,unassessed
connectivity.bluetooth.le,低功耗蓝牙,programming_model,android,harmonyos,unknown,unreviewed,,,unassessed,尚未逐条评估证据和适用范围,unassessed,unassessed
connectivity.bluetooth.le,低功耗蓝牙,programming_model,android,ios,unknown,unreviewed,,,unassessed,尚未逐条评估证据和适用范围,unassessed,unassessed
connectivity.bluetooth.le,低功耗蓝牙,programming_model,harmonyos,ios,unknown,unreviewed,,,unassessed,尚未逐条评估证据和适用范围,unassessed,unassessed
connectivity.bluetooth.le,低功耗蓝牙,lifecycle_background,android,harmonyos,unknown,unreviewed,,,unassessed,尚未逐条评估证据和适用范围,unassessed,unassessed
connectivity.bluetooth.le,低功耗蓝牙,lifecycle_background,android,ios,unknown,unreviewed,,,unassessed,尚未逐条评估证据和适用范围,unassessed,unassessed
connectivity.bluetooth.le,低功耗蓝牙,lifecycle_background,harmonyos,ios,unknown,unreviewed,,,unassessed,尚未逐条评估证据和适用范围,unassessed,unassessed
connectivity.bluetooth.le,低功耗蓝牙,permissions_privacy,android,harmonyos,unknown,unreviewed,,,unassessed,尚未逐条评估证据和适用范围,unassessed,unassessed
connectivity.bluetooth.le,低功耗蓝牙,permissions_privacy,android,ios,unknown,unreviewed,,,unassessed,尚未逐条评估证据和适用范围,unassessed,unassessed
connectivity.bluetooth.le,低功耗蓝牙,permissions_privacy,harmonyos,ios,unknown,unreviewed,,,unassessed,尚未逐条评估证据和适用范围,unassessed,unassessed
connectivity.bluetooth.le,低功耗蓝牙,limits_precision,android,harmonyos,unknown,unreviewed,,,unassessed,尚未逐条评估证据和适用范围,unassessed,unassessed
connectivity.bluetooth.le,低功耗蓝牙,limits_precision,android,ios,unknown,unreviewed,,,unassessed,尚未逐条评估证据和适用范围,unassessed,unassessed
connectivity.bluetooth.le,低功耗蓝牙,limits_precision,harmonyos,ios,unknown,unreviewed,,,unassessed,尚未逐条评估证据和适用范围,unassessed,unassessed
connectivity.bluetooth.le,低功耗蓝牙,device_forms,android,harmonyos,unknown,unreviewed,,,unassessed,尚未逐条评估证据和适用范围,unassessed,unassessed
connectivity.bluetooth.le,低功耗蓝牙,device_forms,android,ios,unknown,unreviewed,,,unassessed,尚未逐条评估证据和适用范围,unassessed,unassessed
connectivity.bluetooth.le,低功耗蓝牙,device_forms,harmonyos,ios,unknown,unreviewed,,,unassessed,尚未逐条评估证据和适用范围,unassessed,unassessed
connectivity.bluetooth.le,低功耗蓝牙,api_surface,android,harmonyos,unknown,unreviewed,,,unassessed,尚未逐条评估证据和适用范围,unassessed,unassessed
connectivity.bluetooth.le,低功耗蓝牙,api_surface,android,ios,unknown,unreviewed,,,unassessed,尚未逐条评估证据和适用范围,unassessed,unassessed
connectivity.bluetooth.le,低功耗蓝牙,api_surface,harmonyos,ios,unknown,unreviewed,,,unassessed,尚未逐条评估证据和适用范围,unassessed,unassessed
connectivity.bluetooth.le.advertise,BLE广播,availability,android,harmonyos,unknown,unreviewed,,,unassessed,尚未逐条评估证据和适用范围,unassessed,unassessed
connectivity.bluetooth.le.advertise,BLE广播,availability,android,ios,unknown,unreviewed,,,unassessed,尚未逐条评估证据和适用范围,unassessed,unassessed
connectivity.bluetooth.le.advertise,BLE广播,availability,harmonyos,ios,unknown,unreviewed,,,unassessed,尚未逐条评估证据和适用范围,unassessed,unassessed
connectivity.bluetooth.le.advertise,BLE广播,programming_model,android,harmonyos,unknown,unreviewed,,,unassessed,尚未逐条评估证据和适用范围,unassessed,unassessed
connectivity.bluetooth.le.advertise,BLE广播,programming_model,android,ios,unknown,unreviewed,,,unassessed,尚未逐条评估证据和适用范围,unassessed,unassessed
connectivity.bluetooth.le.advertise,BLE广播,programming_model,harmonyos,ios,unknown,unreviewed,,,unassessed,尚未逐条评估证据和适用范围,unassessed,unassessed
connectivity.bluetooth.le.advertise,BLE广播,lifecycle_background,android,harmonyos,unknown,unreviewed,,,unassessed,尚未逐条评估证据和适用范围,unassessed,unassessed
connectivity.bluetooth.le.advertise,BLE广播,lifecycle_background,android,ios,unknown,unreviewed,,,unassessed,尚未逐条评估证据和适用范围,unassessed,unassessed
connectivity.bluetooth.le.advertise,BLE广播,lifecycle_background,harmonyos,ios,unknown,unreviewed,,,unassessed,尚未逐条评估证据和适用范围,unassessed,unassessed
connectivity.bluetooth.le.advertise,BLE广播,permissions_privacy,android,harmonyos,unknown,unreviewed,,,unassessed,尚未逐条评估证据和适用范围,unassessed,unassessed
connectivity.bluetooth.le.advertise,BLE广播,permissions_privacy,android,ios,unknown,unreviewed,,,unassessed,尚未逐条评估证据和适用范围,unassessed,unassessed
connectivity.bluetooth.le.advertise,BLE广播,permissions_privacy,harmonyos,ios,unknown,unreviewed,,,unassessed,尚未逐条评估证据和适用范围,unassessed,unassessed
connectivity.bluetooth.le.advertise,BLE广播,limits_precision,android,harmonyos,unknown,unreviewed,,,unassessed,尚未逐条评估证据和适用范围,unassessed,unassessed
connectivity.bluetooth.le.advertise,BLE广播,limits_precision,android,ios,unknown,unreviewed,,,unassessed,尚未逐条评估证据和适用范围,unassessed,unassessed
connectivity.bluetooth.le.advertise,BLE广播,limits_precision,harmonyos,ios,unknown,unreviewed,,,unassessed,尚未逐条评估证据和适用范围,unassessed,unassessed
connectivity.bluetooth.le.advertise,BLE广播,device_forms,android,harmonyos,unknown,unreviewed,,,unassessed,尚未逐条评估证据和适用范围,unassessed,unassessed
connectivity.bluetooth.le.advertise,BLE广播,device_forms,android,ios,unknown,unreviewed,,,unassessed,尚未逐条评估证据和适用范围,unassessed,unassessed
connectivity.bluetooth.le.advertise,BLE广播,device_forms,harmonyos,ios,unknown,unreviewed,,,unassessed,尚未逐条评估证据和适用范围,unassessed,unassessed
connectivity.bluetooth.le.advertise,BLE广播,api_surface,android,harmonyos,unknown,unreviewed,,,unassessed,尚未逐条评估证据和适用范围,unassessed,unassessed
connectivity.bluetooth.le.advertise,BLE广播,api_surface,android,ios,unknown,unreviewed,,,unassessed,尚未逐条评估证据和适用范围,unassessed,unassessed
connectivity.bluetooth.le.advertise,BLE广播,api_surface,harmonyos,ios,unknown,unreviewed,,,unassessed,尚未逐条评估证据和适用范围,unassessed,unassessed
connectivity.bluetooth.le.connect,BLE连接,availability,android,harmonyos,unknown,unreviewed,,,unassessed,尚未逐条评估证据和适用范围,unassessed,unassessed
connectivity.bluetooth.le.connect,BLE连接,availability,android,ios,unknown,unreviewed,,,unassessed,尚未逐条评估证据和适用范围,unassessed,unassessed
connectivity.bluetooth.le.connect,BLE连接,availability,harmonyos,ios,unknown,unreviewed,,,unassessed,尚未逐条评估证据和适用范围,unassessed,unassessed
connectivity.bluetooth.le.connect,BLE连接,programming_model,android,harmonyos,unknown,unreviewed,,,unassessed,尚未逐条评估证据和适用范围,unassessed,unassessed
connectivity.bluetooth.le.connect,BLE连接,programming_model,android,ios,unknown,unreviewed,,,unassessed,尚未逐条评估证据和适用范围,unassessed,unassessed
connectivity.bluetooth.le.connect,BLE连接,programming_model,harmonyos,ios,unknown,unreviewed,,,unassessed,尚未逐条评估证据和适用范围,unassessed,unassessed
connectivity.bluetooth.le.connect,BLE连接,lifecycle_background,android,harmonyos,unknown,unreviewed,,,unassessed,尚未逐条评估证据和适用范围,unassessed,unassessed
connectivity.bluetooth.le.connect,BLE连接,lifecycle_background,android,ios,unknown,unreviewed,,,unassessed,尚未逐条评估证据和适用范围,unassessed,unassessed
connectivity.bluetooth.le.connect,BLE连接,lifecycle_background,harmonyos,ios,unknown,unreviewed,,,unassessed,尚未逐条评估证据和适用范围,unassessed,unassessed
connectivity.bluetooth.le.connect,BLE连接,permissions_privacy,android,harmonyos,unknown,unreviewed,,,unassessed,尚未逐条评估证据和适用范围,unassessed,unassessed
connectivity.bluetooth.le.connect,BLE连接,permissions_privacy,android,ios,unknown,unreviewed,,,unassessed,尚未逐条评估证据和适用范围,unassessed,unassessed
connectivity.bluetooth.le.connect,BLE连接,permissions_privacy,harmonyos,ios,unknown,unreviewed,,,unassessed,尚未逐条评估证据和适用范围,unassessed,unassessed
connectivity.bluetooth.le.connect,BLE连接,limits_precision,android,harmonyos,unknown,unreviewed,,,unassessed,尚未逐条评估证据和适用范围,unassessed,unassessed
connectivity.bluetooth.le.connect,BLE连接,limits_precision,android,ios,unknown,unreviewed,,,unassessed,尚未逐条评估证据和适用范围,unassessed,unassessed
connectivity.bluetooth.le.connect,BLE连接,limits_precision,harmonyos,ios,unknown,unreviewed,,,unassessed,尚未逐条评估证据和适用范围,unassessed,unassessed
connectivity.bluetooth.le.connect,BLE连接,device_forms,android,harmonyos,unknown,unreviewed,,,unassessed,尚未逐条评估证据和适用范围,unassessed,unassessed
connectivity.bluetooth.le.connect,BLE连接,device_forms,android,ios,unknown,unreviewed,,,unassessed,尚未逐条评估证据和适用范围,unassessed,unassessed
connectivity.bluetooth.le.connect,BLE连接,device_forms,harmonyos,ios,unknown,unreviewed,,,unassessed,尚未逐条评估证据和适用范围,unassessed,unassessed
connectivity.bluetooth.le.connect,BLE连接,api_surface,android,harmonyos,unknown,unreviewed,,,unassessed,尚未逐条评估证据和适用范围,unassessed,unassessed
connectivity.bluetooth.le.connect,BLE连接,api_surface,android,ios,unknown,unreviewed,,,unassessed,尚未逐条评估证据和适用范围,unassessed,unassessed
connectivity.bluetooth.le.connect,BLE连接,api_surface,harmonyos,ios,unknown,unreviewed,,,unassessed,尚未逐条评估证据和适用范围,unassessed,unassessed
connectivity.bluetooth.le.gatt,GATT读写通知,availability,android,harmonyos,unknown,unreviewed,,,unassessed,尚未逐条评估证据和适用范围,unassessed,unassessed
connectivity.bluetooth.le.gatt,GATT读写通知,availability,android,ios,unknown,unreviewed,,,unassessed,尚未逐条评估证据和适用范围,unassessed,unassessed
connectivity.bluetooth.le.gatt,GATT读写通知,availability,harmonyos,ios,unknown,unreviewed,,,unassessed,尚未逐条评估证据和适用范围,unassessed,unassessed
connectivity.bluetooth.le.gatt,GATT读写通知,programming_model,android,harmonyos,unknown,unreviewed,,,unassessed,尚未逐条评估证据和适用范围,unassessed,unassessed
connectivity.bluetooth.le.gatt,GATT读写通知,programming_model,android,ios,unknown,unreviewed,,,unassessed,尚未逐条评估证据和适用范围,unassessed,unassessed
connectivity.bluetooth.le.gatt,GATT读写通知,programming_model,harmonyos,ios,unknown,unreviewed,,,unassessed,尚未逐条评估证据和适用范围,unassessed,unassessed
connectivity.bluetooth.le.gatt,GATT读写通知,lifecycle_background,android,harmonyos,unknown,unreviewed,,,unassessed,尚未逐条评估证据和适用范围,unassessed,unassessed
connectivity.bluetooth.le.gatt,GATT读写通知,lifecycle_background,android,ios,unknown,unreviewed,,,unassessed,尚未逐条评估证据和适用范围,unassessed,unassessed
connectivity.bluetooth.le.gatt,GATT读写通知,lifecycle_background,harmonyos,ios,unknown,unreviewed,,,unassessed,尚未逐条评估证据和适用范围,unassessed,unassessed
connectivity.bluetooth.le.gatt,GATT读写通知,permissions_privacy,android,harmonyos,unknown,unreviewed,,,unassessed,尚未逐条评估证据和适用范围,unassessed,unassessed
connectivity.bluetooth.le.gatt,GATT读写通知,permissions_privacy,android,ios,unknown,unreviewed,,,unassessed,尚未逐条评估证据和适用范围,unassessed,unassessed
connectivity.bluetooth.le.gatt,GATT读写通知,permissions_privacy,harmonyos,ios,unknown,unreviewed,,,unassessed,尚未逐条评估证据和适用范围,unassessed,unassessed
connectivity.bluetooth.le.gatt,GATT读写通知,limits_precision,android,harmonyos,unknown,unreviewed,,,unassessed,尚未逐条评估证据和适用范围,unassessed,unassessed
connectivity.bluetooth.le.gatt,GATT读写通知,limits_precision,android,ios,unknown,unreviewed,,,unassessed,尚未逐条评估证据和适用范围,unassessed,unassessed
connectivity.bluetooth.le.gatt,GATT读写通知,limits_precision,harmonyos,ios,unknown,unreviewed,,,unassessed,尚未逐条评估证据和适用范围,unassessed,unassessed
connectivity.bluetooth.le.gatt,GATT读写通知,device_forms,android,harmonyos,unknown,unreviewed,,,unassessed,尚未逐条评估证据和适用范围,unassessed,unassessed
connectivity.bluetooth.le.gatt,GATT读写通知,device_forms,android,ios,unknown,unreviewed,,,unassessed,尚未逐条评估证据和适用范围,unassessed,unassessed
connectivity.bluetooth.le.gatt,GATT读写通知,device_forms,harmonyos,ios,unknown,unreviewed,,,unassessed,尚未逐条评估证据和适用范围,unassessed,unassessed
connectivity.bluetooth.le.gatt,GATT读写通知,api_surface,android,harmonyos,unknown,unreviewed,,,unassessed,尚未逐条评估证据和适用范围,unassessed,unassessed
connectivity.bluetooth.le.gatt,GATT读写通知,api_surface,android,ios,unknown,unreviewed,,,unassessed,尚未逐条评估证据和适用范围,unassessed,unassessed
connectivity.bluetooth.le.gatt,GATT读写通知,api_surface,harmonyos,ios,unknown,unreviewed,,,unassessed,尚未逐条评估证据和适用范围,unassessed,unassessed
connectivity.bluetooth.le.scan,BLE扫描,availability,android,harmonyos,unknown,unreviewed,,,unassessed,尚未逐条评估证据和适用范围,unassessed,unassessed
connectivity.bluetooth.le.scan,BLE扫描,availability,android,ios,unknown,unreviewed,,,unassessed,尚未逐条评估证据和适用范围,unassessed,unassessed
connectivity.bluetooth.le.scan,BLE扫描,availability,harmonyos,ios,unknown,unreviewed,,,unassessed,尚未逐条评估证据和适用范围,unassessed,unassessed
connectivity.bluetooth.le.scan,BLE扫描,programming_model,android,harmonyos,unknown,unreviewed,,,unassessed,尚未逐条评估证据和适用范围,unassessed,unassessed
connectivity.bluetooth.le.scan,BLE扫描,programming_model,android,ios,unknown,unreviewed,,,unassessed,尚未逐条评估证据和适用范围,unassessed,unassessed
connectivity.bluetooth.le.scan,BLE扫描,programming_model,harmonyos,ios,unknown,unreviewed,,,unassessed,尚未逐条评估证据和适用范围,unassessed,unassessed
connectivity.bluetooth.le.scan,BLE扫描,lifecycle_background,android,harmonyos,unknown,unreviewed,,,unassessed,尚未逐条评估证据和适用范围,unassessed,unassessed
connectivity.bluetooth.le.scan,BLE扫描,lifecycle_background,android,ios,unknown,unreviewed,,,unassessed,尚未逐条评估证据和适用范围,unassessed,unassessed
connectivity.bluetooth.le.scan,BLE扫描,lifecycle_background,harmonyos,ios,unknown,unreviewed,,,unassessed,尚未逐条评估证据和适用范围,unassessed,unassessed
connectivity.bluetooth.le.scan,BLE扫描,permissions_privacy,android,harmonyos,unknown,unreviewed,,,unassessed,尚未逐条评估证据和适用范围,unassessed,unassessed
connectivity.bluetooth.le.scan,BLE扫描,permissions_privacy,android,ios,unknown,unreviewed,,,unassessed,尚未逐条评估证据和适用范围,unassessed,unassessed
connectivity.bluetooth.le.scan,BLE扫描,permissions_privacy,harmonyos,ios,unknown,unreviewed,,,unassessed,尚未逐条评估证据和适用范围,unassessed,unassessed
connectivity.bluetooth.le.scan,BLE扫描,limits_precision,android,harmonyos,unknown,unreviewed,,,unassessed,尚未逐条评估证据和适用范围,unassessed,unassessed
connectivity.bluetooth.le.scan,BLE扫描,limits_precision,android,ios,unknown,unreviewed,,,unassessed,尚未逐条评估证据和适用范围,unassessed,unassessed
connectivity.bluetooth.le.scan,BLE扫描,limits_precision,harmonyos,ios,unknown,unreviewed,,,unassessed,尚未逐条评估证据和适用范围,unassessed,unassessed
connectivity.bluetooth.le.scan,BLE扫描,device_forms,android,harmonyos,unknown,unreviewed,,,unassessed,尚未逐条评估证据和适用范围,unassessed,unassessed
connectivity.bluetooth.le.scan,BLE扫描,device_forms,android,ios,unknown,unreviewed,,,unassessed,尚未逐条评估证据和适用范围,unassessed,unassessed
connectivity.bluetooth.le.scan,BLE扫描,device_forms,harmonyos,ios,unknown,unreviewed,,,unassessed,尚未逐条评估证据和适用范围,unassessed,unassessed
connectivity.bluetooth.le.scan,BLE扫描,api_surface,android,harmonyos,unknown,unreviewed,,,unassessed,尚未逐条评估证据和适用范围,unassessed,unassessed
connectivity.bluetooth.le.scan,BLE扫描,api_surface,android,ios,unknown,unreviewed,,,unassessed,尚未逐条评估证据和适用范围,unassessed,unassessed
connectivity.bluetooth.le.scan,BLE扫描,api_surface,harmonyos,ios,unknown,unreviewed,,,unassessed,尚未逐条评估证据和适用范围,unassessed,unassessed
connectivity.bluetooth.le.scan.background,BLE后台扫描,availability,android,harmonyos,unknown,unreviewed,,,unassessed,尚未逐条评估证据和适用范围,unassessed,unassessed
connectivity.bluetooth.le.scan.background,BLE后台扫描,availability,android,ios,unknown,unreviewed,,,unassessed,尚未逐条评估证据和适用范围,unassessed,unassessed
connectivity.bluetooth.le.scan.background,BLE后台扫描,availability,harmonyos,ios,unknown,unreviewed,,,unassessed,尚未逐条评估证据和适用范围,unassessed,unassessed
connectivity.bluetooth.le.scan.background,BLE后台扫描,programming_model,android,harmonyos,unknown,unreviewed,,,unassessed,尚未逐条评估证据和适用范围,unassessed,unassessed
connectivity.bluetooth.le.scan.background,BLE后台扫描,programming_model,android,ios,unknown,unreviewed,,,unassessed,尚未逐条评估证据和适用范围,unassessed,unassessed
connectivity.bluetooth.le.scan.background,BLE后台扫描,programming_model,harmonyos,ios,unknown,unreviewed,,,unassessed,尚未逐条评估证据和适用范围,unassessed,unassessed
connectivity.bluetooth.le.scan.background,BLE后台扫描,lifecycle_background,android,harmonyos,unknown,unreviewed,,,unassessed,尚未逐条评估证据和适用范围,unassessed,unassessed
connectivity.bluetooth.le.scan.background,BLE后台扫描,lifecycle_background,android,ios,unknown,unreviewed,,,unassessed,尚未逐条评估证据和适用范围,unassessed,unassessed
connectivity.bluetooth.le.scan.background,BLE后台扫描,lifecycle_background,harmonyos,ios,unknown,unreviewed,,,unassessed,尚未逐条评估证据和适用范围,unassessed,unassessed
connectivity.bluetooth.le.scan.background,BLE后台扫描,permissions_privacy,android,harmonyos,unknown,unreviewed,,,unassessed,尚未逐条评估证据和适用范围,unassessed,unassessed
connectivity.bluetooth.le.scan.background,BLE后台扫描,permissions_privacy,android,ios,unknown,unreviewed,,,unassessed,尚未逐条评估证据和适用范围,unassessed,unassessed
connectivity.bluetooth.le.scan.background,BLE后台扫描,permissions_privacy,harmonyos,ios,unknown,unreviewed,,,unassessed,尚未逐条评估证据和适用范围,unassessed,unassessed
connectivity.bluetooth.le.scan.background,BLE后台扫描,limits_precision,android,harmonyos,unknown,unreviewed,,,unassessed,尚未逐条评估证据和适用范围,unassessed,unassessed
connectivity.bluetooth.le.scan.background,BLE后台扫描,limits_precision,android,ios,unknown,unreviewed,,,unassessed,尚未逐条评估证据和适用范围,unassessed,unassessed
connectivity.bluetooth.le.scan.background,BLE后台扫描,limits_precision,harmonyos,ios,unknown,unreviewed,,,unassessed,尚未逐条评估证据和适用范围,unassessed,unassessed
connectivity.bluetooth.le.scan.background,BLE后台扫描,device_forms,android,harmonyos,unknown,unreviewed,,,unassessed,尚未逐条评估证据和适用范围,unassessed,unassessed
connectivity.bluetooth.le.scan.background,BLE后台扫描,device_forms,android,ios,unknown,unreviewed,,,unassessed,尚未逐条评估证据和适用范围,unassessed,unassessed
connectivity.bluetooth.le.scan.background,BLE后台扫描,device_forms,harmonyos,ios,unknown,unreviewed,,,unassessed,尚未逐条评估证据和适用范围,unassessed,unassessed
connectivity.bluetooth.le.scan.background,BLE后台扫描,api_surface,android,harmonyos,unknown,unreviewed,,,unassessed,尚未逐条评估证据和适用范围,unassessed,unassessed
connectivity.bluetooth.le.scan.background,BLE后台扫描,api_surface,android,ios,unknown,unreviewed,,,unassessed,尚未逐条评估证据和适用范围,unassessed,unassessed
connectivity.bluetooth.le.scan.background,BLE后台扫描,api_surface,harmonyos,ios,unknown,unreviewed,,,unassessed,尚未逐条评估证据和适用范围,unassessed,unassessed
connectivity.bluetooth.le.scan.batch,BLE批量扫描结果,availability,android,harmonyos,unknown,unreviewed,,,unassessed,尚未逐条评估证据和适用范围,unassessed,unassessed
connectivity.bluetooth.le.scan.batch,BLE批量扫描结果,availability,android,ios,unknown,unreviewed,,,unassessed,尚未逐条评估证据和适用范围,unassessed,unassessed
connectivity.bluetooth.le.scan.batch,BLE批量扫描结果,availability,harmonyos,ios,unknown,unreviewed,,,unassessed,尚未逐条评估证据和适用范围,unassessed,unassessed
connectivity.bluetooth.le.scan.batch,BLE批量扫描结果,programming_model,android,harmonyos,unknown,unreviewed,,,unassessed,尚未逐条评估证据和适用范围,unassessed,unassessed
connectivity.bluetooth.le.scan.batch,BLE批量扫描结果,programming_model,android,ios,unknown,unreviewed,,,unassessed,尚未逐条评估证据和适用范围,unassessed,unassessed
connectivity.bluetooth.le.scan.batch,BLE批量扫描结果,programming_model,harmonyos,ios,unknown,unreviewed,,,unassessed,尚未逐条评估证据和适用范围,unassessed,unassessed
connectivity.bluetooth.le.scan.batch,BLE批量扫描结果,lifecycle_background,android,harmonyos,unknown,unreviewed,,,unassessed,尚未逐条评估证据和适用范围,unassessed,unassessed
connectivity.bluetooth.le.scan.batch,BLE批量扫描结果,lifecycle_background,android,ios,unknown,unreviewed,,,unassessed,尚未逐条评估证据和适用范围,unassessed,unassessed
connectivity.bluetooth.le.scan.batch,BLE批量扫描结果,lifecycle_background,harmonyos,ios,unknown,unreviewed,,,unassessed,尚未逐条评估证据和适用范围,unassessed,unassessed
connectivity.bluetooth.le.scan.batch,BLE批量扫描结果,permissions_privacy,android,harmonyos,unknown,unreviewed,,,unassessed,尚未逐条评估证据和适用范围,unassessed,unassessed
connectivity.bluetooth.le.scan.batch,BLE批量扫描结果,permissions_privacy,android,ios,unknown,unreviewed,,,unassessed,尚未逐条评估证据和适用范围,unassessed,unassessed
connectivity.bluetooth.le.scan.batch,BLE批量扫描结果,permissions_privacy,harmonyos,ios,unknown,unreviewed,,,unassessed,尚未逐条评估证据和适用范围,unassessed,unassessed
connectivity.bluetooth.le.scan.batch,BLE批量扫描结果,limits_precision,android,harmonyos,unknown,unreviewed,,,unassessed,尚未逐条评估证据和适用范围,unassessed,unassessed
connectivity.bluetooth.le.scan.batch,BLE批量扫描结果,limits_precision,android,ios,unknown,unreviewed,,,unassessed,尚未逐条评估证据和适用范围,unassessed,unassessed
connectivity.bluetooth.le.scan.batch,BLE批量扫描结果,limits_precision,harmonyos,ios,unknown,unreviewed,,,unassessed,尚未逐条评估证据和适用范围,unassessed,unassessed
connectivity.bluetooth.le.scan.batch,BLE批量扫描结果,device_forms,android,harmonyos,unknown,unreviewed,,,unassessed,尚未逐条评估证据和适用范围,unassessed,unassessed
connectivity.bluetooth.le.scan.batch,BLE批量扫描结果,device_forms,android,ios,unknown,unreviewed,,,unassessed,尚未逐条评估证据和适用范围,unassessed,unassessed
connectivity.bluetooth.le.scan.batch,BLE批量扫描结果,device_forms,harmonyos,ios,unknown,unreviewed,,,unassessed,尚未逐条评估证据和适用范围,unassessed,unassessed
connectivity.bluetooth.le.scan.batch,BLE批量扫描结果,api_surface,android,harmonyos,unknown,unreviewed,,,unassessed,尚未逐条评估证据和适用范围,unassessed,unassessed
connectivity.bluetooth.le.scan.batch,BLE批量扫描结果,api_surface,android,ios,unknown,unreviewed,,,unassessed,尚未逐条评估证据和适用范围,unassessed,unassessed
connectivity.bluetooth.le.scan.batch,BLE批量扫描结果,api_surface,harmonyos,ios,unknown,unreviewed,,,unassessed,尚未逐条评估证据和适用范围,unassessed,unassessed
connectivity.bluetooth.le.scan.filter,BLE扫描过滤,availability,android,harmonyos,unknown,unreviewed,,,unassessed,尚未逐条评估证据和适用范围,unassessed,unassessed
connectivity.bluetooth.le.scan.filter,BLE扫描过滤,availability,android,ios,unknown,unreviewed,,,unassessed,尚未逐条评估证据和适用范围,unassessed,unassessed
connectivity.bluetooth.le.scan.filter,BLE扫描过滤,availability,harmonyos,ios,unknown,unreviewed,,,unassessed,尚未逐条评估证据和适用范围,unassessed,unassessed
connectivity.bluetooth.le.scan.filter,BLE扫描过滤,programming_model,android,harmonyos,unknown,unreviewed,,,unassessed,尚未逐条评估证据和适用范围,unassessed,unassessed
connectivity.bluetooth.le.scan.filter,BLE扫描过滤,programming_model,android,ios,unknown,unreviewed,,,unassessed,尚未逐条评估证据和适用范围,unassessed,unassessed
connectivity.bluetooth.le.scan.filter,BLE扫描过滤,programming_model,harmonyos,ios,unknown,unreviewed,,,unassessed,尚未逐条评估证据和适用范围,unassessed,unassessed
connectivity.bluetooth.le.scan.filter,BLE扫描过滤,lifecycle_background,android,harmonyos,unknown,unreviewed,,,unassessed,尚未逐条评估证据和适用范围,unassessed,unassessed
connectivity.bluetooth.le.scan.filter,BLE扫描过滤,lifecycle_background,android,ios,unknown,unreviewed,,,unassessed,尚未逐条评估证据和适用范围,unassessed,unassessed
connectivity.bluetooth.le.scan.filter,BLE扫描过滤,lifecycle_background,harmonyos,ios,unknown,unreviewed,,,unassessed,尚未逐条评估证据和适用范围,unassessed,unassessed
connectivity.bluetooth.le.scan.filter,BLE扫描过滤,permissions_privacy,android,harmonyos,unknown,unreviewed,,,unassessed,尚未逐条评估证据和适用范围,unassessed,unassessed
connectivity.bluetooth.le.scan.filter,BLE扫描过滤,permissions_privacy,android,ios,unknown,unreviewed,,,unassessed,尚未逐条评估证据和适用范围,unassessed,unassessed
connectivity.bluetooth.le.scan.filter,BLE扫描过滤,permissions_privacy,harmonyos,ios,unknown,unreviewed,,,unassessed,尚未逐条评估证据和适用范围,unassessed,unassessed
connectivity.bluetooth.le.scan.filter,BLE扫描过滤,limits_precision,android,harmonyos,unknown,unreviewed,,,unassessed,尚未逐条评估证据和适用范围,unassessed,unassessed
connectivity.bluetooth.le.scan.filter,BLE扫描过滤,limits_precision,android,ios,unknown,unreviewed,,,unassessed,尚未逐条评估证据和适用范围,unassessed,unassessed
connectivity.bluetooth.le.scan.filter,BLE扫描过滤,limits_precision,harmonyos,ios,unknown,unreviewed,,,unassessed,尚未逐条评估证据和适用范围,unassessed,unassessed
connectivity.bluetooth.le.scan.filter,BLE扫描过滤,device_forms,android,harmonyos,unknown,unreviewed,,,unassessed,尚未逐条评估证据和适用范围,unassessed,unassessed
connectivity.bluetooth.le.scan.filter,BLE扫描过滤,device_forms,android,ios,unknown,unreviewed,,,unassessed,尚未逐条评估证据和适用范围,unassessed,unassessed
connectivity.bluetooth.le.scan.filter,BLE扫描过滤,device_forms,harmonyos,ios,unknown,unreviewed,,,unassessed,尚未逐条评估证据和适用范围,unassessed,unassessed
connectivity.bluetooth.le.scan.filter,BLE扫描过滤,api_surface,android,harmonyos,unknown,unreviewed,,,unassessed,尚未逐条评估证据和适用范围,unassessed,unassessed
connectivity.bluetooth.le.scan.filter,BLE扫描过滤,api_surface,android,ios,different,in_review,扫描过滤条件与执行位置,历史资料提示条件种类和过滤执行位置不同，需固定 SDK、设备与扫描模式后核实。,unassessed,尚未逐条评估证据和适用范围,unassessed,unassessed
connectivity.bluetooth.le.scan.filter,BLE扫描过滤,api_surface,harmonyos,ios,unknown,unreviewed,,,unassessed,尚未逐条评估证据和适用范围,unassessed,unassessed
connectivity.nfc,NFC,availability,android,harmonyos,unknown,unreviewed,,,unassessed,尚未逐条评估证据和适用范围,unassessed,unassessed
connectivity.nfc,NFC,availability,android,ios,unknown,unreviewed,,,unassessed,尚未逐条评估证据和适用范围,unassessed,unassessed
connectivity.nfc,NFC,availability,harmonyos,ios,unknown,unreviewed,,,unassessed,尚未逐条评估证据和适用范围,unassessed,unassessed
connectivity.nfc,NFC,programming_model,android,harmonyos,unknown,unreviewed,,,unassessed,尚未逐条评估证据和适用范围,unassessed,unassessed
connectivity.nfc,NFC,programming_model,android,ios,unknown,unreviewed,,,unassessed,尚未逐条评估证据和适用范围,unassessed,unassessed
connectivity.nfc,NFC,programming_model,harmonyos,ios,unknown,unreviewed,,,unassessed,尚未逐条评估证据和适用范围,unassessed,unassessed
connectivity.nfc,NFC,lifecycle_background,android,harmonyos,unknown,unreviewed,,,unassessed,尚未逐条评估证据和适用范围,unassessed,unassessed
connectivity.nfc,NFC,lifecycle_background,android,ios,unknown,unreviewed,,,unassessed,尚未逐条评估证据和适用范围,unassessed,unassessed
connectivity.nfc,NFC,lifecycle_background,harmonyos,ios,unknown,unreviewed,,,unassessed,尚未逐条评估证据和适用范围,unassessed,unassessed
connectivity.nfc,NFC,permissions_privacy,android,harmonyos,unknown,unreviewed,,,unassessed,尚未逐条评估证据和适用范围,unassessed,unassessed
connectivity.nfc,NFC,permissions_privacy,android,ios,unknown,unreviewed,,,unassessed,尚未逐条评估证据和适用范围,unassessed,unassessed
connectivity.nfc,NFC,permissions_privacy,harmonyos,ios,unknown,unreviewed,,,unassessed,尚未逐条评估证据和适用范围,unassessed,unassessed
connectivity.nfc,NFC,limits_precision,android,harmonyos,unknown,unreviewed,,,unassessed,尚未逐条评估证据和适用范围,unassessed,unassessed
connectivity.nfc,NFC,limits_precision,android,ios,unknown,unreviewed,,,unassessed,尚未逐条评估证据和适用范围,unassessed,unassessed
connectivity.nfc,NFC,limits_precision,harmonyos,ios,unknown,unreviewed,,,unassessed,尚未逐条评估证据和适用范围,unassessed,unassessed
connectivity.nfc,NFC,device_forms,android,harmonyos,unknown,unreviewed,,,unassessed,尚未逐条评估证据和适用范围,unassessed,unassessed
connectivity.nfc,NFC,device_forms,android,ios,unknown,unreviewed,,,unassessed,尚未逐条评估证据和适用范围,unassessed,unassessed
connectivity.nfc,NFC,device_forms,harmonyos,ios,unknown,unreviewed,,,unassessed,尚未逐条评估证据和适用范围,unassessed,unassessed
connectivity.nfc,NFC,api_surface,android,harmonyos,unknown,unreviewed,,,unassessed,尚未逐条评估证据和适用范围,unassessed,unassessed
connectivity.nfc,NFC,api_surface,android,ios,unknown,unreviewed,,,unassessed,尚未逐条评估证据和适用范围,unassessed,unassessed
connectivity.nfc,NFC,api_surface,harmonyos,ios,unknown,unreviewed,,,unassessed,尚未逐条评估证据和适用范围,unassessed,unassessed
connectivity.nfc.hce,主机卡模拟,availability,android,harmonyos,unknown,unreviewed,,,unassessed,尚未逐条评估证据和适用范围,unassessed,unassessed
connectivity.nfc.hce,主机卡模拟,availability,android,ios,unknown,unreviewed,,,unassessed,尚未逐条评估证据和适用范围,unassessed,unassessed
connectivity.nfc.hce,主机卡模拟,availability,harmonyos,ios,unknown,unreviewed,,,unassessed,尚未逐条评估证据和适用范围,unassessed,unassessed
connectivity.nfc.hce,主机卡模拟,programming_model,android,harmonyos,unknown,unreviewed,,,unassessed,尚未逐条评估证据和适用范围,unassessed,unassessed
connectivity.nfc.hce,主机卡模拟,programming_model,android,ios,unknown,unreviewed,,,unassessed,尚未逐条评估证据和适用范围,unassessed,unassessed
connectivity.nfc.hce,主机卡模拟,programming_model,harmonyos,ios,unknown,unreviewed,,,unassessed,尚未逐条评估证据和适用范围,unassessed,unassessed
connectivity.nfc.hce,主机卡模拟,lifecycle_background,android,harmonyos,unknown,unreviewed,,,unassessed,尚未逐条评估证据和适用范围,unassessed,unassessed
connectivity.nfc.hce,主机卡模拟,lifecycle_background,android,ios,unknown,unreviewed,,,unassessed,尚未逐条评估证据和适用范围,unassessed,unassessed
connectivity.nfc.hce,主机卡模拟,lifecycle_background,harmonyos,ios,unknown,unreviewed,,,unassessed,尚未逐条评估证据和适用范围,unassessed,unassessed
connectivity.nfc.hce,主机卡模拟,permissions_privacy,android,harmonyos,unknown,unreviewed,,,unassessed,尚未逐条评估证据和适用范围,unassessed,unassessed
connectivity.nfc.hce,主机卡模拟,permissions_privacy,android,ios,unknown,unreviewed,,,unassessed,尚未逐条评估证据和适用范围,unassessed,unassessed
connectivity.nfc.hce,主机卡模拟,permissions_privacy,harmonyos,ios,unknown,unreviewed,,,unassessed,尚未逐条评估证据和适用范围,unassessed,unassessed
connectivity.nfc.hce,主机卡模拟,limits_precision,android,harmonyos,unknown,unreviewed,,,unassessed,尚未逐条评估证据和适用范围,unassessed,unassessed
connectivity.nfc.hce,主机卡模拟,limits_precision,android,ios,unknown,unreviewed,,,unassessed,尚未逐条评估证据和适用范围,unassessed,unassessed
connectivity.nfc.hce,主机卡模拟,limits_precision,harmonyos,ios,unknown,unreviewed,,,unassessed,尚未逐条评估证据和适用范围,unassessed,unassessed
connectivity.nfc.hce,主机卡模拟,device_forms,android,harmonyos,unknown,unreviewed,,,unassessed,尚未逐条评估证据和适用范围,unassessed,unassessed
connectivity.nfc.hce,主机卡模拟,device_forms,android,ios,unknown,unreviewed,,,unassessed,尚未逐条评估证据和适用范围,unassessed,unassessed
connectivity.nfc.hce,主机卡模拟,device_forms,harmonyos,ios,unknown,unreviewed,,,unassessed,尚未逐条评估证据和适用范围,unassessed,unassessed
connectivity.nfc.hce,主机卡模拟,api_surface,android,harmonyos,unknown,unreviewed,,,unassessed,尚未逐条评估证据和适用范围,unassessed,unassessed
connectivity.nfc.hce,主机卡模拟,api_surface,android,ios,unknown,unreviewed,,,unassessed,尚未逐条评估证据和适用范围,unassessed,unassessed
connectivity.nfc.hce,主机卡模拟,api_surface,harmonyos,ios,unknown,unreviewed,,,unassessed,尚未逐条评估证据和适用范围,unassessed,unassessed
connectivity.nfc.reader,NFC读写,availability,android,harmonyos,unknown,unreviewed,,,unassessed,尚未逐条评估证据和适用范围,unassessed,unassessed
connectivity.nfc.reader,NFC读写,availability,android,ios,unknown,unreviewed,,,unassessed,尚未逐条评估证据和适用范围,unassessed,unassessed
connectivity.nfc.reader,NFC读写,availability,harmonyos,ios,unknown,unreviewed,,,unassessed,尚未逐条评估证据和适用范围,unassessed,unassessed
connectivity.nfc.reader,NFC读写,programming_model,android,harmonyos,unknown,unreviewed,,,unassessed,尚未逐条评估证据和适用范围,unassessed,unassessed
connectivity.nfc.reader,NFC读写,programming_model,android,ios,unknown,unreviewed,,,unassessed,尚未逐条评估证据和适用范围,unassessed,unassessed
connectivity.nfc.reader,NFC读写,programming_model,harmonyos,ios,unknown,unreviewed,,,unassessed,尚未逐条评估证据和适用范围,unassessed,unassessed
connectivity.nfc.reader,NFC读写,lifecycle_background,android,harmonyos,unknown,unreviewed,,,unassessed,尚未逐条评估证据和适用范围,unassessed,unassessed
connectivity.nfc.reader,NFC读写,lifecycle_background,android,ios,unknown,unreviewed,,,unassessed,尚未逐条评估证据和适用范围,unassessed,unassessed
connectivity.nfc.reader,NFC读写,lifecycle_background,harmonyos,ios,unknown,unreviewed,,,unassessed,尚未逐条评估证据和适用范围,unassessed,unassessed
connectivity.nfc.reader,NFC读写,permissions_privacy,android,harmonyos,unknown,unreviewed,,,unassessed,尚未逐条评估证据和适用范围,unassessed,unassessed
connectivity.nfc.reader,NFC读写,permissions_privacy,android,ios,unknown,unreviewed,,,unassessed,尚未逐条评估证据和适用范围,unassessed,unassessed
connectivity.nfc.reader,NFC读写,permissions_privacy,harmonyos,ios,unknown,unreviewed,,,unassessed,尚未逐条评估证据和适用范围,unassessed,unassessed
connectivity.nfc.reader,NFC读写,limits_precision,android,harmonyos,unknown,unreviewed,,,unassessed,尚未逐条评估证据和适用范围,unassessed,unassessed
connectivity.nfc.reader,NFC读写,limits_precision,android,ios,unknown,unreviewed,,,unassessed,尚未逐条评估证据和适用范围,unassessed,unassessed
connectivity.nfc.reader,NFC读写,limits_precision,harmonyos,ios,unknown,unreviewed,,,unassessed,尚未逐条评估证据和适用范围,unassessed,unassessed
connectivity.nfc.reader,NFC读写,device_forms,android,harmonyos,unknown,unreviewed,,,unassessed,尚未逐条评估证据和适用范围,unassessed,unassessed
connectivity.nfc.reader,NFC读写,device_forms,android,ios,unknown,unreviewed,,,unassessed,尚未逐条评估证据和适用范围,unassessed,unassessed
connectivity.nfc.reader,NFC读写,device_forms,harmonyos,ios,unknown,unreviewed,,,unassessed,尚未逐条评估证据和适用范围,unassessed,unassessed
connectivity.nfc.reader,NFC读写,api_surface,android,harmonyos,unknown,unreviewed,,,unassessed,尚未逐条评估证据和适用范围,unassessed,unassessed
connectivity.nfc.reader,NFC读写,api_surface,android,ios,unknown,unreviewed,,,unassessed,尚未逐条评估证据和适用范围,unassessed,unassessed
connectivity.nfc.reader,NFC读写,api_surface,harmonyos,ios,unknown,unreviewed,,,unassessed,尚未逐条评估证据和适用范围,unassessed,unassessed
connectivity.usb,USB,availability,android,harmonyos,unknown,unreviewed,,,unassessed,尚未逐条评估证据和适用范围,unassessed,unassessed
connectivity.usb,USB,availability,android,ios,unknown,unreviewed,,,unassessed,尚未逐条评估证据和适用范围,unassessed,unassessed
connectivity.usb,USB,availability,harmonyos,ios,unknown,unreviewed,,,unassessed,尚未逐条评估证据和适用范围,unassessed,unassessed
connectivity.usb,USB,programming_model,android,harmonyos,unknown,unreviewed,,,unassessed,尚未逐条评估证据和适用范围,unassessed,unassessed
connectivity.usb,USB,programming_model,android,ios,unknown,unreviewed,,,unassessed,尚未逐条评估证据和适用范围,unassessed,unassessed
connectivity.usb,USB,programming_model,harmonyos,ios,unknown,unreviewed,,,unassessed,尚未逐条评估证据和适用范围,unassessed,unassessed
connectivity.usb,USB,lifecycle_background,android,harmonyos,unknown,unreviewed,,,unassessed,尚未逐条评估证据和适用范围,unassessed,unassessed
connectivity.usb,USB,lifecycle_background,android,ios,unknown,unreviewed,,,unassessed,尚未逐条评估证据和适用范围,unassessed,unassessed
connectivity.usb,USB,lifecycle_background,harmonyos,ios,unknown,unreviewed,,,unassessed,尚未逐条评估证据和适用范围,unassessed,unassessed
connectivity.usb,USB,permissions_privacy,android,harmonyos,unknown,unreviewed,,,unassessed,尚未逐条评估证据和适用范围,unassessed,unassessed
connectivity.usb,USB,permissions_privacy,android,ios,unknown,unreviewed,,,unassessed,尚未逐条评估证据和适用范围,unassessed,unassessed
connectivity.usb,USB,permissions_privacy,harmonyos,ios,unknown,unreviewed,,,unassessed,尚未逐条评估证据和适用范围,unassessed,unassessed
connectivity.usb,USB,limits_precision,android,harmonyos,unknown,unreviewed,,,unassessed,尚未逐条评估证据和适用范围,unassessed,unassessed
connectivity.usb,USB,limits_precision,android,ios,unknown,unreviewed,,,unassessed,尚未逐条评估证据和适用范围,unassessed,unassessed
connectivity.usb,USB,limits_precision,harmonyos,ios,unknown,unreviewed,,,unassessed,尚未逐条评估证据和适用范围,unassessed,unassessed
connectivity.usb,USB,device_forms,android,harmonyos,unknown,unreviewed,,,unassessed,尚未逐条评估证据和适用范围,unassessed,unassessed
connectivity.usb,USB,device_forms,android,ios,unknown,unreviewed,,,unassessed,尚未逐条评估证据和适用范围,unassessed,unassessed
connectivity.usb,USB,device_forms,harmonyos,ios,unknown,unreviewed,,,unassessed,尚未逐条评估证据和适用范围,unassessed,unassessed
connectivity.usb,USB,api_surface,android,harmonyos,unknown,unreviewed,,,unassessed,尚未逐条评估证据和适用范围,unassessed,unassessed
connectivity.usb,USB,api_surface,android,ios,unknown,unreviewed,,,unassessed,尚未逐条评估证据和适用范围,unassessed,unassessed
connectivity.usb,USB,api_surface,harmonyos,ios,unknown,unreviewed,,,unassessed,尚未逐条评估证据和适用范围,unassessed,unassessed
connectivity.usb.host,USB主机模式,availability,android,harmonyos,unknown,unreviewed,,,unassessed,尚未逐条评估证据和适用范围,unassessed,unassessed
connectivity.usb.host,USB主机模式,availability,android,ios,unknown,unreviewed,,,unassessed,尚未逐条评估证据和适用范围,unassessed,unassessed
connectivity.usb.host,USB主机模式,availability,harmonyos,ios,unknown,unreviewed,,,unassessed,尚未逐条评估证据和适用范围,unassessed,unassessed
connectivity.usb.host,USB主机模式,programming_model,android,harmonyos,unknown,unreviewed,,,unassessed,尚未逐条评估证据和适用范围,unassessed,unassessed
connectivity.usb.host,USB主机模式,programming_model,android,ios,unknown,unreviewed,,,unassessed,尚未逐条评估证据和适用范围,unassessed,unassessed
connectivity.usb.host,USB主机模式,programming_model,harmonyos,ios,unknown,unreviewed,,,unassessed,尚未逐条评估证据和适用范围,unassessed,unassessed
connectivity.usb.host,USB主机模式,lifecycle_background,android,harmonyos,unknown,unreviewed,,,unassessed,尚未逐条评估证据和适用范围,unassessed,unassessed
connectivity.usb.host,USB主机模式,lifecycle_background,android,ios,unknown,unreviewed,,,unassessed,尚未逐条评估证据和适用范围,unassessed,unassessed
connectivity.usb.host,USB主机模式,lifecycle_background,harmonyos,ios,unknown,unreviewed,,,unassessed,尚未逐条评估证据和适用范围,unassessed,unassessed
connectivity.usb.host,USB主机模式,permissions_privacy,android,harmonyos,unknown,unreviewed,,,unassessed,尚未逐条评估证据和适用范围,unassessed,unassessed
connectivity.usb.host,USB主机模式,permissions_privacy,android,ios,unknown,unreviewed,,,unassessed,尚未逐条评估证据和适用范围,unassessed,unassessed
connectivity.usb.host,USB主机模式,permissions_privacy,harmonyos,ios,unknown,unreviewed,,,unassessed,尚未逐条评估证据和适用范围,unassessed,unassessed
connectivity.usb.host,USB主机模式,limits_precision,android,harmonyos,unknown,unreviewed,,,unassessed,尚未逐条评估证据和适用范围,unassessed,unassessed
connectivity.usb.host,USB主机模式,limits_precision,android,ios,unknown,unreviewed,,,unassessed,尚未逐条评估证据和适用范围,unassessed,unassessed
connectivity.usb.host,USB主机模式,limits_precision,harmonyos,ios,unknown,unreviewed,,,unassessed,尚未逐条评估证据和适用范围,unassessed,unassessed
connectivity.usb.host,USB主机模式,device_forms,android,harmonyos,unknown,unreviewed,,,unassessed,尚未逐条评估证据和适用范围,unassessed,unassessed
connectivity.usb.host,USB主机模式,device_forms,android,ios,unknown,unreviewed,,,unassessed,尚未逐条评估证据和适用范围,unassessed,unassessed
connectivity.usb.host,USB主机模式,device_forms,harmonyos,ios,unknown,unreviewed,,,unassessed,尚未逐条评估证据和适用范围,unassessed,unassessed
connectivity.usb.host,USB主机模式,api_surface,android,harmonyos,unknown,unreviewed,,,unassessed,尚未逐条评估证据和适用范围,unassessed,unassessed
connectivity.usb.host,USB主机模式,api_surface,android,ios,unknown,unreviewed,,,unassessed,尚未逐条评估证据和适用范围,unassessed,unassessed
connectivity.usb.host,USB主机模式,api_surface,harmonyos,ios,unknown,unreviewed,,,unassessed,尚未逐条评估证据和适用范围,unassessed,unassessed
connectivity.wifi,Wi-Fi,availability,android,harmonyos,unknown,unreviewed,,,unassessed,尚未逐条评估证据和适用范围,unassessed,unassessed
connectivity.wifi,Wi-Fi,availability,android,ios,unknown,unreviewed,,,unassessed,尚未逐条评估证据和适用范围,unassessed,unassessed
connectivity.wifi,Wi-Fi,availability,harmonyos,ios,unknown,unreviewed,,,unassessed,尚未逐条评估证据和适用范围,unassessed,unassessed
connectivity.wifi,Wi-Fi,programming_model,android,harmonyos,unknown,unreviewed,,,unassessed,尚未逐条评估证据和适用范围,unassessed,unassessed
connectivity.wifi,Wi-Fi,programming_model,android,ios,unknown,unreviewed,,,unassessed,尚未逐条评估证据和适用范围,unassessed,unassessed
connectivity.wifi,Wi-Fi,programming_model,harmonyos,ios,unknown,unreviewed,,,unassessed,尚未逐条评估证据和适用范围,unassessed,unassessed
connectivity.wifi,Wi-Fi,lifecycle_background,android,harmonyos,unknown,unreviewed,,,unassessed,尚未逐条评估证据和适用范围,unassessed,unassessed
connectivity.wifi,Wi-Fi,lifecycle_background,android,ios,unknown,unreviewed,,,unassessed,尚未逐条评估证据和适用范围,unassessed,unassessed
connectivity.wifi,Wi-Fi,lifecycle_background,harmonyos,ios,unknown,unreviewed,,,unassessed,尚未逐条评估证据和适用范围,unassessed,unassessed
connectivity.wifi,Wi-Fi,permissions_privacy,android,harmonyos,unknown,unreviewed,,,unassessed,尚未逐条评估证据和适用范围,unassessed,unassessed
connectivity.wifi,Wi-Fi,permissions_privacy,android,ios,unknown,unreviewed,,,unassessed,尚未逐条评估证据和适用范围,unassessed,unassessed
connectivity.wifi,Wi-Fi,permissions_privacy,harmonyos,ios,unknown,unreviewed,,,unassessed,尚未逐条评估证据和适用范围,unassessed,unassessed
connectivity.wifi,Wi-Fi,limits_precision,android,harmonyos,unknown,unreviewed,,,unassessed,尚未逐条评估证据和适用范围,unassessed,unassessed
connectivity.wifi,Wi-Fi,limits_precision,android,ios,unknown,unreviewed,,,unassessed,尚未逐条评估证据和适用范围,unassessed,unassessed
connectivity.wifi,Wi-Fi,limits_precision,harmonyos,ios,unknown,unreviewed,,,unassessed,尚未逐条评估证据和适用范围,unassessed,unassessed
connectivity.wifi,Wi-Fi,device_forms,android,harmonyos,unknown,unreviewed,,,unassessed,尚未逐条评估证据和适用范围,unassessed,unassessed
connectivity.wifi,Wi-Fi,device_forms,android,ios,unknown,unreviewed,,,unassessed,尚未逐条评估证据和适用范围,unassessed,unassessed
connectivity.wifi,Wi-Fi,device_forms,harmonyos,ios,unknown,unreviewed,,,unassessed,尚未逐条评估证据和适用范围,unassessed,unassessed
connectivity.wifi,Wi-Fi,api_surface,android,harmonyos,unknown,unreviewed,,,unassessed,尚未逐条评估证据和适用范围,unassessed,unassessed
connectivity.wifi,Wi-Fi,api_surface,android,ios,unknown,unreviewed,,,unassessed,尚未逐条评估证据和适用范围,unassessed,unassessed
connectivity.wifi,Wi-Fi,api_surface,harmonyos,ios,unknown,unreviewed,,,unassessed,尚未逐条评估证据和适用范围,unassessed,unassessed
connectivity.wifi.connect,Wi-Fi连接建议,availability,android,harmonyos,unknown,unreviewed,,,unassessed,尚未逐条评估证据和适用范围,unassessed,unassessed
connectivity.wifi.connect,Wi-Fi连接建议,availability,android,ios,unknown,unreviewed,,,unassessed,尚未逐条评估证据和适用范围,unassessed,unassessed
connectivity.wifi.connect,Wi-Fi连接建议,availability,harmonyos,ios,unknown,unreviewed,,,unassessed,尚未逐条评估证据和适用范围,unassessed,unassessed
connectivity.wifi.connect,Wi-Fi连接建议,programming_model,android,harmonyos,unknown,unreviewed,,,unassessed,尚未逐条评估证据和适用范围,unassessed,unassessed
connectivity.wifi.connect,Wi-Fi连接建议,programming_model,android,ios,unknown,unreviewed,,,unassessed,尚未逐条评估证据和适用范围,unassessed,unassessed
connectivity.wifi.connect,Wi-Fi连接建议,programming_model,harmonyos,ios,unknown,unreviewed,,,unassessed,尚未逐条评估证据和适用范围,unassessed,unassessed
connectivity.wifi.connect,Wi-Fi连接建议,lifecycle_background,android,harmonyos,unknown,unreviewed,,,unassessed,尚未逐条评估证据和适用范围,unassessed,unassessed
connectivity.wifi.connect,Wi-Fi连接建议,lifecycle_background,android,ios,unknown,unreviewed,,,unassessed,尚未逐条评估证据和适用范围,unassessed,unassessed
connectivity.wifi.connect,Wi-Fi连接建议,lifecycle_background,harmonyos,ios,unknown,unreviewed,,,unassessed,尚未逐条评估证据和适用范围,unassessed,unassessed
connectivity.wifi.connect,Wi-Fi连接建议,permissions_privacy,android,harmonyos,unknown,unreviewed,,,unassessed,尚未逐条评估证据和适用范围,unassessed,unassessed
connectivity.wifi.connect,Wi-Fi连接建议,permissions_privacy,android,ios,unknown,unreviewed,,,unassessed,尚未逐条评估证据和适用范围,unassessed,unassessed
connectivity.wifi.connect,Wi-Fi连接建议,permissions_privacy,harmonyos,ios,unknown,unreviewed,,,unassessed,尚未逐条评估证据和适用范围,unassessed,unassessed
connectivity.wifi.connect,Wi-Fi连接建议,limits_precision,android,harmonyos,unknown,unreviewed,,,unassessed,尚未逐条评估证据和适用范围,unassessed,unassessed
connectivity.wifi.connect,Wi-Fi连接建议,limits_precision,android,ios,unknown,unreviewed,,,unassessed,尚未逐条评估证据和适用范围,unassessed,unassessed
connectivity.wifi.connect,Wi-Fi连接建议,limits_precision,harmonyos,ios,unknown,unreviewed,,,unassessed,尚未逐条评估证据和适用范围,unassessed,unassessed
connectivity.wifi.connect,Wi-Fi连接建议,device_forms,android,harmonyos,unknown,unreviewed,,,unassessed,尚未逐条评估证据和适用范围,unassessed,unassessed
connectivity.wifi.connect,Wi-Fi连接建议,device_forms,android,ios,unknown,unreviewed,,,unassessed,尚未逐条评估证据和适用范围,unassessed,unassessed
connectivity.wifi.connect,Wi-Fi连接建议,device_forms,harmonyos,ios,unknown,unreviewed,,,unassessed,尚未逐条评估证据和适用范围,unassessed,unassessed
connectivity.wifi.connect,Wi-Fi连接建议,api_surface,android,harmonyos,unknown,unreviewed,,,unassessed,尚未逐条评估证据和适用范围,unassessed,unassessed
connectivity.wifi.connect,Wi-Fi连接建议,api_surface,android,ios,unknown,unreviewed,,,unassessed,尚未逐条评估证据和适用范围,unassessed,unassessed
connectivity.wifi.connect,Wi-Fi连接建议,api_surface,harmonyos,ios,unknown,unreviewed,,,unassessed,尚未逐条评估证据和适用范围,unassessed,unassessed
connectivity.wifi.scan,Wi-Fi扫描,availability,android,harmonyos,unknown,unreviewed,,,unassessed,尚未逐条评估证据和适用范围,unassessed,unassessed
connectivity.wifi.scan,Wi-Fi扫描,availability,android,ios,unknown,unreviewed,,,unassessed,尚未逐条评估证据和适用范围,unassessed,unassessed
connectivity.wifi.scan,Wi-Fi扫描,availability,harmonyos,ios,unknown,unreviewed,,,unassessed,尚未逐条评估证据和适用范围,unassessed,unassessed
connectivity.wifi.scan,Wi-Fi扫描,programming_model,android,harmonyos,unknown,unreviewed,,,unassessed,尚未逐条评估证据和适用范围,unassessed,unassessed
connectivity.wifi.scan,Wi-Fi扫描,programming_model,android,ios,unknown,unreviewed,,,unassessed,尚未逐条评估证据和适用范围,unassessed,unassessed
connectivity.wifi.scan,Wi-Fi扫描,programming_model,harmonyos,ios,unknown,unreviewed,,,unassessed,尚未逐条评估证据和适用范围,unassessed,unassessed
connectivity.wifi.scan,Wi-Fi扫描,lifecycle_background,android,harmonyos,unknown,unreviewed,,,unassessed,尚未逐条评估证据和适用范围,unassessed,unassessed
connectivity.wifi.scan,Wi-Fi扫描,lifecycle_background,android,ios,unknown,unreviewed,,,unassessed,尚未逐条评估证据和适用范围,unassessed,unassessed
connectivity.wifi.scan,Wi-Fi扫描,lifecycle_background,harmonyos,ios,unknown,unreviewed,,,unassessed,尚未逐条评估证据和适用范围,unassessed,unassessed
connectivity.wifi.scan,Wi-Fi扫描,permissions_privacy,android,harmonyos,unknown,unreviewed,,,unassessed,尚未逐条评估证据和适用范围,unassessed,unassessed
connectivity.wifi.scan,Wi-Fi扫描,permissions_privacy,android,ios,unknown,unreviewed,,,unassessed,尚未逐条评估证据和适用范围,unassessed,unassessed
connectivity.wifi.scan,Wi-Fi扫描,permissions_privacy,harmonyos,ios,unknown,unreviewed,,,unassessed,尚未逐条评估证据和适用范围,unassessed,unassessed
connectivity.wifi.scan,Wi-Fi扫描,limits_precision,android,harmonyos,unknown,unreviewed,,,unassessed,尚未逐条评估证据和适用范围,unassessed,unassessed
connectivity.wifi.scan,Wi-Fi扫描,limits_precision,android,ios,unknown,unreviewed,,,unassessed,尚未逐条评估证据和适用范围,unassessed,unassessed
connectivity.wifi.scan,Wi-Fi扫描,limits_precision,harmonyos,ios,unknown,unreviewed,,,unassessed,尚未逐条评估证据和适用范围,unassessed,unassessed
connectivity.wifi.scan,Wi-Fi扫描,device_forms,android,harmonyos,unknown,unreviewed,,,unassessed,尚未逐条评估证据和适用范围,unassessed,unassessed
connectivity.wifi.scan,Wi-Fi扫描,device_forms,android,ios,unknown,unreviewed,,,unassessed,尚未逐条评估证据和适用范围,unassessed,unassessed
connectivity.wifi.scan,Wi-Fi扫描,device_forms,harmonyos,ios,unknown,unreviewed,,,unassessed,尚未逐条评估证据和适用范围,unassessed,unassessed
connectivity.wifi.scan,Wi-Fi扫描,api_surface,android,harmonyos,unknown,unreviewed,,,unassessed,尚未逐条评估证据和适用范围,unassessed,unassessed
connectivity.wifi.scan,Wi-Fi扫描,api_surface,android,ios,unknown,unreviewed,,,unassessed,尚未逐条评估证据和适用范围,unassessed,unassessed
connectivity.wifi.scan,Wi-Fi扫描,api_surface,harmonyos,ios,unknown,unreviewed,,,unassessed,尚未逐条评估证据和适用范围,unassessed,unassessed
device,设备与系统资源,availability,android,harmonyos,unknown,unreviewed,,,unassessed,尚未逐条评估证据和适用范围,unassessed,unassessed
device,设备与系统资源,availability,android,ios,unknown,unreviewed,,,unassessed,尚未逐条评估证据和适用范围,unassessed,unassessed
device,设备与系统资源,availability,harmonyos,ios,unknown,unreviewed,,,unassessed,尚未逐条评估证据和适用范围,unassessed,unassessed
device,设备与系统资源,programming_model,android,harmonyos,unknown,unreviewed,,,unassessed,尚未逐条评估证据和适用范围,unassessed,unassessed
device,设备与系统资源,programming_model,android,ios,unknown,unreviewed,,,unassessed,尚未逐条评估证据和适用范围,unassessed,unassessed
device,设备与系统资源,programming_model,harmonyos,ios,unknown,unreviewed,,,unassessed,尚未逐条评估证据和适用范围,unassessed,unassessed
device,设备与系统资源,lifecycle_background,android,harmonyos,unknown,unreviewed,,,unassessed,尚未逐条评估证据和适用范围,unassessed,unassessed
device,设备与系统资源,lifecycle_background,android,ios,unknown,unreviewed,,,unassessed,尚未逐条评估证据和适用范围,unassessed,unassessed
device,设备与系统资源,lifecycle_background,harmonyos,ios,unknown,unreviewed,,,unassessed,尚未逐条评估证据和适用范围,unassessed,unassessed
device,设备与系统资源,permissions_privacy,android,harmonyos,unknown,unreviewed,,,unassessed,尚未逐条评估证据和适用范围,unassessed,unassessed
device,设备与系统资源,permissions_privacy,android,ios,unknown,unreviewed,,,unassessed,尚未逐条评估证据和适用范围,unassessed,unassessed
device,设备与系统资源,permissions_privacy,harmonyos,ios,unknown,unreviewed,,,unassessed,尚未逐条评估证据和适用范围,unassessed,unassessed
device,设备与系统资源,limits_precision,android,harmonyos,unknown,unreviewed,,,unassessed,尚未逐条评估证据和适用范围,unassessed,unassessed
device,设备与系统资源,limits_precision,android,ios,unknown,unreviewed,,,unassessed,尚未逐条评估证据和适用范围,unassessed,unassessed
device,设备与系统资源,limits_precision,harmonyos,ios,unknown,unreviewed,,,unassessed,尚未逐条评估证据和适用范围,unassessed,unassessed
device,设备与系统资源,device_forms,android,harmonyos,unknown,unreviewed,,,unassessed,尚未逐条评估证据和适用范围,unassessed,unassessed
device,设备与系统资源,device_forms,android,ios,unknown,unreviewed,,,unassessed,尚未逐条评估证据和适用范围,unassessed,unassessed
device,设备与系统资源,device_forms,harmonyos,ios,unknown,unreviewed,,,unassessed,尚未逐条评估证据和适用范围,unassessed,unassessed
device,设备与系统资源,api_surface,android,harmonyos,unknown,unreviewed,,,unassessed,尚未逐条评估证据和适用范围,unassessed,unassessed
device,设备与系统资源,api_surface,android,ios,unknown,unreviewed,,,unassessed,尚未逐条评估证据和适用范围,unassessed,unassessed
device,设备与系统资源,api_surface,harmonyos,ios,unknown,unreviewed,,,unassessed,尚未逐条评估证据和适用范围,unassessed,unassessed
device.audio_route,音频路由,availability,android,harmonyos,unknown,unreviewed,,,unassessed,尚未逐条评估证据和适用范围,unassessed,unassessed
device.audio_route,音频路由,availability,android,ios,unknown,unreviewed,,,unassessed,尚未逐条评估证据和适用范围,unassessed,unassessed
device.audio_route,音频路由,availability,harmonyos,ios,unknown,unreviewed,,,unassessed,尚未逐条评估证据和适用范围,unassessed,unassessed
device.audio_route,音频路由,programming_model,android,harmonyos,unknown,unreviewed,,,unassessed,尚未逐条评估证据和适用范围,unassessed,unassessed
device.audio_route,音频路由,programming_model,android,ios,unknown,unreviewed,,,unassessed,尚未逐条评估证据和适用范围,unassessed,unassessed
device.audio_route,音频路由,programming_model,harmonyos,ios,unknown,unreviewed,,,unassessed,尚未逐条评估证据和适用范围,unassessed,unassessed
device.audio_route,音频路由,lifecycle_background,android,harmonyos,unknown,unreviewed,,,unassessed,尚未逐条评估证据和适用范围,unassessed,unassessed
device.audio_route,音频路由,lifecycle_background,android,ios,unknown,unreviewed,,,unassessed,尚未逐条评估证据和适用范围,unassessed,unassessed
device.audio_route,音频路由,lifecycle_background,harmonyos,ios,unknown,unreviewed,,,unassessed,尚未逐条评估证据和适用范围,unassessed,unassessed
device.audio_route,音频路由,permissions_privacy,android,harmonyos,unknown,unreviewed,,,unassessed,尚未逐条评估证据和适用范围,unassessed,unassessed
device.audio_route,音频路由,permissions_privacy,android,ios,unknown,unreviewed,,,unassessed,尚未逐条评估证据和适用范围,unassessed,unassessed
device.audio_route,音频路由,permissions_privacy,harmonyos,ios,unknown,unreviewed,,,unassessed,尚未逐条评估证据和适用范围,unassessed,unassessed
device.audio_route,音频路由,limits_precision,android,harmonyos,unknown,unreviewed,,,unassessed,尚未逐条评估证据和适用范围,unassessed,unassessed
device.audio_route,音频路由,limits_precision,android,ios,unknown,unreviewed,,,unassessed,尚未逐条评估证据和适用范围,unassessed,unassessed
device.audio_route,音频路由,limits_precision,harmonyos,ios,unknown,unreviewed,,,unassessed,尚未逐条评估证据和适用范围,unassessed,unassessed
device.audio_route,音频路由,device_forms,android,harmonyos,unknown,unreviewed,,,unassessed,尚未逐条评估证据和适用范围,unassessed,unassessed
device.audio_route,音频路由,device_forms,android,ios,unknown,unreviewed,,,unassessed,尚未逐条评估证据和适用范围,unassessed,unassessed
device.audio_route,音频路由,device_forms,harmonyos,ios,unknown,unreviewed,,,unassessed,尚未逐条评估证据和适用范围,unassessed,unassessed
device.audio_route,音频路由,api_surface,android,harmonyos,unknown,unreviewed,,,unassessed,尚未逐条评估证据和适用范围,unassessed,unassessed
device.audio_route,音频路由,api_surface,android,ios,unknown,unreviewed,,,unassessed,尚未逐条评估证据和适用范围,unassessed,unassessed
device.audio_route,音频路由,api_surface,harmonyos,ios,unknown,unreviewed,,,unassessed,尚未逐条评估证据和适用范围,unassessed,unassessed
device.audio_route.output,音频输出路由,availability,android,harmonyos,unknown,unreviewed,,,unassessed,尚未逐条评估证据和适用范围,unassessed,unassessed
device.audio_route.output,音频输出路由,availability,android,ios,unknown,unreviewed,,,unassessed,尚未逐条评估证据和适用范围,unassessed,unassessed
device.audio_route.output,音频输出路由,availability,harmonyos,ios,unknown,unreviewed,,,unassessed,尚未逐条评估证据和适用范围,unassessed,unassessed
device.audio_route.output,音频输出路由,programming_model,android,harmonyos,unknown,unreviewed,,,unassessed,尚未逐条评估证据和适用范围,unassessed,unassessed
device.audio_route.output,音频输出路由,programming_model,android,ios,unknown,unreviewed,,,unassessed,尚未逐条评估证据和适用范围,unassessed,unassessed
device.audio_route.output,音频输出路由,programming_model,harmonyos,ios,unknown,unreviewed,,,unassessed,尚未逐条评估证据和适用范围,unassessed,unassessed
device.audio_route.output,音频输出路由,lifecycle_background,android,harmonyos,unknown,unreviewed,,,unassessed,尚未逐条评估证据和适用范围,unassessed,unassessed
device.audio_route.output,音频输出路由,lifecycle_background,android,ios,unknown,unreviewed,,,unassessed,尚未逐条评估证据和适用范围,unassessed,unassessed
device.audio_route.output,音频输出路由,lifecycle_background,harmonyos,ios,unknown,unreviewed,,,unassessed,尚未逐条评估证据和适用范围,unassessed,unassessed
device.audio_route.output,音频输出路由,permissions_privacy,android,harmonyos,unknown,unreviewed,,,unassessed,尚未逐条评估证据和适用范围,unassessed,unassessed
device.audio_route.output,音频输出路由,permissions_privacy,android,ios,unknown,unreviewed,,,unassessed,尚未逐条评估证据和适用范围,unassessed,unassessed
device.audio_route.output,音频输出路由,permissions_privacy,harmonyos,ios,unknown,unreviewed,,,unassessed,尚未逐条评估证据和适用范围,unassessed,unassessed
device.audio_route.output,音频输出路由,limits_precision,android,harmonyos,unknown,unreviewed,,,unassessed,尚未逐条评估证据和适用范围,unassessed,unassessed
device.audio_route.output,音频输出路由,limits_precision,android,ios,unknown,unreviewed,,,unassessed,尚未逐条评估证据和适用范围,unassessed,unassessed
device.audio_route.output,音频输出路由,limits_precision,harmonyos,ios,unknown,unreviewed,,,unassessed,尚未逐条评估证据和适用范围,unassessed,unassessed
device.audio_route.output,音频输出路由,device_forms,android,harmonyos,unknown,unreviewed,,,unassessed,尚未逐条评估证据和适用范围,unassessed,unassessed
device.audio_route.output,音频输出路由,device_forms,android,ios,unknown,unreviewed,,,unassessed,尚未逐条评估证据和适用范围,unassessed,unassessed
device.audio_route.output,音频输出路由,device_forms,harmonyos,ios,unknown,unreviewed,,,unassessed,尚未逐条评估证据和适用范围,unassessed,unassessed
device.audio_route.output,音频输出路由,api_surface,android,harmonyos,unknown,unreviewed,,,unassessed,尚未逐条评估证据和适用范围,unassessed,unassessed
device.audio_route.output,音频输出路由,api_surface,android,ios,unknown,unreviewed,,,unassessed,尚未逐条评估证据和适用范围,unassessed,unassessed
device.audio_route.output,音频输出路由,api_surface,harmonyos,ios,unknown,unreviewed,,,unassessed,尚未逐条评估证据和适用范围,unassessed,unassessed
device.display,显示,availability,android,harmonyos,unknown,unreviewed,,,unassessed,尚未逐条评估证据和适用范围,unassessed,unassessed
device.display,显示,availability,android,ios,unknown,unreviewed,,,unassessed,尚未逐条评估证据和适用范围,unassessed,unassessed
device.display,显示,availability,harmonyos,ios,unknown,unreviewed,,,unassessed,尚未逐条评估证据和适用范围,unassessed,unassessed
device.display,显示,programming_model,android,harmonyos,unknown,unreviewed,,,unassessed,尚未逐条评估证据和适用范围,unassessed,unassessed
device.display,显示,programming_model,android,ios,unknown,unreviewed,,,unassessed,尚未逐条评估证据和适用范围,unassessed,unassessed
device.display,显示,programming_model,harmonyos,ios,unknown,unreviewed,,,unassessed,尚未逐条评估证据和适用范围,unassessed,unassessed
device.display,显示,lifecycle_background,android,harmonyos,unknown,unreviewed,,,unassessed,尚未逐条评估证据和适用范围,unassessed,unassessed
device.display,显示,lifecycle_background,android,ios,unknown,unreviewed,,,unassessed,尚未逐条评估证据和适用范围,unassessed,unassessed
device.display,显示,lifecycle_background,harmonyos,ios,unknown,unreviewed,,,unassessed,尚未逐条评估证据和适用范围,unassessed,unassessed
device.display,显示,permissions_privacy,android,harmonyos,unknown,unreviewed,,,unassessed,尚未逐条评估证据和适用范围,unassessed,unassessed
device.display,显示,permissions_privacy,android,ios,unknown,unreviewed,,,unassessed,尚未逐条评估证据和适用范围,unassessed,unassessed
device.display,显示,permissions_privacy,harmonyos,ios,unknown,unreviewed,,,unassessed,尚未逐条评估证据和适用范围,unassessed,unassessed
device.display,显示,limits_precision,android,harmonyos,unknown,unreviewed,,,unassessed,尚未逐条评估证据和适用范围,unassessed,unassessed
device.display,显示,limits_precision,android,ios,unknown,unreviewed,,,unassessed,尚未逐条评估证据和适用范围,unassessed,unassessed
device.display,显示,limits_precision,harmonyos,ios,unknown,unreviewed,,,unassessed,尚未逐条评估证据和适用范围,unassessed,unassessed
device.display,显示,device_forms,android,harmonyos,unknown,unreviewed,,,unassessed,尚未逐条评估证据和适用范围,unassessed,unassessed
device.display,显示,device_forms,android,ios,unknown,unreviewed,,,unassessed,尚未逐条评估证据和适用范围,unassessed,unassessed
device.display,显示,device_forms,harmonyos,ios,unknown,unreviewed,,,unassessed,尚未逐条评估证据和适用范围,unassessed,unassessed
device.display,显示,api_surface,android,harmonyos,unknown,unreviewed,,,unassessed,尚未逐条评估证据和适用范围,unassessed,unassessed
device.display,显示,api_surface,android,ios,unknown,unreviewed,,,unassessed,尚未逐条评估证据和适用范围,unassessed,unassessed
device.display,显示,api_surface,harmonyos,ios,unknown,unreviewed,,,unassessed,尚未逐条评估证据和适用范围,unassessed,unassessed
device.display.brightness,亮度控制,availability,android,harmonyos,unknown,unreviewed,,,unassessed,尚未逐条评估证据和适用范围,unassessed,unassessed
device.display.brightness,亮度控制,availability,android,ios,unknown,unreviewed,,,unassessed,尚未逐条评估证据和适用范围,unassessed,unassessed
device.display.brightness,亮度控制,availability,harmonyos,ios,unknown,unreviewed,,,unassessed,尚未逐条评估证据和适用范围,unassessed,unassessed
device.display.brightness,亮度控制,programming_model,android,harmonyos,unknown,unreviewed,,,unassessed,尚未逐条评估证据和适用范围,unassessed,unassessed
device.display.brightness,亮度控制,programming_model,android,ios,unknown,unreviewed,,,unassessed,尚未逐条评估证据和适用范围,unassessed,unassessed
device.display.brightness,亮度控制,programming_model,harmonyos,ios,unknown,unreviewed,,,unassessed,尚未逐条评估证据和适用范围,unassessed,unassessed
device.display.brightness,亮度控制,lifecycle_background,android,harmonyos,unknown,unreviewed,,,unassessed,尚未逐条评估证据和适用范围,unassessed,unassessed
device.display.brightness,亮度控制,lifecycle_background,android,ios,unknown,unreviewed,,,unassessed,尚未逐条评估证据和适用范围,unassessed,unassessed
device.display.brightness,亮度控制,lifecycle_background,harmonyos,ios,unknown,unreviewed,,,unassessed,尚未逐条评估证据和适用范围,unassessed,unassessed
device.display.brightness,亮度控制,permissions_privacy,android,harmonyos,unknown,unreviewed,,,unassessed,尚未逐条评估证据和适用范围,unassessed,unassessed
device.display.brightness,亮度控制,permissions_privacy,android,ios,unknown,unreviewed,,,unassessed,尚未逐条评估证据和适用范围,unassessed,unassessed
device.display.brightness,亮度控制,permissions_privacy,harmonyos,ios,unknown,unreviewed,,,unassessed,尚未逐条评估证据和适用范围,unassessed,unassessed
device.display.brightness,亮度控制,limits_precision,android,harmonyos,unknown,unreviewed,,,unassessed,尚未逐条评估证据和适用范围,unassessed,unassessed
device.display.brightness,亮度控制,limits_precision,android,ios,unknown,unreviewed,,,unassessed,尚未逐条评估证据和适用范围,unassessed,unassessed
device.display.brightness,亮度控制,limits_precision,harmonyos,ios,unknown,unreviewed,,,unassessed,尚未逐条评估证据和适用范围,unassessed,unassessed
device.display.brightness,亮度控制,device_forms,android,harmonyos,unknown,unreviewed,,,unassessed,尚未逐条评估证据和适用范围,unassessed,unassessed
device.display.brightness,亮度控制,device_forms,android,ios,unknown,unreviewed,,,unassessed,尚未逐条评估证据和适用范围,unassessed,unassessed
device.display.brightness,亮度控制,device_forms,harmonyos,ios,unknown,unreviewed,,,unassessed,尚未逐条评估证据和适用范围,unassessed,unassessed
device.display.brightness,亮度控制,api_surface,android,harmonyos,unknown,unreviewed,,,unassessed,尚未逐条评估证据和适用范围,unassessed,unassessed
device.display.brightness,亮度控制,api_surface,android,ios,unknown,unreviewed,,,unassessed,尚未逐条评估证据和适用范围,unassessed,unassessed
device.display.brightness,亮度控制,api_surface,harmonyos,ios,unknown,unreviewed,,,unassessed,尚未逐条评估证据和适用范围,unassessed,unassessed
device.power,电量,availability,android,harmonyos,unknown,unreviewed,,,unassessed,尚未逐条评估证据和适用范围,unassessed,unassessed
device.power,电量,availability,android,ios,unknown,unreviewed,,,unassessed,尚未逐条评估证据和适用范围,unassessed,unassessed
device.power,电量,availability,harmonyos,ios,unknown,unreviewed,,,unassessed,尚未逐条评估证据和适用范围,unassessed,unassessed
device.power,电量,programming_model,android,harmonyos,unknown,unreviewed,,,unassessed,尚未逐条评估证据和适用范围,unassessed,unassessed
device.power,电量,programming_model,android,ios,unknown,unreviewed,,,unassessed,尚未逐条评估证据和适用范围,unassessed,unassessed
device.power,电量,programming_model,harmonyos,ios,unknown,unreviewed,,,unassessed,尚未逐条评估证据和适用范围,unassessed,unassessed
device.power,电量,lifecycle_background,android,harmonyos,unknown,unreviewed,,,unassessed,尚未逐条评估证据和适用范围,unassessed,unassessed
device.power,电量,lifecycle_background,android,ios,unknown,unreviewed,,,unassessed,尚未逐条评估证据和适用范围,unassessed,unassessed
device.power,电量,lifecycle_background,harmonyos,ios,unknown,unreviewed,,,unassessed,尚未逐条评估证据和适用范围,unassessed,unassessed
device.power,电量,permissions_privacy,android,harmonyos,unknown,unreviewed,,,unassessed,尚未逐条评估证据和适用范围,unassessed,unassessed
device.power,电量,permissions_privacy,android,ios,unknown,unreviewed,,,unassessed,尚未逐条评估证据和适用范围,unassessed,unassessed
device.power,电量,permissions_privacy,harmonyos,ios,unknown,unreviewed,,,unassessed,尚未逐条评估证据和适用范围,unassessed,unassessed
device.power,电量,limits_precision,android,harmonyos,unknown,unreviewed,,,unassessed,尚未逐条评估证据和适用范围,unassessed,unassessed
device.power,电量,limits_precision,android,ios,unknown,unreviewed,,,unassessed,尚未逐条评估证据和适用范围,unassessed,unassessed
device.power,电量,limits_precision,harmonyos,ios,unknown,unreviewed,,,unassessed,尚未逐条评估证据和适用范围,unassessed,unassessed
device.power,电量,device_forms,android,harmonyos,unknown,unreviewed,,,unassessed,尚未逐条评估证据和适用范围,unassessed,unassessed
device.power,电量,device_forms,android,ios,unknown,unreviewed,,,unassessed,尚未逐条评估证据和适用范围,unassessed,unassessed
device.power,电量,device_forms,harmonyos,ios,unknown,unreviewed,,,unassessed,尚未逐条评估证据和适用范围,unassessed,unassessed
device.power,电量,api_surface,android,harmonyos,unknown,unreviewed,,,unassessed,尚未逐条评估证据和适用范围,unassessed,unassessed
device.power,电量,api_surface,android,ios,unknown,unreviewed,,,unassessed,尚未逐条评估证据和适用范围,unassessed,unassessed
device.power,电量,api_surface,harmonyos,ios,unknown,unreviewed,,,unassessed,尚未逐条评估证据和适用范围,unassessed,unassessed
device.power.battery,电池状态,availability,android,harmonyos,unknown,unreviewed,,,unassessed,尚未逐条评估证据和适用范围,unassessed,unassessed
device.power.battery,电池状态,availability,android,ios,unknown,unreviewed,,,unassessed,尚未逐条评估证据和适用范围,unassessed,unassessed
device.power.battery,电池状态,availability,harmonyos,ios,unknown,unreviewed,,,unassessed,尚未逐条评估证据和适用范围,unassessed,unassessed
device.power.battery,电池状态,programming_model,android,harmonyos,unknown,unreviewed,,,unassessed,尚未逐条评估证据和适用范围,unassessed,unassessed
device.power.battery,电池状态,programming_model,android,ios,unknown,unreviewed,,,unassessed,尚未逐条评估证据和适用范围,unassessed,unassessed
device.power.battery,电池状态,programming_model,harmonyos,ios,unknown,unreviewed,,,unassessed,尚未逐条评估证据和适用范围,unassessed,unassessed
device.power.battery,电池状态,lifecycle_background,android,harmonyos,unknown,unreviewed,,,unassessed,尚未逐条评估证据和适用范围,unassessed,unassessed
device.power.battery,电池状态,lifecycle_background,android,ios,unknown,unreviewed,,,unassessed,尚未逐条评估证据和适用范围,unassessed,unassessed
device.power.battery,电池状态,lifecycle_background,harmonyos,ios,unknown,unreviewed,,,unassessed,尚未逐条评估证据和适用范围,unassessed,unassessed
device.power.battery,电池状态,permissions_privacy,android,harmonyos,unknown,unreviewed,,,unassessed,尚未逐条评估证据和适用范围,unassessed,unassessed
device.power.battery,电池状态,permissions_privacy,android,ios,unknown,unreviewed,,,unassessed,尚未逐条评估证据和适用范围,unassessed,unassessed
device.power.battery,电池状态,permissions_privacy,harmonyos,ios,unknown,unreviewed,,,unassessed,尚未逐条评估证据和适用范围,unassessed,unassessed
device.power.battery,电池状态,limits_precision,android,harmonyos,unknown,unreviewed,,,unassessed,尚未逐条评估证据和适用范围,unassessed,unassessed
device.power.battery,电池状态,limits_precision,android,ios,unknown,unreviewed,,,unassessed,尚未逐条评估证据和适用范围,unassessed,unassessed
device.power.battery,电池状态,limits_precision,harmonyos,ios,unknown,unreviewed,,,unassessed,尚未逐条评估证据和适用范围,unassessed,unassessed
device.power.battery,电池状态,device_forms,android,harmonyos,unknown,unreviewed,,,unassessed,尚未逐条评估证据和适用范围,unassessed,unassessed
device.power.battery,电池状态,device_forms,android,ios,unknown,unreviewed,,,unassessed,尚未逐条评估证据和适用范围,unassessed,unassessed
device.power.battery,电池状态,device_forms,harmonyos,ios,unknown,unreviewed,,,unassessed,尚未逐条评估证据和适用范围,unassessed,unassessed
device.power.battery,电池状态,api_surface,android,harmonyos,unknown,unreviewed,,,unassessed,尚未逐条评估证据和适用范围,unassessed,unassessed
device.power.battery,电池状态,api_surface,android,ios,unknown,unreviewed,,,unassessed,尚未逐条评估证据和适用范围,unassessed,unassessed
device.power.battery,电池状态,api_surface,harmonyos,ios,unknown,unreviewed,,,unassessed,尚未逐条评估证据和适用范围,unassessed,unassessed
distributed,分布式与多端,availability,android,harmonyos,unknown,unreviewed,,,unassessed,尚未逐条评估证据和适用范围,unassessed,unassessed
distributed,分布式与多端,availability,android,ios,unknown,unreviewed,,,unassessed,尚未逐条评估证据和适用范围,unassessed,unassessed
distributed,分布式与多端,availability,harmonyos,ios,unknown,unreviewed,,,unassessed,尚未逐条评估证据和适用范围,unassessed,unassessed
distributed,分布式与多端,programming_model,android,harmonyos,unknown,unreviewed,,,unassessed,尚未逐条评估证据和适用范围,unassessed,unassessed
distributed,分布式与多端,programming_model,android,ios,unknown,unreviewed,,,unassessed,尚未逐条评估证据和适用范围,unassessed,unassessed
distributed,分布式与多端,programming_model,harmonyos,ios,unknown,unreviewed,,,unassessed,尚未逐条评估证据和适用范围,unassessed,unassessed
distributed,分布式与多端,lifecycle_background,android,harmonyos,unknown,unreviewed,,,unassessed,尚未逐条评估证据和适用范围,unassessed,unassessed
distributed,分布式与多端,lifecycle_background,android,ios,unknown,unreviewed,,,unassessed,尚未逐条评估证据和适用范围,unassessed,unassessed
distributed,分布式与多端,lifecycle_background,harmonyos,ios,unknown,unreviewed,,,unassessed,尚未逐条评估证据和适用范围,unassessed,unassessed
distributed,分布式与多端,permissions_privacy,android,harmonyos,unknown,unreviewed,,,unassessed,尚未逐条评估证据和适用范围,unassessed,unassessed
distributed,分布式与多端,permissions_privacy,android,ios,unknown,unreviewed,,,unassessed,尚未逐条评估证据和适用范围,unassessed,unassessed
distributed,分布式与多端,permissions_privacy,harmonyos,ios,unknown,unreviewed,,,unassessed,尚未逐条评估证据和适用范围,unassessed,unassessed
distributed,分布式与多端,limits_precision,android,harmonyos,unknown,unreviewed,,,unassessed,尚未逐条评估证据和适用范围,unassessed,unassessed
distributed,分布式与多端,limits_precision,android,ios,unknown,unreviewed,,,unassessed,尚未逐条评估证据和适用范围,unassessed,unassessed
distributed,分布式与多端,limits_precision,harmonyos,ios,unknown,unreviewed,,,unassessed,尚未逐条评估证据和适用范围,unassessed,unassessed
distributed,分布式与多端,device_forms,android,harmonyos,unknown,unreviewed,,,unassessed,尚未逐条评估证据和适用范围,unassessed,unassessed
distributed,分布式与多端,device_forms,android,ios,unknown,unreviewed,,,unassessed,尚未逐条评估证据和适用范围,unassessed,unassessed
distributed,分布式与多端,device_forms,harmonyos,ios,unknown,unreviewed,,,unassessed,尚未逐条评估证据和适用范围,unassessed,unassessed
distributed,分布式与多端,api_surface,android,harmonyos,unknown,unreviewed,,,unassessed,尚未逐条评估证据和适用范围,unassessed,unassessed
distributed,分布式与多端,api_surface,android,ios,unknown,unreviewed,,,unassessed,尚未逐条评估证据和适用范围,unassessed,unassessed
distributed,分布式与多端,api_surface,harmonyos,ios,unknown,unreviewed,,,unassessed,尚未逐条评估证据和适用范围,unassessed,unassessed
distributed.continuity,任务接续,availability,android,harmonyos,unknown,unreviewed,,,unassessed,尚未逐条评估证据和适用范围,unassessed,unassessed
distributed.continuity,任务接续,availability,android,ios,unknown,unreviewed,,,unassessed,尚未逐条评估证据和适用范围,unassessed,unassessed
distributed.continuity,任务接续,availability,harmonyos,ios,unknown,unreviewed,,,unassessed,尚未逐条评估证据和适用范围,unassessed,unassessed
distributed.continuity,任务接续,programming_model,android,harmonyos,unknown,unreviewed,,,unassessed,尚未逐条评估证据和适用范围,unassessed,unassessed
distributed.continuity,任务接续,programming_model,android,ios,unknown,unreviewed,,,unassessed,尚未逐条评估证据和适用范围,unassessed,unassessed
distributed.continuity,任务接续,programming_model,harmonyos,ios,unknown,unreviewed,,,unassessed,尚未逐条评估证据和适用范围,unassessed,unassessed
distributed.continuity,任务接续,lifecycle_background,android,harmonyos,unknown,unreviewed,,,unassessed,尚未逐条评估证据和适用范围,unassessed,unassessed
distributed.continuity,任务接续,lifecycle_background,android,ios,unknown,unreviewed,,,unassessed,尚未逐条评估证据和适用范围,unassessed,unassessed
distributed.continuity,任务接续,lifecycle_background,harmonyos,ios,unknown,unreviewed,,,unassessed,尚未逐条评估证据和适用范围,unassessed,unassessed
distributed.continuity,任务接续,permissions_privacy,android,harmonyos,unknown,unreviewed,,,unassessed,尚未逐条评估证据和适用范围,unassessed,unassessed
distributed.continuity,任务接续,permissions_privacy,android,ios,unknown,unreviewed,,,unassessed,尚未逐条评估证据和适用范围,unassessed,unassessed
distributed.continuity,任务接续,permissions_privacy,harmonyos,ios,unknown,unreviewed,,,unassessed,尚未逐条评估证据和适用范围,unassessed,unassessed
distributed.continuity,任务接续,limits_precision,android,harmonyos,unknown,unreviewed,,,unassessed,尚未逐条评估证据和适用范围,unassessed,unassessed
distributed.continuity,任务接续,limits_precision,android,ios,unknown,unreviewed,,,unassessed,尚未逐条评估证据和适用范围,unassessed,unassessed
distributed.continuity,任务接续,limits_precision,harmonyos,ios,unknown,unreviewed,,,unassessed,尚未逐条评估证据和适用范围,unassessed,unassessed
distributed.continuity,任务接续,device_forms,android,harmonyos,unknown,unreviewed,,,unassessed,尚未逐条评估证据和适用范围,unassessed,unassessed
distributed.continuity,任务接续,device_forms,android,ios,unknown,unreviewed,,,unassessed,尚未逐条评估证据和适用范围,unassessed,unassessed
distributed.continuity,任务接续,device_forms,harmonyos,ios,unknown,unreviewed,,,unassessed,尚未逐条评估证据和适用范围,unassessed,unassessed
distributed.continuity,任务接续,api_surface,android,harmonyos,unknown,unreviewed,,,unassessed,尚未逐条评估证据和适用范围,unassessed,unassessed
distributed.continuity,任务接续,api_surface,android,ios,unknown,unreviewed,,,unassessed,尚未逐条评估证据和适用范围,unassessed,unassessed
distributed.continuity,任务接续,api_surface,harmonyos,ios,unknown,unreviewed,,,unassessed,尚未逐条评估证据和适用范围,unassessed,unassessed
distributed.continuity.handoff,跨设备接续,availability,android,harmonyos,unknown,unreviewed,,,unassessed,尚未逐条评估证据和适用范围,unassessed,unassessed
distributed.continuity.handoff,跨设备接续,availability,android,ios,unknown,unreviewed,,,unassessed,尚未逐条评估证据和适用范围,unassessed,unassessed
distributed.continuity.handoff,跨设备接续,availability,harmonyos,ios,unknown,unreviewed,,,unassessed,尚未逐条评估证据和适用范围,unassessed,unassessed
distributed.continuity.handoff,跨设备接续,programming_model,android,harmonyos,unknown,unreviewed,,,unassessed,尚未逐条评估证据和适用范围,unassessed,unassessed
distributed.continuity.handoff,跨设备接续,programming_model,android,ios,unknown,unreviewed,,,unassessed,尚未逐条评估证据和适用范围,unassessed,unassessed
distributed.continuity.handoff,跨设备接续,programming_model,harmonyos,ios,unknown,unreviewed,,,unassessed,尚未逐条评估证据和适用范围,unassessed,unassessed
distributed.continuity.handoff,跨设备接续,lifecycle_background,android,harmonyos,unknown,unreviewed,,,unassessed,尚未逐条评估证据和适用范围,unassessed,unassessed
distributed.continuity.handoff,跨设备接续,lifecycle_background,android,ios,unknown,unreviewed,,,unassessed,尚未逐条评估证据和适用范围,unassessed,unassessed
distributed.continuity.handoff,跨设备接续,lifecycle_background,harmonyos,ios,unknown,unreviewed,,,unassessed,尚未逐条评估证据和适用范围,unassessed,unassessed
distributed.continuity.handoff,跨设备接续,permissions_privacy,android,harmonyos,unknown,unreviewed,,,unassessed,尚未逐条评估证据和适用范围,unassessed,unassessed
distributed.continuity.handoff,跨设备接续,permissions_privacy,android,ios,unknown,unreviewed,,,unassessed,尚未逐条评估证据和适用范围,unassessed,unassessed
distributed.continuity.handoff,跨设备接续,permissions_privacy,harmonyos,ios,unknown,unreviewed,,,unassessed,尚未逐条评估证据和适用范围,unassessed,unassessed
distributed.continuity.handoff,跨设备接续,limits_precision,android,harmonyos,unknown,unreviewed,,,unassessed,尚未逐条评估证据和适用范围,unassessed,unassessed
distributed.continuity.handoff,跨设备接续,limits_precision,android,ios,unknown,unreviewed,,,unassessed,尚未逐条评估证据和适用范围,unassessed,unassessed
distributed.continuity.handoff,跨设备接续,limits_precision,harmonyos,ios,unknown,unreviewed,,,unassessed,尚未逐条评估证据和适用范围,unassessed,unassessed
distributed.continuity.handoff,跨设备接续,device_forms,android,harmonyos,unknown,unreviewed,,,unassessed,尚未逐条评估证据和适用范围,unassessed,unassessed
distributed.continuity.handoff,跨设备接续,device_forms,android,ios,unknown,unreviewed,,,unassessed,尚未逐条评估证据和适用范围,unassessed,unassessed
distributed.continuity.handoff,跨设备接续,device_forms,harmonyos,ios,unknown,unreviewed,,,unassessed,尚未逐条评估证据和适用范围,unassessed,unassessed
distributed.continuity.handoff,跨设备接续,api_surface,android,harmonyos,unknown,unreviewed,,,unassessed,尚未逐条评估证据和适用范围,unassessed,unassessed
distributed.continuity.handoff,跨设备接续,api_surface,android,ios,unknown,unreviewed,,,unassessed,尚未逐条评估证据和适用范围,unassessed,unassessed
distributed.continuity.handoff,跨设备接续,api_surface,harmonyos,ios,unknown,unreviewed,,,unassessed,尚未逐条评估证据和适用范围,unassessed,unassessed
distributed.nearby,附近设备,availability,android,harmonyos,unknown,unreviewed,,,unassessed,尚未逐条评估证据和适用范围,unassessed,unassessed
distributed.nearby,附近设备,availability,android,ios,unknown,unreviewed,,,unassessed,尚未逐条评估证据和适用范围,unassessed,unassessed
distributed.nearby,附近设备,availability,harmonyos,ios,unknown,unreviewed,,,unassessed,尚未逐条评估证据和适用范围,unassessed,unassessed
distributed.nearby,附近设备,programming_model,android,harmonyos,unknown,unreviewed,,,unassessed,尚未逐条评估证据和适用范围,unassessed,unassessed
distributed.nearby,附近设备,programming_model,android,ios,unknown,unreviewed,,,unassessed,尚未逐条评估证据和适用范围,unassessed,unassessed
distributed.nearby,附近设备,programming_model,harmonyos,ios,unknown,unreviewed,,,unassessed,尚未逐条评估证据和适用范围,unassessed,unassessed
distributed.nearby,附近设备,lifecycle_background,android,harmonyos,unknown,unreviewed,,,unassessed,尚未逐条评估证据和适用范围,unassessed,unassessed
distributed.nearby,附近设备,lifecycle_background,android,ios,unknown,unreviewed,,,unassessed,尚未逐条评估证据和适用范围,unassessed,unassessed
distributed.nearby,附近设备,lifecycle_background,harmonyos,ios,unknown,unreviewed,,,unassessed,尚未逐条评估证据和适用范围,unassessed,unassessed
distributed.nearby,附近设备,permissions_privacy,android,harmonyos,unknown,unreviewed,,,unassessed,尚未逐条评估证据和适用范围,unassessed,unassessed
distributed.nearby,附近设备,permissions_privacy,android,ios,unknown,unreviewed,,,unassessed,尚未逐条评估证据和适用范围,unassessed,unassessed
distributed.nearby,附近设备,permissions_privacy,harmonyos,ios,unknown,unreviewed,,,unassessed,尚未逐条评估证据和适用范围,unassessed,unassessed
distributed.nearby,附近设备,limits_precision,android,harmonyos,unknown,unreviewed,,,unassessed,尚未逐条评估证据和适用范围,unassessed,unassessed
distributed.nearby,附近设备,limits_precision,android,ios,unknown,unreviewed,,,unassessed,尚未逐条评估证据和适用范围,unassessed,unassessed
distributed.nearby,附近设备,limits_precision,harmonyos,ios,unknown,unreviewed,,,unassessed,尚未逐条评估证据和适用范围,unassessed,unassessed
distributed.nearby,附近设备,device_forms,android,harmonyos,unknown,unreviewed,,,unassessed,尚未逐条评估证据和适用范围,unassessed,unassessed
distributed.nearby,附近设备,device_forms,android,ios,unknown,unreviewed,,,unassessed,尚未逐条评估证据和适用范围,unassessed,unassessed
distributed.nearby,附近设备,device_forms,harmonyos,ios,unknown,unreviewed,,,unassessed,尚未逐条评估证据和适用范围,unassessed,unassessed
distributed.nearby,附近设备,api_surface,android,harmonyos,unknown,unreviewed,,,unassessed,尚未逐条评估证据和适用范围,unassessed,unassessed
distributed.nearby,附近设备,api_surface,android,ios,unknown,unreviewed,,,unassessed,尚未逐条评估证据和适用范围,unassessed,unassessed
distributed.nearby,附近设备,api_surface,harmonyos,ios,unknown,unreviewed,,,unassessed,尚未逐条评估证据和适用范围,unassessed,unassessed
distributed.nearby.discovery,附近发现,availability,android,harmonyos,unknown,unreviewed,,,unassessed,尚未逐条评估证据和适用范围,unassessed,unassessed
distributed.nearby.discovery,附近发现,availability,android,ios,unknown,unreviewed,,,unassessed,尚未逐条评估证据和适用范围,unassessed,unassessed
distributed.nearby.discovery,附近发现,availability,harmonyos,ios,unknown,unreviewed,,,unassessed,尚未逐条评估证据和适用范围,unassessed,unassessed
distributed.nearby.discovery,附近发现,programming_model,android,harmonyos,unknown,unreviewed,,,unassessed,尚未逐条评估证据和适用范围,unassessed,unassessed
distributed.nearby.discovery,附近发现,programming_model,android,ios,unknown,unreviewed,,,unassessed,尚未逐条评估证据和适用范围,unassessed,unassessed
distributed.nearby.discovery,附近发现,programming_model,harmonyos,ios,unknown,unreviewed,,,unassessed,尚未逐条评估证据和适用范围,unassessed,unassessed
distributed.nearby.discovery,附近发现,lifecycle_background,android,harmonyos,unknown,unreviewed,,,unassessed,尚未逐条评估证据和适用范围,unassessed,unassessed
distributed.nearby.discovery,附近发现,lifecycle_background,android,ios,unknown,unreviewed,,,unassessed,尚未逐条评估证据和适用范围,unassessed,unassessed
distributed.nearby.discovery,附近发现,lifecycle_background,harmonyos,ios,unknown,unreviewed,,,unassessed,尚未逐条评估证据和适用范围,unassessed,unassessed
distributed.nearby.discovery,附近发现,permissions_privacy,android,harmonyos,unknown,unreviewed,,,unassessed,尚未逐条评估证据和适用范围,unassessed,unassessed
distributed.nearby.discovery,附近发现,permissions_privacy,android,ios,unknown,unreviewed,,,unassessed,尚未逐条评估证据和适用范围,unassessed,unassessed
distributed.nearby.discovery,附近发现,permissions_privacy,harmonyos,ios,unknown,unreviewed,,,unassessed,尚未逐条评估证据和适用范围,unassessed,unassessed
distributed.nearby.discovery,附近发现,limits_precision,android,harmonyos,unknown,unreviewed,,,unassessed,尚未逐条评估证据和适用范围,unassessed,unassessed
distributed.nearby.discovery,附近发现,limits_precision,android,ios,unknown,unreviewed,,,unassessed,尚未逐条评估证据和适用范围,unassessed,unassessed
distributed.nearby.discovery,附近发现,limits_precision,harmonyos,ios,unknown,unreviewed,,,unassessed,尚未逐条评估证据和适用范围,unassessed,unassessed
distributed.nearby.discovery,附近发现,device_forms,android,harmonyos,unknown,unreviewed,,,unassessed,尚未逐条评估证据和适用范围,unassessed,unassessed
distributed.nearby.discovery,附近发现,device_forms,android,ios,unknown,unreviewed,,,unassessed,尚未逐条评估证据和适用范围,unassessed,unassessed
distributed.nearby.discovery,附近发现,device_forms,harmonyos,ios,unknown,unreviewed,,,unassessed,尚未逐条评估证据和适用范围,unassessed,unassessed
distributed.nearby.discovery,附近发现,api_surface,android,harmonyos,unknown,unreviewed,,,unassessed,尚未逐条评估证据和适用范围,unassessed,unassessed
distributed.nearby.discovery,附近发现,api_surface,android,ios,unknown,unreviewed,,,unassessed,尚未逐条评估证据和适用范围,unassessed,unassessed
distributed.nearby.discovery,附近发现,api_surface,harmonyos,ios,unknown,unreviewed,,,unassessed,尚未逐条评估证据和适用范围,unassessed,unassessed
distributed.softbus,跨设备通信,availability,android,harmonyos,unknown,unreviewed,,,unassessed,尚未逐条评估证据和适用范围,unassessed,unassessed
distributed.softbus,跨设备通信,availability,android,ios,unknown,unreviewed,,,unassessed,尚未逐条评估证据和适用范围,unassessed,unassessed
distributed.softbus,跨设备通信,availability,harmonyos,ios,unknown,unreviewed,,,unassessed,尚未逐条评估证据和适用范围,unassessed,unassessed
distributed.softbus,跨设备通信,programming_model,android,harmonyos,unknown,unreviewed,,,unassessed,尚未逐条评估证据和适用范围,unassessed,unassessed
distributed.softbus,跨设备通信,programming_model,android,ios,unknown,unreviewed,,,unassessed,尚未逐条评估证据和适用范围,unassessed,unassessed
distributed.softbus,跨设备通信,programming_model,harmonyos,ios,unknown,unreviewed,,,unassessed,尚未逐条评估证据和适用范围,unassessed,unassessed
distributed.softbus,跨设备通信,lifecycle_background,android,harmonyos,unknown,unreviewed,,,unassessed,尚未逐条评估证据和适用范围,unassessed,unassessed
distributed.softbus,跨设备通信,lifecycle_background,android,ios,unknown,unreviewed,,,unassessed,尚未逐条评估证据和适用范围,unassessed,unassessed
distributed.softbus,跨设备通信,lifecycle_background,harmonyos,ios,unknown,unreviewed,,,unassessed,尚未逐条评估证据和适用范围,unassessed,unassessed
distributed.softbus,跨设备通信,permissions_privacy,android,harmonyos,unknown,unreviewed,,,unassessed,尚未逐条评估证据和适用范围,unassessed,unassessed
distributed.softbus,跨设备通信,permissions_privacy,android,ios,unknown,unreviewed,,,unassessed,尚未逐条评估证据和适用范围,unassessed,unassessed
distributed.softbus,跨设备通信,permissions_privacy,harmonyos,ios,unknown,unreviewed,,,unassessed,尚未逐条评估证据和适用范围,unassessed,unassessed
distributed.softbus,跨设备通信,limits_precision,android,harmonyos,unknown,unreviewed,,,unassessed,尚未逐条评估证据和适用范围,unassessed,unassessed
distributed.softbus,跨设备通信,limits_precision,android,ios,unknown,unreviewed,,,unassessed,尚未逐条评估证据和适用范围,unassessed,unassessed
distributed.softbus,跨设备通信,limits_precision,harmonyos,ios,unknown,unreviewed,,,unassessed,尚未逐条评估证据和适用范围,unassessed,unassessed
distributed.softbus,跨设备通信,device_forms,android,harmonyos,unknown,unreviewed,,,unassessed,尚未逐条评估证据和适用范围,unassessed,unassessed
distributed.softbus,跨设备通信,device_forms,android,ios,unknown,unreviewed,,,unassessed,尚未逐条评估证据和适用范围,unassessed,unassessed
distributed.softbus,跨设备通信,device_forms,harmonyos,ios,unknown,unreviewed,,,unassessed,尚未逐条评估证据和适用范围,unassessed,unassessed
distributed.softbus,跨设备通信,api_surface,android,harmonyos,unknown,unreviewed,,,unassessed,尚未逐条评估证据和适用范围,unassessed,unassessed
distributed.softbus,跨设备通信,api_surface,android,ios,unknown,unreviewed,,,unassessed,尚未逐条评估证据和适用范围,unassessed,unassessed
distributed.softbus,跨设备通信,api_surface,harmonyos,ios,unknown,unreviewed,,,unassessed,尚未逐条评估证据和适用范围,unassessed,unassessed
distributed.softbus.fabric,跨设备调用与数据传输,availability,android,harmonyos,unknown,unreviewed,,,unassessed,尚未逐条评估证据和适用范围,unassessed,unassessed
distributed.softbus.fabric,跨设备调用与数据传输,availability,android,ios,unknown,unreviewed,,,unassessed,尚未逐条评估证据和适用范围,unassessed,unassessed
distributed.softbus.fabric,跨设备调用与数据传输,availability,harmonyos,ios,unknown,unreviewed,,,unassessed,尚未逐条评估证据和适用范围,unassessed,unassessed
distributed.softbus.fabric,跨设备调用与数据传输,programming_model,android,harmonyos,unknown,unreviewed,,,unassessed,尚未逐条评估证据和适用范围,unassessed,unassessed
distributed.softbus.fabric,跨设备调用与数据传输,programming_model,android,ios,unknown,unreviewed,,,unassessed,尚未逐条评估证据和适用范围,unassessed,unassessed
distributed.softbus.fabric,跨设备调用与数据传输,programming_model,harmonyos,ios,unknown,unreviewed,,,unassessed,尚未逐条评估证据和适用范围,unassessed,unassessed
distributed.softbus.fabric,跨设备调用与数据传输,lifecycle_background,android,harmonyos,unknown,unreviewed,,,unassessed,尚未逐条评估证据和适用范围,unassessed,unassessed
distributed.softbus.fabric,跨设备调用与数据传输,lifecycle_background,android,ios,unknown,unreviewed,,,unassessed,尚未逐条评估证据和适用范围,unassessed,unassessed
distributed.softbus.fabric,跨设备调用与数据传输,lifecycle_background,harmonyos,ios,unknown,unreviewed,,,unassessed,尚未逐条评估证据和适用范围,unassessed,unassessed
distributed.softbus.fabric,跨设备调用与数据传输,permissions_privacy,android,harmonyos,unknown,unreviewed,,,unassessed,尚未逐条评估证据和适用范围,unassessed,unassessed
distributed.softbus.fabric,跨设备调用与数据传输,permissions_privacy,android,ios,unknown,unreviewed,,,unassessed,尚未逐条评估证据和适用范围,unassessed,unassessed
distributed.softbus.fabric,跨设备调用与数据传输,permissions_privacy,harmonyos,ios,unknown,unreviewed,,,unassessed,尚未逐条评估证据和适用范围,unassessed,unassessed
distributed.softbus.fabric,跨设备调用与数据传输,limits_precision,android,harmonyos,unknown,unreviewed,,,unassessed,尚未逐条评估证据和适用范围,unassessed,unassessed
distributed.softbus.fabric,跨设备调用与数据传输,limits_precision,android,ios,unknown,unreviewed,,,unassessed,尚未逐条评估证据和适用范围,unassessed,unassessed
distributed.softbus.fabric,跨设备调用与数据传输,limits_precision,harmonyos,ios,unknown,unreviewed,,,unassessed,尚未逐条评估证据和适用范围,unassessed,unassessed
distributed.softbus.fabric,跨设备调用与数据传输,device_forms,android,harmonyos,unknown,unreviewed,,,unassessed,尚未逐条评估证据和适用范围,unassessed,unassessed
distributed.softbus.fabric,跨设备调用与数据传输,device_forms,android,ios,unknown,unreviewed,,,unassessed,尚未逐条评估证据和适用范围,unassessed,unassessed
distributed.softbus.fabric,跨设备调用与数据传输,device_forms,harmonyos,ios,unknown,unreviewed,,,unassessed,尚未逐条评估证据和适用范围,unassessed,unassessed
distributed.softbus.fabric,跨设备调用与数据传输,api_surface,android,harmonyos,unknown,unreviewed,,,unassessed,尚未逐条评估证据和适用范围,unassessed,unassessed
distributed.softbus.fabric,跨设备调用与数据传输,api_surface,android,ios,unknown,unreviewed,,,unassessed,尚未逐条评估证据和适用范围,unassessed,unassessed
distributed.softbus.fabric,跨设备调用与数据传输,api_surface,harmonyos,ios,unknown,unreviewed,,,unassessed,尚未逐条评估证据和适用范围,unassessed,unassessed
enterprise,企业与管理,availability,android,harmonyos,unknown,unreviewed,,,unassessed,尚未逐条评估证据和适用范围,unassessed,unassessed
enterprise,企业与管理,availability,android,ios,unknown,unreviewed,,,unassessed,尚未逐条评估证据和适用范围,unassessed,unassessed
enterprise,企业与管理,availability,harmonyos,ios,unknown,unreviewed,,,unassessed,尚未逐条评估证据和适用范围,unassessed,unassessed
enterprise,企业与管理,programming_model,android,harmonyos,unknown,unreviewed,,,unassessed,尚未逐条评估证据和适用范围,unassessed,unassessed
enterprise,企业与管理,programming_model,android,ios,unknown,unreviewed,,,unassessed,尚未逐条评估证据和适用范围,unassessed,unassessed
enterprise,企业与管理,programming_model,harmonyos,ios,unknown,unreviewed,,,unassessed,尚未逐条评估证据和适用范围,unassessed,unassessed
enterprise,企业与管理,lifecycle_background,android,harmonyos,unknown,unreviewed,,,unassessed,尚未逐条评估证据和适用范围,unassessed,unassessed
enterprise,企业与管理,lifecycle_background,android,ios,unknown,unreviewed,,,unassessed,尚未逐条评估证据和适用范围,unassessed,unassessed
enterprise,企业与管理,lifecycle_background,harmonyos,ios,unknown,unreviewed,,,unassessed,尚未逐条评估证据和适用范围,unassessed,unassessed
enterprise,企业与管理,permissions_privacy,android,harmonyos,unknown,unreviewed,,,unassessed,尚未逐条评估证据和适用范围,unassessed,unassessed
enterprise,企业与管理,permissions_privacy,android,ios,unknown,unreviewed,,,unassessed,尚未逐条评估证据和适用范围,unassessed,unassessed
enterprise,企业与管理,permissions_privacy,harmonyos,ios,unknown,unreviewed,,,unassessed,尚未逐条评估证据和适用范围,unassessed,unassessed
enterprise,企业与管理,limits_precision,android,harmonyos,unknown,unreviewed,,,unassessed,尚未逐条评估证据和适用范围,unassessed,unassessed
enterprise,企业与管理,limits_precision,android,ios,unknown,unreviewed,,,unassessed,尚未逐条评估证据和适用范围,unassessed,unassessed
enterprise,企业与管理,limits_precision,harmonyos,ios,unknown,unreviewed,,,unassessed,尚未逐条评估证据和适用范围,unassessed,unassessed
enterprise,企业与管理,device_forms,android,harmonyos,unknown,unreviewed,,,unassessed,尚未逐条评估证据和适用范围,unassessed,unassessed
enterprise,企业与管理,device_forms,android,ios,unknown,unreviewed,,,unassessed,尚未逐条评估证据和适用范围,unassessed,unassessed
enterprise,企业与管理,device_forms,harmonyos,ios,unknown,unreviewed,,,unassessed,尚未逐条评估证据和适用范围,unassessed,unassessed
enterprise,企业与管理,api_surface,android,harmonyos,unknown,unreviewed,,,unassessed,尚未逐条评估证据和适用范围,unassessed,unassessed
enterprise,企业与管理,api_surface,android,ios,unknown,unreviewed,,,unassessed,尚未逐条评估证据和适用范围,unassessed,unassessed
enterprise,企业与管理,api_surface,harmonyos,ios,unknown,unreviewed,,,unassessed,尚未逐条评估证据和适用范围,unassessed,unassessed
enterprise.mdm,设备管理,availability,android,harmonyos,unknown,unreviewed,,,unassessed,尚未逐条评估证据和适用范围,unassessed,unassessed
enterprise.mdm,设备管理,availability,android,ios,unknown,unreviewed,,,unassessed,尚未逐条评估证据和适用范围,unassessed,unassessed
enterprise.mdm,设备管理,availability,harmonyos,ios,unknown,unreviewed,,,unassessed,尚未逐条评估证据和适用范围,unassessed,unassessed
enterprise.mdm,设备管理,programming_model,android,harmonyos,unknown,unreviewed,,,unassessed,尚未逐条评估证据和适用范围,unassessed,unassessed
enterprise.mdm,设备管理,programming_model,android,ios,unknown,unreviewed,,,unassessed,尚未逐条评估证据和适用范围,unassessed,unassessed
enterprise.mdm,设备管理,programming_model,harmonyos,ios,unknown,unreviewed,,,unassessed,尚未逐条评估证据和适用范围,unassessed,unassessed
enterprise.mdm,设备管理,lifecycle_background,android,harmonyos,unknown,unreviewed,,,unassessed,尚未逐条评估证据和适用范围,unassessed,unassessed
enterprise.mdm,设备管理,lifecycle_background,android,ios,unknown,unreviewed,,,unassessed,尚未逐条评估证据和适用范围,unassessed,unassessed
enterprise.mdm,设备管理,lifecycle_background,harmonyos,ios,unknown,unreviewed,,,unassessed,尚未逐条评估证据和适用范围,unassessed,unassessed
enterprise.mdm,设备管理,permissions_privacy,android,harmonyos,unknown,unreviewed,,,unassessed,尚未逐条评估证据和适用范围,unassessed,unassessed
enterprise.mdm,设备管理,permissions_privacy,android,ios,unknown,unreviewed,,,unassessed,尚未逐条评估证据和适用范围,unassessed,unassessed
enterprise.mdm,设备管理,permissions_privacy,harmonyos,ios,unknown,unreviewed,,,unassessed,尚未逐条评估证据和适用范围,unassessed,unassessed
enterprise.mdm,设备管理,limits_precision,android,harmonyos,unknown,unreviewed,,,unassessed,尚未逐条评估证据和适用范围,unassessed,unassessed
enterprise.mdm,设备管理,limits_precision,android,ios,unknown,unreviewed,,,unassessed,尚未逐条评估证据和适用范围,unassessed,unassessed
enterprise.mdm,设备管理,limits_precision,harmonyos,ios,unknown,unreviewed,,,unassessed,尚未逐条评估证据和适用范围,unassessed,unassessed
enterprise.mdm,设备管理,device_forms,android,harmonyos,unknown,unreviewed,,,unassessed,尚未逐条评估证据和适用范围,unassessed,unassessed
enterprise.mdm,设备管理,device_forms,android,ios,unknown,unreviewed,,,unassessed,尚未逐条评估证据和适用范围,unassessed,unassessed
enterprise.mdm,设备管理,device_forms,harmonyos,ios,unknown,unreviewed,,,unassessed,尚未逐条评估证据和适用范围,unassessed,unassessed
enterprise.mdm,设备管理,api_surface,android,harmonyos,unknown,unreviewed,,,unassessed,尚未逐条评估证据和适用范围,unassessed,unassessed
enterprise.mdm,设备管理,api_surface,android,ios,unknown,unreviewed,,,unassessed,尚未逐条评估证据和适用范围,unassessed,unassessed
enterprise.mdm,设备管理,api_surface,harmonyos,ios,unknown,unreviewed,,,unassessed,尚未逐条评估证据和适用范围,unassessed,unassessed
enterprise.mdm.policy,管理策略,availability,android,harmonyos,unknown,unreviewed,,,unassessed,尚未逐条评估证据和适用范围,unassessed,unassessed
enterprise.mdm.policy,管理策略,availability,android,ios,unknown,unreviewed,,,unassessed,尚未逐条评估证据和适用范围,unassessed,unassessed
enterprise.mdm.policy,管理策略,availability,harmonyos,ios,unknown,unreviewed,,,unassessed,尚未逐条评估证据和适用范围,unassessed,unassessed
enterprise.mdm.policy,管理策略,programming_model,android,harmonyos,unknown,unreviewed,,,unassessed,尚未逐条评估证据和适用范围,unassessed,unassessed
enterprise.mdm.policy,管理策略,programming_model,android,ios,unknown,unreviewed,,,unassessed,尚未逐条评估证据和适用范围,unassessed,unassessed
enterprise.mdm.policy,管理策略,programming_model,harmonyos,ios,unknown,unreviewed,,,unassessed,尚未逐条评估证据和适用范围,unassessed,unassessed
enterprise.mdm.policy,管理策略,lifecycle_background,android,harmonyos,unknown,unreviewed,,,unassessed,尚未逐条评估证据和适用范围,unassessed,unassessed
enterprise.mdm.policy,管理策略,lifecycle_background,android,ios,unknown,unreviewed,,,unassessed,尚未逐条评估证据和适用范围,unassessed,unassessed
enterprise.mdm.policy,管理策略,lifecycle_background,harmonyos,ios,unknown,unreviewed,,,unassessed,尚未逐条评估证据和适用范围,unassessed,unassessed
enterprise.mdm.policy,管理策略,permissions_privacy,android,harmonyos,unknown,unreviewed,,,unassessed,尚未逐条评估证据和适用范围,unassessed,unassessed
enterprise.mdm.policy,管理策略,permissions_privacy,android,ios,unknown,unreviewed,,,unassessed,尚未逐条评估证据和适用范围,unassessed,unassessed
enterprise.mdm.policy,管理策略,permissions_privacy,harmonyos,ios,unknown,unreviewed,,,unassessed,尚未逐条评估证据和适用范围,unassessed,unassessed
enterprise.mdm.policy,管理策略,limits_precision,android,harmonyos,unknown,unreviewed,,,unassessed,尚未逐条评估证据和适用范围,unassessed,unassessed
enterprise.mdm.policy,管理策略,limits_precision,android,ios,unknown,unreviewed,,,unassessed,尚未逐条评估证据和适用范围,unassessed,unassessed
enterprise.mdm.policy,管理策略,limits_precision,harmonyos,ios,unknown,unreviewed,,,unassessed,尚未逐条评估证据和适用范围,unassessed,unassessed
enterprise.mdm.policy,管理策略,device_forms,android,harmonyos,unknown,unreviewed,,,unassessed,尚未逐条评估证据和适用范围,unassessed,unassessed
enterprise.mdm.policy,管理策略,device_forms,android,ios,unknown,unreviewed,,,unassessed,尚未逐条评估证据和适用范围,unassessed,unassessed
enterprise.mdm.policy,管理策略,device_forms,harmonyos,ios,unknown,unreviewed,,,unassessed,尚未逐条评估证据和适用范围,unassessed,unassessed
enterprise.mdm.policy,管理策略,api_surface,android,harmonyos,unknown,unreviewed,,,unassessed,尚未逐条评估证据和适用范围,unassessed,unassessed
enterprise.mdm.policy,管理策略,api_surface,android,ios,unknown,unreviewed,,,unassessed,尚未逐条评估证据和适用范围,unassessed,unassessed
enterprise.mdm.policy,管理策略,api_surface,harmonyos,ios,unknown,unreviewed,,,unassessed,尚未逐条评估证据和适用范围,unassessed,unassessed
enterprise.work_profile,工作资料,availability,android,harmonyos,unknown,unreviewed,,,unassessed,尚未逐条评估证据和适用范围,unassessed,unassessed
enterprise.work_profile,工作资料,availability,android,ios,unknown,unreviewed,,,unassessed,尚未逐条评估证据和适用范围,unassessed,unassessed
enterprise.work_profile,工作资料,availability,harmonyos,ios,unknown,unreviewed,,,unassessed,尚未逐条评估证据和适用范围,unassessed,unassessed
enterprise.work_profile,工作资料,programming_model,android,harmonyos,unknown,unreviewed,,,unassessed,尚未逐条评估证据和适用范围,unassessed,unassessed
enterprise.work_profile,工作资料,programming_model,android,ios,unknown,unreviewed,,,unassessed,尚未逐条评估证据和适用范围,unassessed,unassessed
enterprise.work_profile,工作资料,programming_model,harmonyos,ios,unknown,unreviewed,,,unassessed,尚未逐条评估证据和适用范围,unassessed,unassessed
enterprise.work_profile,工作资料,lifecycle_background,android,harmonyos,unknown,unreviewed,,,unassessed,尚未逐条评估证据和适用范围,unassessed,unassessed
enterprise.work_profile,工作资料,lifecycle_background,android,ios,unknown,unreviewed,,,unassessed,尚未逐条评估证据和适用范围,unassessed,unassessed
enterprise.work_profile,工作资料,lifecycle_background,harmonyos,ios,unknown,unreviewed,,,unassessed,尚未逐条评估证据和适用范围,unassessed,unassessed
enterprise.work_profile,工作资料,permissions_privacy,android,harmonyos,unknown,unreviewed,,,unassessed,尚未逐条评估证据和适用范围,unassessed,unassessed
enterprise.work_profile,工作资料,permissions_privacy,android,ios,unknown,unreviewed,,,unassessed,尚未逐条评估证据和适用范围,unassessed,unassessed
enterprise.work_profile,工作资料,permissions_privacy,harmonyos,ios,unknown,unreviewed,,,unassessed,尚未逐条评估证据和适用范围,unassessed,unassessed
enterprise.work_profile,工作资料,limits_precision,android,harmonyos,unknown,unreviewed,,,unassessed,尚未逐条评估证据和适用范围,unassessed,unassessed
enterprise.work_profile,工作资料,limits_precision,android,ios,unknown,unreviewed,,,unassessed,尚未逐条评估证据和适用范围,unassessed,unassessed
enterprise.work_profile,工作资料,limits_precision,harmonyos,ios,unknown,unreviewed,,,unassessed,尚未逐条评估证据和适用范围,unassessed,unassessed
enterprise.work_profile,工作资料,device_forms,android,harmonyos,unknown,unreviewed,,,unassessed,尚未逐条评估证据和适用范围,unassessed,unassessed
enterprise.work_profile,工作资料,device_forms,android,ios,unknown,unreviewed,,,unassessed,尚未逐条评估证据和适用范围,unassessed,unassessed
enterprise.work_profile,工作资料,device_forms,harmonyos,ios,unknown,unreviewed,,,unassessed,尚未逐条评估证据和适用范围,unassessed,unassessed
enterprise.work_profile,工作资料,api_surface,android,harmonyos,unknown,unreviewed,,,unassessed,尚未逐条评估证据和适用范围,unassessed,unassessed
enterprise.work_profile,工作资料,api_surface,android,ios,unknown,unreviewed,,,unassessed,尚未逐条评估证据和适用范围,unassessed,unassessed
enterprise.work_profile,工作资料,api_surface,harmonyos,ios,unknown,unreviewed,,,unassessed,尚未逐条评估证据和适用范围,unassessed,unassessed
enterprise.work_profile.isolation,工作数据隔离,availability,android,harmonyos,unknown,unreviewed,,,unassessed,尚未逐条评估证据和适用范围,unassessed,unassessed
enterprise.work_profile.isolation,工作数据隔离,availability,android,ios,unknown,unreviewed,,,unassessed,尚未逐条评估证据和适用范围,unassessed,unassessed
enterprise.work_profile.isolation,工作数据隔离,availability,harmonyos,ios,unknown,unreviewed,,,unassessed,尚未逐条评估证据和适用范围,unassessed,unassessed
enterprise.work_profile.isolation,工作数据隔离,programming_model,android,harmonyos,unknown,unreviewed,,,unassessed,尚未逐条评估证据和适用范围,unassessed,unassessed
enterprise.work_profile.isolation,工作数据隔离,programming_model,android,ios,unknown,unreviewed,,,unassessed,尚未逐条评估证据和适用范围,unassessed,unassessed
enterprise.work_profile.isolation,工作数据隔离,programming_model,harmonyos,ios,unknown,unreviewed,,,unassessed,尚未逐条评估证据和适用范围,unassessed,unassessed
enterprise.work_profile.isolation,工作数据隔离,lifecycle_background,android,harmonyos,unknown,unreviewed,,,unassessed,尚未逐条评估证据和适用范围,unassessed,unassessed
enterprise.work_profile.isolation,工作数据隔离,lifecycle_background,android,ios,unknown,unreviewed,,,unassessed,尚未逐条评估证据和适用范围,unassessed,unassessed
enterprise.work_profile.isolation,工作数据隔离,lifecycle_background,harmonyos,ios,unknown,unreviewed,,,unassessed,尚未逐条评估证据和适用范围,unassessed,unassessed
enterprise.work_profile.isolation,工作数据隔离,permissions_privacy,android,harmonyos,unknown,unreviewed,,,unassessed,尚未逐条评估证据和适用范围,unassessed,unassessed
enterprise.work_profile.isolation,工作数据隔离,permissions_privacy,android,ios,unknown,unreviewed,,,unassessed,尚未逐条评估证据和适用范围,unassessed,unassessed
enterprise.work_profile.isolation,工作数据隔离,permissions_privacy,harmonyos,ios,unknown,unreviewed,,,unassessed,尚未逐条评估证据和适用范围,unassessed,unassessed
enterprise.work_profile.isolation,工作数据隔离,limits_precision,android,harmonyos,unknown,unreviewed,,,unassessed,尚未逐条评估证据和适用范围,unassessed,unassessed
enterprise.work_profile.isolation,工作数据隔离,limits_precision,android,ios,unknown,unreviewed,,,unassessed,尚未逐条评估证据和适用范围,unassessed,unassessed
enterprise.work_profile.isolation,工作数据隔离,limits_precision,harmonyos,ios,unknown,unreviewed,,,unassessed,尚未逐条评估证据和适用范围,unassessed,unassessed
enterprise.work_profile.isolation,工作数据隔离,device_forms,android,harmonyos,unknown,unreviewed,,,unassessed,尚未逐条评估证据和适用范围,unassessed,unassessed
enterprise.work_profile.isolation,工作数据隔离,device_forms,android,ios,unknown,unreviewed,,,unassessed,尚未逐条评估证据和适用范围,unassessed,unassessed
enterprise.work_profile.isolation,工作数据隔离,device_forms,harmonyos,ios,unknown,unreviewed,,,unassessed,尚未逐条评估证据和适用范围,unassessed,unassessed
enterprise.work_profile.isolation,工作数据隔离,api_surface,android,harmonyos,unknown,unreviewed,,,unassessed,尚未逐条评估证据和适用范围,unassessed,unassessed
enterprise.work_profile.isolation,工作数据隔离,api_surface,android,ios,unknown,unreviewed,,,unassessed,尚未逐条评估证据和适用范围,unassessed,unassessed
enterprise.work_profile.isolation,工作数据隔离,api_surface,harmonyos,ios,unknown,unreviewed,,,unassessed,尚未逐条评估证据和适用范围,unassessed,unassessed
graphics,图形与渲染,availability,android,harmonyos,unknown,unreviewed,,,unassessed,尚未逐条评估证据和适用范围,unassessed,unassessed
graphics,图形与渲染,availability,android,ios,unknown,unreviewed,,,unassessed,尚未逐条评估证据和适用范围,unassessed,unassessed
graphics,图形与渲染,availability,harmonyos,ios,unknown,unreviewed,,,unassessed,尚未逐条评估证据和适用范围,unassessed,unassessed
graphics,图形与渲染,programming_model,android,harmonyos,unknown,unreviewed,,,unassessed,尚未逐条评估证据和适用范围,unassessed,unassessed
graphics,图形与渲染,programming_model,android,ios,unknown,unreviewed,,,unassessed,尚未逐条评估证据和适用范围,unassessed,unassessed
graphics,图形与渲染,programming_model,harmonyos,ios,unknown,unreviewed,,,unassessed,尚未逐条评估证据和适用范围,unassessed,unassessed
graphics,图形与渲染,lifecycle_background,android,harmonyos,unknown,unreviewed,,,unassessed,尚未逐条评估证据和适用范围,unassessed,unassessed
graphics,图形与渲染,lifecycle_background,android,ios,unknown,unreviewed,,,unassessed,尚未逐条评估证据和适用范围,unassessed,unassessed
graphics,图形与渲染,lifecycle_background,harmonyos,ios,unknown,unreviewed,,,unassessed,尚未逐条评估证据和适用范围,unassessed,unassessed
graphics,图形与渲染,permissions_privacy,android,harmonyos,unknown,unreviewed,,,unassessed,尚未逐条评估证据和适用范围,unassessed,unassessed
graphics,图形与渲染,permissions_privacy,android,ios,unknown,unreviewed,,,unassessed,尚未逐条评估证据和适用范围,unassessed,unassessed
graphics,图形与渲染,permissions_privacy,harmonyos,ios,unknown,unreviewed,,,unassessed,尚未逐条评估证据和适用范围,unassessed,unassessed
graphics,图形与渲染,limits_precision,android,harmonyos,unknown,unreviewed,,,unassessed,尚未逐条评估证据和适用范围,unassessed,unassessed
graphics,图形与渲染,limits_precision,android,ios,unknown,unreviewed,,,unassessed,尚未逐条评估证据和适用范围,unassessed,unassessed
graphics,图形与渲染,limits_precision,harmonyos,ios,unknown,unreviewed,,,unassessed,尚未逐条评估证据和适用范围,unassessed,unassessed
graphics,图形与渲染,device_forms,android,harmonyos,unknown,unreviewed,,,unassessed,尚未逐条评估证据和适用范围,unassessed,unassessed
graphics,图形与渲染,device_forms,android,ios,unknown,unreviewed,,,unassessed,尚未逐条评估证据和适用范围,unassessed,unassessed
graphics,图形与渲染,device_forms,harmonyos,ios,unknown,unreviewed,,,unassessed,尚未逐条评估证据和适用范围,unassessed,unassessed
graphics,图形与渲染,api_surface,android,harmonyos,unknown,unreviewed,,,unassessed,尚未逐条评估证据和适用范围,unassessed,unassessed
graphics,图形与渲染,api_surface,android,ios,unknown,unreviewed,,,unassessed,尚未逐条评估证据和适用范围,unassessed,unassessed
graphics,图形与渲染,api_surface,harmonyos,ios,unknown,unreviewed,,,unassessed,尚未逐条评估证据和适用范围,unassessed,unassessed
graphics.2d,二维绘制,availability,android,harmonyos,unknown,unreviewed,,,unassessed,尚未逐条评估证据和适用范围,unassessed,unassessed
graphics.2d,二维绘制,availability,android,ios,unknown,unreviewed,,,unassessed,尚未逐条评估证据和适用范围,unassessed,unassessed
graphics.2d,二维绘制,availability,harmonyos,ios,unknown,unreviewed,,,unassessed,尚未逐条评估证据和适用范围,unassessed,unassessed
graphics.2d,二维绘制,programming_model,android,harmonyos,unknown,unreviewed,,,unassessed,尚未逐条评估证据和适用范围,unassessed,unassessed
graphics.2d,二维绘制,programming_model,android,ios,unknown,unreviewed,,,unassessed,尚未逐条评估证据和适用范围,unassessed,unassessed
graphics.2d,二维绘制,programming_model,harmonyos,ios,unknown,unreviewed,,,unassessed,尚未逐条评估证据和适用范围,unassessed,unassessed
graphics.2d,二维绘制,lifecycle_background,android,harmonyos,unknown,unreviewed,,,unassessed,尚未逐条评估证据和适用范围,unassessed,unassessed
graphics.2d,二维绘制,lifecycle_background,android,ios,unknown,unreviewed,,,unassessed,尚未逐条评估证据和适用范围,unassessed,unassessed
graphics.2d,二维绘制,lifecycle_background,harmonyos,ios,unknown,unreviewed,,,unassessed,尚未逐条评估证据和适用范围,unassessed,unassessed
graphics.2d,二维绘制,permissions_privacy,android,harmonyos,unknown,unreviewed,,,unassessed,尚未逐条评估证据和适用范围,unassessed,unassessed
graphics.2d,二维绘制,permissions_privacy,android,ios,unknown,unreviewed,,,unassessed,尚未逐条评估证据和适用范围,unassessed,unassessed
graphics.2d,二维绘制,permissions_privacy,harmonyos,ios,unknown,unreviewed,,,unassessed,尚未逐条评估证据和适用范围,unassessed,unassessed
graphics.2d,二维绘制,limits_precision,android,harmonyos,unknown,unreviewed,,,unassessed,尚未逐条评估证据和适用范围,unassessed,unassessed
graphics.2d,二维绘制,limits_precision,android,ios,unknown,unreviewed,,,unassessed,尚未逐条评估证据和适用范围,unassessed,unassessed
graphics.2d,二维绘制,limits_precision,harmonyos,ios,unknown,unreviewed,,,unassessed,尚未逐条评估证据和适用范围,unassessed,unassessed
graphics.2d,二维绘制,device_forms,android,harmonyos,unknown,unreviewed,,,unassessed,尚未逐条评估证据和适用范围,unassessed,unassessed
graphics.2d,二维绘制,device_forms,android,ios,unknown,unreviewed,,,unassessed,尚未逐条评估证据和适用范围,unassessed,unassessed
graphics.2d,二维绘制,device_forms,harmonyos,ios,unknown,unreviewed,,,unassessed,尚未逐条评估证据和适用范围,unassessed,unassessed
graphics.2d,二维绘制,api_surface,android,harmonyos,unknown,unreviewed,,,unassessed,尚未逐条评估证据和适用范围,unassessed,unassessed
graphics.2d,二维绘制,api_surface,android,ios,unknown,unreviewed,,,unassessed,尚未逐条评估证据和适用范围,unassessed,unassessed
graphics.2d,二维绘制,api_surface,harmonyos,ios,unknown,unreviewed,,,unassessed,尚未逐条评估证据和适用范围,unassessed,unassessed
graphics.2d.canvas,画布绘制,availability,android,harmonyos,unknown,unreviewed,,,unassessed,尚未逐条评估证据和适用范围,unassessed,unassessed
graphics.2d.canvas,画布绘制,availability,android,ios,unknown,unreviewed,,,unassessed,尚未逐条评估证据和适用范围,unassessed,unassessed
graphics.2d.canvas,画布绘制,availability,harmonyos,ios,unknown,unreviewed,,,unassessed,尚未逐条评估证据和适用范围,unassessed,unassessed
graphics.2d.canvas,画布绘制,programming_model,android,harmonyos,unknown,unreviewed,,,unassessed,尚未逐条评估证据和适用范围,unassessed,unassessed
graphics.2d.canvas,画布绘制,programming_model,android,ios,unknown,unreviewed,,,unassessed,尚未逐条评估证据和适用范围,unassessed,unassessed
graphics.2d.canvas,画布绘制,programming_model,harmonyos,ios,unknown,unreviewed,,,unassessed,尚未逐条评估证据和适用范围,unassessed,unassessed
graphics.2d.canvas,画布绘制,lifecycle_background,android,harmonyos,unknown,unreviewed,,,unassessed,尚未逐条评估证据和适用范围,unassessed,unassessed
graphics.2d.canvas,画布绘制,lifecycle_background,android,ios,unknown,unreviewed,,,unassessed,尚未逐条评估证据和适用范围,unassessed,unassessed
graphics.2d.canvas,画布绘制,lifecycle_background,harmonyos,ios,unknown,unreviewed,,,unassessed,尚未逐条评估证据和适用范围,unassessed,unassessed
graphics.2d.canvas,画布绘制,permissions_privacy,android,harmonyos,unknown,unreviewed,,,unassessed,尚未逐条评估证据和适用范围,unassessed,unassessed
graphics.2d.canvas,画布绘制,permissions_privacy,android,ios,unknown,unreviewed,,,unassessed,尚未逐条评估证据和适用范围,unassessed,unassessed
graphics.2d.canvas,画布绘制,permissions_privacy,harmonyos,ios,unknown,unreviewed,,,unassessed,尚未逐条评估证据和适用范围,unassessed,unassessed
graphics.2d.canvas,画布绘制,limits_precision,android,harmonyos,unknown,unreviewed,,,unassessed,尚未逐条评估证据和适用范围,unassessed,unassessed
graphics.2d.canvas,画布绘制,limits_precision,android,ios,unknown,unreviewed,,,unassessed,尚未逐条评估证据和适用范围,unassessed,unassessed
graphics.2d.canvas,画布绘制,limits_precision,harmonyos,ios,unknown,unreviewed,,,unassessed,尚未逐条评估证据和适用范围,unassessed,unassessed
graphics.2d.canvas,画布绘制,device_forms,android,harmonyos,unknown,unreviewed,,,unassessed,尚未逐条评估证据和适用范围,unassessed,unassessed
graphics.2d.canvas,画布绘制,device_forms,android,ios,unknown,unreviewed,,,unassessed,尚未逐条评估证据和适用范围,unassessed,unassessed
graphics.2d.canvas,画布绘制,device_forms,harmonyos,ios,unknown,unreviewed,,,unassessed,尚未逐条评估证据和适用范围,unassessed,unassessed
graphics.2d.canvas,画布绘制,api_surface,android,harmonyos,unknown,unreviewed,,,unassessed,尚未逐条评估证据和适用范围,unassessed,unassessed
graphics.2d.canvas,画布绘制,api_surface,android,ios,unknown,unreviewed,,,unassessed,尚未逐条评估证据和适用范围,unassessed,unassessed
graphics.2d.canvas,画布绘制,api_surface,harmonyos,ios,unknown,unreviewed,,,unassessed,尚未逐条评估证据和适用范围,unassessed,unassessed
graphics.3d,三维与GPU,availability,android,harmonyos,unknown,unreviewed,,,unassessed,尚未逐条评估证据和适用范围,unassessed,unassessed
graphics.3d,三维与GPU,availability,android,ios,unknown,unreviewed,,,unassessed,尚未逐条评估证据和适用范围,unassessed,unassessed
graphics.3d,三维与GPU,availability,harmonyos,ios,unknown,unreviewed,,,unassessed,尚未逐条评估证据和适用范围,unassessed,unassessed
graphics.3d,三维与GPU,programming_model,android,harmonyos,unknown,unreviewed,,,unassessed,尚未逐条评估证据和适用范围,unassessed,unassessed
graphics.3d,三维与GPU,programming_model,android,ios,unknown,unreviewed,,,unassessed,尚未逐条评估证据和适用范围,unassessed,unassessed
graphics.3d,三维与GPU,programming_model,harmonyos,ios,unknown,unreviewed,,,unassessed,尚未逐条评估证据和适用范围,unassessed,unassessed
graphics.3d,三维与GPU,lifecycle_background,android,harmonyos,unknown,unreviewed,,,unassessed,尚未逐条评估证据和适用范围,unassessed,unassessed
graphics.3d,三维与GPU,lifecycle_background,android,ios,unknown,unreviewed,,,unassessed,尚未逐条评估证据和适用范围,unassessed,unassessed
graphics.3d,三维与GPU,lifecycle_background,harmonyos,ios,unknown,unreviewed,,,unassessed,尚未逐条评估证据和适用范围,unassessed,unassessed
graphics.3d,三维与GPU,permissions_privacy,android,harmonyos,unknown,unreviewed,,,unassessed,尚未逐条评估证据和适用范围,unassessed,unassessed
graphics.3d,三维与GPU,permissions_privacy,android,ios,unknown,unreviewed,,,unassessed,尚未逐条评估证据和适用范围,unassessed,unassessed
graphics.3d,三维与GPU,permissions_privacy,harmonyos,ios,unknown,unreviewed,,,unassessed,尚未逐条评估证据和适用范围,unassessed,unassessed
graphics.3d,三维与GPU,limits_precision,android,harmonyos,unknown,unreviewed,,,unassessed,尚未逐条评估证据和适用范围,unassessed,unassessed
graphics.3d,三维与GPU,limits_precision,android,ios,unknown,unreviewed,,,unassessed,尚未逐条评估证据和适用范围,unassessed,unassessed
graphics.3d,三维与GPU,limits_precision,harmonyos,ios,unknown,unreviewed,,,unassessed,尚未逐条评估证据和适用范围,unassessed,unassessed
graphics.3d,三维与GPU,device_forms,android,harmonyos,unknown,unreviewed,,,unassessed,尚未逐条评估证据和适用范围,unassessed,unassessed
graphics.3d,三维与GPU,device_forms,android,ios,unknown,unreviewed,,,unassessed,尚未逐条评估证据和适用范围,unassessed,unassessed
graphics.3d,三维与GPU,device_forms,harmonyos,ios,unknown,unreviewed,,,unassessed,尚未逐条评估证据和适用范围,unassessed,unassessed
graphics.3d,三维与GPU,api_surface,android,harmonyos,unknown,unreviewed,,,unassessed,尚未逐条评估证据和适用范围,unassessed,unassessed
graphics.3d,三维与GPU,api_surface,android,ios,unknown,unreviewed,,,unassessed,尚未逐条评估证据和适用范围,unassessed,unassessed
graphics.3d,三维与GPU,api_surface,harmonyos,ios,unknown,unreviewed,,,unassessed,尚未逐条评估证据和适用范围,unassessed,unassessed
graphics.3d.gpu_api,现代GPU图形API,availability,android,harmonyos,unknown,unreviewed,,,unassessed,尚未逐条评估证据和适用范围,unassessed,unassessed
graphics.3d.gpu_api,现代GPU图形API,availability,android,ios,unknown,unreviewed,,,unassessed,尚未逐条评估证据和适用范围,unassessed,unassessed
graphics.3d.gpu_api,现代GPU图形API,availability,harmonyos,ios,unknown,unreviewed,,,unassessed,尚未逐条评估证据和适用范围,unassessed,unassessed
graphics.3d.gpu_api,现代GPU图形API,programming_model,android,harmonyos,unknown,unreviewed,,,unassessed,尚未逐条评估证据和适用范围,unassessed,unassessed
graphics.3d.gpu_api,现代GPU图形API,programming_model,android,ios,unknown,unreviewed,,,unassessed,尚未逐条评估证据和适用范围,unassessed,unassessed
graphics.3d.gpu_api,现代GPU图形API,programming_model,harmonyos,ios,unknown,unreviewed,,,unassessed,尚未逐条评估证据和适用范围,unassessed,unassessed
graphics.3d.gpu_api,现代GPU图形API,lifecycle_background,android,harmonyos,unknown,unreviewed,,,unassessed,尚未逐条评估证据和适用范围,unassessed,unassessed
graphics.3d.gpu_api,现代GPU图形API,lifecycle_background,android,ios,unknown,unreviewed,,,unassessed,尚未逐条评估证据和适用范围,unassessed,unassessed
graphics.3d.gpu_api,现代GPU图形API,lifecycle_background,harmonyos,ios,unknown,unreviewed,,,unassessed,尚未逐条评估证据和适用范围,unassessed,unassessed
graphics.3d.gpu_api,现代GPU图形API,permissions_privacy,android,harmonyos,unknown,unreviewed,,,unassessed,尚未逐条评估证据和适用范围,unassessed,unassessed
graphics.3d.gpu_api,现代GPU图形API,permissions_privacy,android,ios,unknown,unreviewed,,,unassessed,尚未逐条评估证据和适用范围,unassessed,unassessed
graphics.3d.gpu_api,现代GPU图形API,permissions_privacy,harmonyos,ios,unknown,unreviewed,,,unassessed,尚未逐条评估证据和适用范围,unassessed,unassessed
graphics.3d.gpu_api,现代GPU图形API,limits_precision,android,harmonyos,unknown,unreviewed,,,unassessed,尚未逐条评估证据和适用范围,unassessed,unassessed
graphics.3d.gpu_api,现代GPU图形API,limits_precision,android,ios,unknown,unreviewed,,,unassessed,尚未逐条评估证据和适用范围,unassessed,unassessed
graphics.3d.gpu_api,现代GPU图形API,limits_precision,harmonyos,ios,unknown,unreviewed,,,unassessed,尚未逐条评估证据和适用范围,unassessed,unassessed
graphics.3d.gpu_api,现代GPU图形API,device_forms,android,harmonyos,unknown,unreviewed,,,unassessed,尚未逐条评估证据和适用范围,unassessed,unassessed
graphics.3d.gpu_api,现代GPU图形API,device_forms,android,ios,unknown,unreviewed,,,unassessed,尚未逐条评估证据和适用范围,unassessed,unassessed
graphics.3d.gpu_api,现代GPU图形API,device_forms,harmonyos,ios,unknown,unreviewed,,,unassessed,尚未逐条评估证据和适用范围,unassessed,unassessed
graphics.3d.gpu_api,现代GPU图形API,api_surface,android,harmonyos,unknown,unreviewed,,,unassessed,尚未逐条评估证据和适用范围,unassessed,unassessed
graphics.3d.gpu_api,现代GPU图形API,api_surface,android,ios,unknown,unreviewed,,,unassessed,尚未逐条评估证据和适用范围,unassessed,unassessed
graphics.3d.gpu_api,现代GPU图形API,api_surface,harmonyos,ios,unknown,unreviewed,,,unassessed,尚未逐条评估证据和适用范围,unassessed,unassessed
graphics.capture,截屏与录屏,availability,android,harmonyos,unknown,unreviewed,,,unassessed,尚未逐条评估证据和适用范围,unassessed,unassessed
graphics.capture,截屏与录屏,availability,android,ios,unknown,unreviewed,,,unassessed,尚未逐条评估证据和适用范围,unassessed,unassessed
graphics.capture,截屏与录屏,availability,harmonyos,ios,unknown,unreviewed,,,unassessed,尚未逐条评估证据和适用范围,unassessed,unassessed
graphics.capture,截屏与录屏,programming_model,android,harmonyos,unknown,unreviewed,,,unassessed,尚未逐条评估证据和适用范围,unassessed,unassessed
graphics.capture,截屏与录屏,programming_model,android,ios,unknown,unreviewed,,,unassessed,尚未逐条评估证据和适用范围,unassessed,unassessed
graphics.capture,截屏与录屏,programming_model,harmonyos,ios,unknown,unreviewed,,,unassessed,尚未逐条评估证据和适用范围,unassessed,unassessed
graphics.capture,截屏与录屏,lifecycle_background,android,harmonyos,unknown,unreviewed,,,unassessed,尚未逐条评估证据和适用范围,unassessed,unassessed
graphics.capture,截屏与录屏,lifecycle_background,android,ios,unknown,unreviewed,,,unassessed,尚未逐条评估证据和适用范围,unassessed,unassessed
graphics.capture,截屏与录屏,lifecycle_background,harmonyos,ios,unknown,unreviewed,,,unassessed,尚未逐条评估证据和适用范围,unassessed,unassessed
graphics.capture,截屏与录屏,permissions_privacy,android,harmonyos,unknown,unreviewed,,,unassessed,尚未逐条评估证据和适用范围,unassessed,unassessed
graphics.capture,截屏与录屏,permissions_privacy,android,ios,unknown,unreviewed,,,unassessed,尚未逐条评估证据和适用范围,unassessed,unassessed
graphics.capture,截屏与录屏,permissions_privacy,harmonyos,ios,unknown,unreviewed,,,unassessed,尚未逐条评估证据和适用范围,unassessed,unassessed
graphics.capture,截屏与录屏,limits_precision,android,harmonyos,unknown,unreviewed,,,unassessed,尚未逐条评估证据和适用范围,unassessed,unassessed
graphics.capture,截屏与录屏,limits_precision,android,ios,unknown,unreviewed,,,unassessed,尚未逐条评估证据和适用范围,unassessed,unassessed
graphics.capture,截屏与录屏,limits_precision,harmonyos,ios,unknown,unreviewed,,,unassessed,尚未逐条评估证据和适用范围,unassessed,unassessed
graphics.capture,截屏与录屏,device_forms,android,harmonyos,unknown,unreviewed,,,unassessed,尚未逐条评估证据和适用范围,unassessed,unassessed
graphics.capture,截屏与录屏,device_forms,android,ios,unknown,unreviewed,,,unassessed,尚未逐条评估证据和适用范围,unassessed,unassessed
graphics.capture,截屏与录屏,device_forms,harmonyos,ios,unknown,unreviewed,,,unassessed,尚未逐条评估证据和适用范围,unassessed,unassessed
graphics.capture,截屏与录屏,api_surface,android,harmonyos,unknown,unreviewed,,,unassessed,尚未逐条评估证据和适用范围,unassessed,unassessed
graphics.capture,截屏与录屏,api_surface,android,ios,unknown,unreviewed,,,unassessed,尚未逐条评估证据和适用范围,unassessed,unassessed
graphics.capture,截屏与录屏,api_surface,harmonyos,ios,unknown,unreviewed,,,unassessed,尚未逐条评估证据和适用范围,unassessed,unassessed
graphics.capture.screen_record,屏幕录制,availability,android,harmonyos,unknown,unreviewed,,,unassessed,尚未逐条评估证据和适用范围,unassessed,unassessed
graphics.capture.screen_record,屏幕录制,availability,android,ios,unknown,unreviewed,,,unassessed,尚未逐条评估证据和适用范围,unassessed,unassessed
graphics.capture.screen_record,屏幕录制,availability,harmonyos,ios,unknown,unreviewed,,,unassessed,尚未逐条评估证据和适用范围,unassessed,unassessed
graphics.capture.screen_record,屏幕录制,programming_model,android,harmonyos,unknown,unreviewed,,,unassessed,尚未逐条评估证据和适用范围,unassessed,unassessed
graphics.capture.screen_record,屏幕录制,programming_model,android,ios,unknown,unreviewed,,,unassessed,尚未逐条评估证据和适用范围,unassessed,unassessed
graphics.capture.screen_record,屏幕录制,programming_model,harmonyos,ios,unknown,unreviewed,,,unassessed,尚未逐条评估证据和适用范围,unassessed,unassessed
graphics.capture.screen_record,屏幕录制,lifecycle_background,android,harmonyos,unknown,unreviewed,,,unassessed,尚未逐条评估证据和适用范围,unassessed,unassessed
graphics.capture.screen_record,屏幕录制,lifecycle_background,android,ios,unknown,unreviewed,,,unassessed,尚未逐条评估证据和适用范围,unassessed,unassessed
graphics.capture.screen_record,屏幕录制,lifecycle_background,harmonyos,ios,unknown,unreviewed,,,unassessed,尚未逐条评估证据和适用范围,unassessed,unassessed
graphics.capture.screen_record,屏幕录制,permissions_privacy,android,harmonyos,unknown,unreviewed,,,unassessed,尚未逐条评估证据和适用范围,unassessed,unassessed
graphics.capture.screen_record,屏幕录制,permissions_privacy,android,ios,unknown,unreviewed,,,unassessed,尚未逐条评估证据和适用范围,unassessed,unassessed
graphics.capture.screen_record,屏幕录制,permissions_privacy,harmonyos,ios,unknown,unreviewed,,,unassessed,尚未逐条评估证据和适用范围,unassessed,unassessed
graphics.capture.screen_record,屏幕录制,limits_precision,android,harmonyos,unknown,unreviewed,,,unassessed,尚未逐条评估证据和适用范围,unassessed,unassessed
graphics.capture.screen_record,屏幕录制,limits_precision,android,ios,unknown,unreviewed,,,unassessed,尚未逐条评估证据和适用范围,unassessed,unassessed
graphics.capture.screen_record,屏幕录制,limits_precision,harmonyos,ios,unknown,unreviewed,,,unassessed,尚未逐条评估证据和适用范围,unassessed,unassessed
graphics.capture.screen_record,屏幕录制,device_forms,android,harmonyos,unknown,unreviewed,,,unassessed,尚未逐条评估证据和适用范围,unassessed,unassessed
graphics.capture.screen_record,屏幕录制,device_forms,android,ios,unknown,unreviewed,,,unassessed,尚未逐条评估证据和适用范围,unassessed,unassessed
graphics.capture.screen_record,屏幕录制,device_forms,harmonyos,ios,unknown,unreviewed,,,unassessed,尚未逐条评估证据和适用范围,unassessed,unassessed
graphics.capture.screen_record,屏幕录制,api_surface,android,harmonyos,unknown,unreviewed,,,unassessed,尚未逐条评估证据和适用范围,unassessed,unassessed
graphics.capture.screen_record,屏幕录制,api_surface,android,ios,unknown,unreviewed,,,unassessed,尚未逐条评估证据和适用范围,unassessed,unassessed
graphics.capture.screen_record,屏幕录制,api_surface,harmonyos,ios,unknown,unreviewed,,,unassessed,尚未逐条评估证据和适用范围,unassessed,unassessed
graphics.capture.screenshot,截屏,availability,android,harmonyos,unknown,unreviewed,,,unassessed,尚未逐条评估证据和适用范围,unassessed,unassessed
graphics.capture.screenshot,截屏,availability,android,ios,unknown,unreviewed,,,unassessed,尚未逐条评估证据和适用范围,unassessed,unassessed
graphics.capture.screenshot,截屏,availability,harmonyos,ios,unknown,unreviewed,,,unassessed,尚未逐条评估证据和适用范围,unassessed,unassessed
graphics.capture.screenshot,截屏,programming_model,android,harmonyos,unknown,unreviewed,,,unassessed,尚未逐条评估证据和适用范围,unassessed,unassessed
graphics.capture.screenshot,截屏,programming_model,android,ios,unknown,unreviewed,,,unassessed,尚未逐条评估证据和适用范围,unassessed,unassessed
graphics.capture.screenshot,截屏,programming_model,harmonyos,ios,unknown,unreviewed,,,unassessed,尚未逐条评估证据和适用范围,unassessed,unassessed
graphics.capture.screenshot,截屏,lifecycle_background,android,harmonyos,unknown,unreviewed,,,unassessed,尚未逐条评估证据和适用范围,unassessed,unassessed
graphics.capture.screenshot,截屏,lifecycle_background,android,ios,unknown,unreviewed,,,unassessed,尚未逐条评估证据和适用范围,unassessed,unassessed
graphics.capture.screenshot,截屏,lifecycle_background,harmonyos,ios,unknown,unreviewed,,,unassessed,尚未逐条评估证据和适用范围,unassessed,unassessed
graphics.capture.screenshot,截屏,permissions_privacy,android,harmonyos,unknown,unreviewed,,,unassessed,尚未逐条评估证据和适用范围,unassessed,unassessed
graphics.capture.screenshot,截屏,permissions_privacy,android,ios,unknown,unreviewed,,,unassessed,尚未逐条评估证据和适用范围,unassessed,unassessed
graphics.capture.screenshot,截屏,permissions_privacy,harmonyos,ios,unknown,unreviewed,,,unassessed,尚未逐条评估证据和适用范围,unassessed,unassessed
graphics.capture.screenshot,截屏,limits_precision,android,harmonyos,unknown,unreviewed,,,unassessed,尚未逐条评估证据和适用范围,unassessed,unassessed
graphics.capture.screenshot,截屏,limits_precision,android,ios,unknown,unreviewed,,,unassessed,尚未逐条评估证据和适用范围,unassessed,unassessed
graphics.capture.screenshot,截屏,limits_precision,harmonyos,ios,unknown,unreviewed,,,unassessed,尚未逐条评估证据和适用范围,unassessed,unassessed
graphics.capture.screenshot,截屏,device_forms,android,harmonyos,unknown,unreviewed,,,unassessed,尚未逐条评估证据和适用范围,unassessed,unassessed
graphics.capture.screenshot,截屏,device_forms,android,ios,unknown,unreviewed,,,unassessed,尚未逐条评估证据和适用范围,unassessed,unassessed
graphics.capture.screenshot,截屏,device_forms,harmonyos,ios,unknown,unreviewed,,,unassessed,尚未逐条评估证据和适用范围,unassessed,unassessed
graphics.capture.screenshot,截屏,api_surface,android,harmonyos,unknown,unreviewed,,,unassessed,尚未逐条评估证据和适用范围,unassessed,unassessed
graphics.capture.screenshot,截屏,api_surface,android,ios,unknown,unreviewed,,,unassessed,尚未逐条评估证据和适用范围,unassessed,unassessed
graphics.capture.screenshot,截屏,api_surface,harmonyos,ios,unknown,unreviewed,,,unassessed,尚未逐条评估证据和适用范围,unassessed,unassessed
health_home,健康运动家居车,availability,android,harmonyos,unknown,unreviewed,,,unassessed,尚未逐条评估证据和适用范围,unassessed,unassessed
health_home,健康运动家居车,availability,android,ios,unknown,unreviewed,,,unassessed,尚未逐条评估证据和适用范围,unassessed,unassessed
health_home,健康运动家居车,availability,harmonyos,ios,unknown,unreviewed,,,unassessed,尚未逐条评估证据和适用范围,unassessed,unassessed
health_home,健康运动家居车,programming_model,android,harmonyos,unknown,unreviewed,,,unassessed,尚未逐条评估证据和适用范围,unassessed,unassessed
health_home,健康运动家居车,programming_model,android,ios,unknown,unreviewed,,,unassessed,尚未逐条评估证据和适用范围,unassessed,unassessed
health_home,健康运动家居车,programming_model,harmonyos,ios,unknown,unreviewed,,,unassessed,尚未逐条评估证据和适用范围,unassessed,unassessed
health_home,健康运动家居车,lifecycle_background,android,harmonyos,unknown,unreviewed,,,unassessed,尚未逐条评估证据和适用范围,unassessed,unassessed
health_home,健康运动家居车,lifecycle_background,android,ios,unknown,unreviewed,,,unassessed,尚未逐条评估证据和适用范围,unassessed,unassessed
health_home,健康运动家居车,lifecycle_background,harmonyos,ios,unknown,unreviewed,,,unassessed,尚未逐条评估证据和适用范围,unassessed,unassessed
health_home,健康运动家居车,permissions_privacy,android,harmonyos,unknown,unreviewed,,,unassessed,尚未逐条评估证据和适用范围,unassessed,unassessed
health_home,健康运动家居车,permissions_privacy,android,ios,unknown,unreviewed,,,unassessed,尚未逐条评估证据和适用范围,unassessed,unassessed
health_home,健康运动家居车,permissions_privacy,harmonyos,ios,unknown,unreviewed,,,unassessed,尚未逐条评估证据和适用范围,unassessed,unassessed
health_home,健康运动家居车,limits_precision,android,harmonyos,unknown,unreviewed,,,unassessed,尚未逐条评估证据和适用范围,unassessed,unassessed
health_home,健康运动家居车,limits_precision,android,ios,unknown,unreviewed,,,unassessed,尚未逐条评估证据和适用范围,unassessed,unassessed
health_home,健康运动家居车,limits_precision,harmonyos,ios,unknown,unreviewed,,,unassessed,尚未逐条评估证据和适用范围,unassessed,unassessed
health_home,健康运动家居车,device_forms,android,harmonyos,unknown,unreviewed,,,unassessed,尚未逐条评估证据和适用范围,unassessed,unassessed
health_home,健康运动家居车,device_forms,android,ios,unknown,unreviewed,,,unassessed,尚未逐条评估证据和适用范围,unassessed,unassessed
health_home,健康运动家居车,device_forms,harmonyos,ios,unknown,unreviewed,,,unassessed,尚未逐条评估证据和适用范围,unassessed,unassessed
health_home,健康运动家居车,api_surface,android,harmonyos,unknown,unreviewed,,,unassessed,尚未逐条评估证据和适用范围,unassessed,unassessed
health_home,健康运动家居车,api_surface,android,ios,unknown,unreviewed,,,unassessed,尚未逐条评估证据和适用范围,unassessed,unassessed
health_home,健康运动家居车,api_surface,harmonyos,ios,unknown,unreviewed,,,unassessed,尚未逐条评估证据和适用范围,unassessed,unassessed
health_home.auto,车载投影,availability,android,harmonyos,unknown,unreviewed,,,unassessed,尚未逐条评估证据和适用范围,unassessed,unassessed
health_home.auto,车载投影,availability,android,ios,unknown,unreviewed,,,unassessed,尚未逐条评估证据和适用范围,unassessed,unassessed
health_home.auto,车载投影,availability,harmonyos,ios,unknown,unreviewed,,,unassessed,尚未逐条评估证据和适用范围,unassessed,unassessed
health_home.auto,车载投影,programming_model,android,harmonyos,unknown,unreviewed,,,unassessed,尚未逐条评估证据和适用范围,unassessed,unassessed
health_home.auto,车载投影,programming_model,android,ios,unknown,unreviewed,,,unassessed,尚未逐条评估证据和适用范围,unassessed,unassessed
health_home.auto,车载投影,programming_model,harmonyos,ios,unknown,unreviewed,,,unassessed,尚未逐条评估证据和适用范围,unassessed,unassessed
health_home.auto,车载投影,lifecycle_background,android,harmonyos,unknown,unreviewed,,,unassessed,尚未逐条评估证据和适用范围,unassessed,unassessed
health_home.auto,车载投影,lifecycle_background,android,ios,unknown,unreviewed,,,unassessed,尚未逐条评估证据和适用范围,unassessed,unassessed
health_home.auto,车载投影,lifecycle_background,harmonyos,ios,unknown,unreviewed,,,unassessed,尚未逐条评估证据和适用范围,unassessed,unassessed
health_home.auto,车载投影,permissions_privacy,android,harmonyos,unknown,unreviewed,,,unassessed,尚未逐条评估证据和适用范围,unassessed,unassessed
health_home.auto,车载投影,permissions_privacy,android,ios,unknown,unreviewed,,,unassessed,尚未逐条评估证据和适用范围,unassessed,unassessed
health_home.auto,车载投影,permissions_privacy,harmonyos,ios,unknown,unreviewed,,,unassessed,尚未逐条评估证据和适用范围,unassessed,unassessed
health_home.auto,车载投影,limits_precision,android,harmonyos,unknown,unreviewed,,,unassessed,尚未逐条评估证据和适用范围,unassessed,unassessed
health_home.auto,车载投影,limits_precision,android,ios,unknown,unreviewed,,,unassessed,尚未逐条评估证据和适用范围,unassessed,unassessed
health_home.auto,车载投影,limits_precision,harmonyos,ios,unknown,unreviewed,,,unassessed,尚未逐条评估证据和适用范围,unassessed,unassessed
health_home.auto,车载投影,device_forms,android,harmonyos,unknown,unreviewed,,,unassessed,尚未逐条评估证据和适用范围,unassessed,unassessed
health_home.auto,车载投影,device_forms,android,ios,unknown,unreviewed,,,unassessed,尚未逐条评估证据和适用范围,unassessed,unassessed
health_home.auto,车载投影,device_forms,harmonyos,ios,unknown,unreviewed,,,unassessed,尚未逐条评估证据和适用范围,unassessed,unassessed
health_home.auto,车载投影,api_surface,android,harmonyos,unknown,unreviewed,,,unassessed,尚未逐条评估证据和适用范围,unassessed,unassessed
health_home.auto,车载投影,api_surface,android,ios,unknown,unreviewed,,,unassessed,尚未逐条评估证据和适用范围,unassessed,unassessed
health_home.auto,车载投影,api_surface,harmonyos,ios,unknown,unreviewed,,,unassessed,尚未逐条评估证据和适用范围,unassessed,unassessed
health_home.auto.projection,车机应用投影,availability,android,harmonyos,unknown,unreviewed,,,unassessed,尚未逐条评估证据和适用范围,unassessed,unassessed
health_home.auto.projection,车机应用投影,availability,android,ios,unknown,unreviewed,,,unassessed,尚未逐条评估证据和适用范围,unassessed,unassessed
health_home.auto.projection,车机应用投影,availability,harmonyos,ios,unknown,unreviewed,,,unassessed,尚未逐条评估证据和适用范围,unassessed,unassessed
health_home.auto.projection,车机应用投影,programming_model,android,harmonyos,unknown,unreviewed,,,unassessed,尚未逐条评估证据和适用范围,unassessed,unassessed
health_home.auto.projection,车机应用投影,programming_model,android,ios,unknown,unreviewed,,,unassessed,尚未逐条评估证据和适用范围,unassessed,unassessed
health_home.auto.projection,车机应用投影,programming_model,harmonyos,ios,unknown,unreviewed,,,unassessed,尚未逐条评估证据和适用范围,unassessed,unassessed
health_home.auto.projection,车机应用投影,lifecycle_background,android,harmonyos,unknown,unreviewed,,,unassessed,尚未逐条评估证据和适用范围,unassessed,unassessed
health_home.auto.projection,车机应用投影,lifecycle_background,android,ios,unknown,unreviewed,,,unassessed,尚未逐条评估证据和适用范围,unassessed,unassessed
health_home.auto.projection,车机应用投影,lifecycle_background,harmonyos,ios,unknown,unreviewed,,,unassessed,尚未逐条评估证据和适用范围,unassessed,unassessed
health_home.auto.projection,车机应用投影,permissions_privacy,android,harmonyos,unknown,unreviewed,,,unassessed,尚未逐条评估证据和适用范围,unassessed,unassessed
health_home.auto.projection,车机应用投影,permissions_privacy,android,ios,unknown,unreviewed,,,unassessed,尚未逐条评估证据和适用范围,unassessed,unassessed
health_home.auto.projection,车机应用投影,permissions_privacy,harmonyos,ios,unknown,unreviewed,,,unassessed,尚未逐条评估证据和适用范围,unassessed,unassessed
health_home.auto.projection,车机应用投影,limits_precision,android,harmonyos,unknown,unreviewed,,,unassessed,尚未逐条评估证据和适用范围,unassessed,unassessed
health_home.auto.projection,车机应用投影,limits_precision,android,ios,unknown,unreviewed,,,unassessed,尚未逐条评估证据和适用范围,unassessed,unassessed
health_home.auto.projection,车机应用投影,limits_precision,harmonyos,ios,unknown,unreviewed,,,unassessed,尚未逐条评估证据和适用范围,unassessed,unassessed
health_home.auto.projection,车机应用投影,device_forms,android,harmonyos,unknown,unreviewed,,,unassessed,尚未逐条评估证据和适用范围,unassessed,unassessed
health_home.auto.projection,车机应用投影,device_forms,android,ios,unknown,unreviewed,,,unassessed,尚未逐条评估证据和适用范围,unassessed,unassessed
health_home.auto.projection,车机应用投影,device_forms,harmonyos,ios,unknown,unreviewed,,,unassessed,尚未逐条评估证据和适用范围,unassessed,unassessed
health_home.auto.projection,车机应用投影,api_surface,android,harmonyos,unknown,unreviewed,,,unassessed,尚未逐条评估证据和适用范围,unassessed,unassessed
health_home.auto.projection,车机应用投影,api_surface,android,ios,unknown,unreviewed,,,unassessed,尚未逐条评估证据和适用范围,unassessed,unassessed
health_home.auto.projection,车机应用投影,api_surface,harmonyos,ios,unknown,unreviewed,,,unassessed,尚未逐条评估证据和适用范围,unassessed,unassessed
health_home.health,健康数据,availability,android,harmonyos,unknown,unreviewed,,,unassessed,尚未逐条评估证据和适用范围,unassessed,unassessed
health_home.health,健康数据,availability,android,ios,unknown,unreviewed,,,unassessed,尚未逐条评估证据和适用范围,unassessed,unassessed
health_home.health,健康数据,availability,harmonyos,ios,unknown,unreviewed,,,unassessed,尚未逐条评估证据和适用范围,unassessed,unassessed
health_home.health,健康数据,programming_model,android,harmonyos,unknown,unreviewed,,,unassessed,尚未逐条评估证据和适用范围,unassessed,unassessed
health_home.health,健康数据,programming_model,android,ios,unknown,unreviewed,,,unassessed,尚未逐条评估证据和适用范围,unassessed,unassessed
health_home.health,健康数据,programming_model,harmonyos,ios,unknown,unreviewed,,,unassessed,尚未逐条评估证据和适用范围,unassessed,unassessed
health_home.health,健康数据,lifecycle_background,android,harmonyos,unknown,unreviewed,,,unassessed,尚未逐条评估证据和适用范围,unassessed,unassessed
health_home.health,健康数据,lifecycle_background,android,ios,unknown,unreviewed,,,unassessed,尚未逐条评估证据和适用范围,unassessed,unassessed
health_home.health,健康数据,lifecycle_background,harmonyos,ios,unknown,unreviewed,,,unassessed,尚未逐条评估证据和适用范围,unassessed,unassessed
health_home.health,健康数据,permissions_privacy,android,harmonyos,unknown,unreviewed,,,unassessed,尚未逐条评估证据和适用范围,unassessed,unassessed
health_home.health,健康数据,permissions_privacy,android,ios,unknown,unreviewed,,,unassessed,尚未逐条评估证据和适用范围,unassessed,unassessed
health_home.health,健康数据,permissions_privacy,harmonyos,ios,unknown,unreviewed,,,unassessed,尚未逐条评估证据和适用范围,unassessed,unassessed
health_home.health,健康数据,limits_precision,android,harmonyos,unknown,unreviewed,,,unassessed,尚未逐条评估证据和适用范围,unassessed,unassessed
health_home.health,健康数据,limits_precision,android,ios,unknown,unreviewed,,,unassessed,尚未逐条评估证据和适用范围,unassessed,unassessed
health_home.health,健康数据,limits_precision,harmonyos,ios,unknown,unreviewed,,,unassessed,尚未逐条评估证据和适用范围,unassessed,unassessed
health_home.health,健康数据,device_forms,android,harmonyos,unknown,unreviewed,,,unassessed,尚未逐条评估证据和适用范围,unassessed,unassessed
health_home.health,健康数据,device_forms,android,ios,unknown,unreviewed,,,unassessed,尚未逐条评估证据和适用范围,unassessed,unassessed
health_home.health,健康数据,device_forms,harmonyos,ios,unknown,unreviewed,,,unassessed,尚未逐条评估证据和适用范围,unassessed,unassessed
health_home.health,健康数据,api_surface,android,harmonyos,unknown,unreviewed,,,unassessed,尚未逐条评估证据和适用范围,unassessed,unassessed
health_home.health,健康数据,api_surface,android,ios,unknown,unreviewed,,,unassessed,尚未逐条评估证据和适用范围,unassessed,unassessed
health_home.health,健康数据,api_surface,harmonyos,ios,unknown,unreviewed,,,unassessed,尚未逐条评估证据和适用范围,unassessed,unassessed
health_home.health.records,健康记录,availability,android,harmonyos,unknown,unreviewed,,,unassessed,尚未逐条评估证据和适用范围,unassessed,unassessed
health_home.health.records,健康记录,availability,android,ios,unknown,unreviewed,,,unassessed,尚未逐条评估证据和适用范围,unassessed,unassessed
health_home.health.records,健康记录,availability,harmonyos,ios,unknown,unreviewed,,,unassessed,尚未逐条评估证据和适用范围,unassessed,unassessed
health_home.health.records,健康记录,programming_model,android,harmonyos,unknown,unreviewed,,,unassessed,尚未逐条评估证据和适用范围,unassessed,unassessed
health_home.health.records,健康记录,programming_model,android,ios,unknown,unreviewed,,,unassessed,尚未逐条评估证据和适用范围,unassessed,unassessed
health_home.health.records,健康记录,programming_model,harmonyos,ios,unknown,unreviewed,,,unassessed,尚未逐条评估证据和适用范围,unassessed,unassessed
health_home.health.records,健康记录,lifecycle_background,android,harmonyos,unknown,unreviewed,,,unassessed,尚未逐条评估证据和适用范围,unassessed,unassessed
health_home.health.records,健康记录,lifecycle_background,android,ios,unknown,unreviewed,,,unassessed,尚未逐条评估证据和适用范围,unassessed,unassessed
health_home.health.records,健康记录,lifecycle_background,harmonyos,ios,unknown,unreviewed,,,unassessed,尚未逐条评估证据和适用范围,unassessed,unassessed
health_home.health.records,健康记录,permissions_privacy,android,harmonyos,unknown,unreviewed,,,unassessed,尚未逐条评估证据和适用范围,unassessed,unassessed
health_home.health.records,健康记录,permissions_privacy,android,ios,unknown,unreviewed,,,unassessed,尚未逐条评估证据和适用范围,unassessed,unassessed
health_home.health.records,健康记录,permissions_privacy,harmonyos,ios,unknown,unreviewed,,,unassessed,尚未逐条评估证据和适用范围,unassessed,unassessed
health_home.health.records,健康记录,limits_precision,android,harmonyos,unknown,unreviewed,,,unassessed,尚未逐条评估证据和适用范围,unassessed,unassessed
health_home.health.records,健康记录,limits_precision,android,ios,unknown,unreviewed,,,unassessed,尚未逐条评估证据和适用范围,unassessed,unassessed
health_home.health.records,健康记录,limits_precision,harmonyos,ios,unknown,unreviewed,,,unassessed,尚未逐条评估证据和适用范围,unassessed,unassessed
health_home.health.records,健康记录,device_forms,android,harmonyos,unknown,unreviewed,,,unassessed,尚未逐条评估证据和适用范围,unassessed,unassessed
health_home.health.records,健康记录,device_forms,android,ios,unknown,unreviewed,,,unassessed,尚未逐条评估证据和适用范围,unassessed,unassessed
health_home.health.records,健康记录,device_forms,harmonyos,ios,unknown,unreviewed,,,unassessed,尚未逐条评估证据和适用范围,unassessed,unassessed
health_home.health.records,健康记录,api_surface,android,harmonyos,unknown,unreviewed,,,unassessed,尚未逐条评估证据和适用范围,unassessed,unassessed
health_home.health.records,健康记录,api_surface,android,ios,unknown,unreviewed,,,unassessed,尚未逐条评估证据和适用范围,unassessed,unassessed
health_home.health.records,健康记录,api_surface,harmonyos,ios,unknown,unreviewed,,,unassessed,尚未逐条评估证据和适用范围,unassessed,unassessed
health_home.home,智能家居,availability,android,harmonyos,unknown,unreviewed,,,unassessed,尚未逐条评估证据和适用范围,unassessed,unassessed
health_home.home,智能家居,availability,android,ios,unknown,unreviewed,,,unassessed,尚未逐条评估证据和适用范围,unassessed,unassessed
health_home.home,智能家居,availability,harmonyos,ios,unknown,unreviewed,,,unassessed,尚未逐条评估证据和适用范围,unassessed,unassessed
health_home.home,智能家居,programming_model,android,harmonyos,unknown,unreviewed,,,unassessed,尚未逐条评估证据和适用范围,unassessed,unassessed
health_home.home,智能家居,programming_model,android,ios,unknown,unreviewed,,,unassessed,尚未逐条评估证据和适用范围,unassessed,unassessed
health_home.home,智能家居,programming_model,harmonyos,ios,unknown,unreviewed,,,unassessed,尚未逐条评估证据和适用范围,unassessed,unassessed
health_home.home,智能家居,lifecycle_background,android,harmonyos,unknown,unreviewed,,,unassessed,尚未逐条评估证据和适用范围,unassessed,unassessed
health_home.home,智能家居,lifecycle_background,android,ios,unknown,unreviewed,,,unassessed,尚未逐条评估证据和适用范围,unassessed,unassessed
health_home.home,智能家居,lifecycle_background,harmonyos,ios,unknown,unreviewed,,,unassessed,尚未逐条评估证据和适用范围,unassessed,unassessed
health_home.home,智能家居,permissions_privacy,android,harmonyos,unknown,unreviewed,,,unassessed,尚未逐条评估证据和适用范围,unassessed,unassessed
health_home.home,智能家居,permissions_privacy,android,ios,unknown,unreviewed,,,unassessed,尚未逐条评估证据和适用范围,unassessed,unassessed
health_home.home,智能家居,permissions_privacy,harmonyos,ios,unknown,unreviewed,,,unassessed,尚未逐条评估证据和适用范围,unassessed,unassessed
health_home.home,智能家居,limits_precision,android,harmonyos,unknown,unreviewed,,,unassessed,尚未逐条评估证据和适用范围,unassessed,unassessed
health_home.home,智能家居,limits_precision,android,ios,unknown,unreviewed,,,unassessed,尚未逐条评估证据和适用范围,unassessed,unassessed
health_home.home,智能家居,limits_precision,harmonyos,ios,unknown,unreviewed,,,unassessed,尚未逐条评估证据和适用范围,unassessed,unassessed
health_home.home,智能家居,device_forms,android,harmonyos,unknown,unreviewed,,,unassessed,尚未逐条评估证据和适用范围,unassessed,unassessed
health_home.home,智能家居,device_forms,android,ios,unknown,unreviewed,,,unassessed,尚未逐条评估证据和适用范围,unassessed,unassessed
health_home.home,智能家居,device_forms,harmonyos,ios,unknown,unreviewed,,,unassessed,尚未逐条评估证据和适用范围,unassessed,unassessed
health_home.home,智能家居,api_surface,android,harmonyos,unknown,unreviewed,,,unassessed,尚未逐条评估证据和适用范围,unassessed,unassessed
health_home.home,智能家居,api_surface,android,ios,unknown,unreviewed,,,unassessed,尚未逐条评估证据和适用范围,unassessed,unassessed
health_home.home,智能家居,api_surface,harmonyos,ios,unknown,unreviewed,,,unassessed,尚未逐条评估证据和适用范围,unassessed,unassessed
health_home.home.accessories,家居配件控制,availability,android,harmonyos,unknown,unreviewed,,,unassessed,尚未逐条评估证据和适用范围,unassessed,unassessed
health_home.home.accessories,家居配件控制,availability,android,ios,unknown,unreviewed,,,unassessed,尚未逐条评估证据和适用范围,unassessed,unassessed
health_home.home.accessories,家居配件控制,availability,harmonyos,ios,unknown,unreviewed,,,unassessed,尚未逐条评估证据和适用范围,unassessed,unassessed
health_home.home.accessories,家居配件控制,programming_model,android,harmonyos,unknown,unreviewed,,,unassessed,尚未逐条评估证据和适用范围,unassessed,unassessed
health_home.home.accessories,家居配件控制,programming_model,android,ios,unknown,unreviewed,,,unassessed,尚未逐条评估证据和适用范围,unassessed,unassessed
health_home.home.accessories,家居配件控制,programming_model,harmonyos,ios,unknown,unreviewed,,,unassessed,尚未逐条评估证据和适用范围,unassessed,unassessed
health_home.home.accessories,家居配件控制,lifecycle_background,android,harmonyos,unknown,unreviewed,,,unassessed,尚未逐条评估证据和适用范围,unassessed,unassessed
health_home.home.accessories,家居配件控制,lifecycle_background,android,ios,unknown,unreviewed,,,unassessed,尚未逐条评估证据和适用范围,unassessed,unassessed
health_home.home.accessories,家居配件控制,lifecycle_background,harmonyos,ios,unknown,unreviewed,,,unassessed,尚未逐条评估证据和适用范围,unassessed,unassessed
health_home.home.accessories,家居配件控制,permissions_privacy,android,harmonyos,unknown,unreviewed,,,unassessed,尚未逐条评估证据和适用范围,unassessed,unassessed
health_home.home.accessories,家居配件控制,permissions_privacy,android,ios,unknown,unreviewed,,,unassessed,尚未逐条评估证据和适用范围,unassessed,unassessed
health_home.home.accessories,家居配件控制,permissions_privacy,harmonyos,ios,unknown,unreviewed,,,unassessed,尚未逐条评估证据和适用范围,unassessed,unassessed
health_home.home.accessories,家居配件控制,limits_precision,android,harmonyos,unknown,unreviewed,,,unassessed,尚未逐条评估证据和适用范围,unassessed,unassessed
health_home.home.accessories,家居配件控制,limits_precision,android,ios,unknown,unreviewed,,,unassessed,尚未逐条评估证据和适用范围,unassessed,unassessed
health_home.home.accessories,家居配件控制,limits_precision,harmonyos,ios,unknown,unreviewed,,,unassessed,尚未逐条评估证据和适用范围,unassessed,unassessed
health_home.home.accessories,家居配件控制,device_forms,android,harmonyos,unknown,unreviewed,,,unassessed,尚未逐条评估证据和适用范围,unassessed,unassessed
health_home.home.accessories,家居配件控制,device_forms,android,ios,unknown,unreviewed,,,unassessed,尚未逐条评估证据和适用范围,unassessed,unassessed
health_home.home.accessories,家居配件控制,device_forms,harmonyos,ios,unknown,unreviewed,,,unassessed,尚未逐条评估证据和适用范围,unassessed,unassessed
health_home.home.accessories,家居配件控制,api_surface,android,harmonyos,unknown,unreviewed,,,unassessed,尚未逐条评估证据和适用范围,unassessed,unassessed
health_home.home.accessories,家居配件控制,api_surface,android,ios,unknown,unreviewed,,,unassessed,尚未逐条评估证据和适用范围,unassessed,unassessed
health_home.home.accessories,家居配件控制,api_surface,harmonyos,ios,unknown,unreviewed,,,unassessed,尚未逐条评估证据和适用范围,unassessed,unassessed
identity,身份与账号,availability,android,harmonyos,unknown,unreviewed,,,unassessed,尚未逐条评估证据和适用范围,unassessed,unassessed
identity,身份与账号,availability,android,ios,unknown,unreviewed,,,unassessed,尚未逐条评估证据和适用范围,unassessed,unassessed
identity,身份与账号,availability,harmonyos,ios,unknown,unreviewed,,,unassessed,尚未逐条评估证据和适用范围,unassessed,unassessed
identity,身份与账号,programming_model,android,harmonyos,unknown,unreviewed,,,unassessed,尚未逐条评估证据和适用范围,unassessed,unassessed
identity,身份与账号,programming_model,android,ios,unknown,unreviewed,,,unassessed,尚未逐条评估证据和适用范围,unassessed,unassessed
identity,身份与账号,programming_model,harmonyos,ios,unknown,unreviewed,,,unassessed,尚未逐条评估证据和适用范围,unassessed,unassessed
identity,身份与账号,lifecycle_background,android,harmonyos,unknown,unreviewed,,,unassessed,尚未逐条评估证据和适用范围,unassessed,unassessed
identity,身份与账号,lifecycle_background,android,ios,unknown,unreviewed,,,unassessed,尚未逐条评估证据和适用范围,unassessed,unassessed
identity,身份与账号,lifecycle_background,harmonyos,ios,unknown,unreviewed,,,unassessed,尚未逐条评估证据和适用范围,unassessed,unassessed
identity,身份与账号,permissions_privacy,android,harmonyos,unknown,unreviewed,,,unassessed,尚未逐条评估证据和适用范围,unassessed,unassessed
identity,身份与账号,permissions_privacy,android,ios,unknown,unreviewed,,,unassessed,尚未逐条评估证据和适用范围,unassessed,unassessed
identity,身份与账号,permissions_privacy,harmonyos,ios,unknown,unreviewed,,,unassessed,尚未逐条评估证据和适用范围,unassessed,unassessed
identity,身份与账号,limits_precision,android,harmonyos,unknown,unreviewed,,,unassessed,尚未逐条评估证据和适用范围,unassessed,unassessed
identity,身份与账号,limits_precision,android,ios,unknown,unreviewed,,,unassessed,尚未逐条评估证据和适用范围,unassessed,unassessed
identity,身份与账号,limits_precision,harmonyos,ios,unknown,unreviewed,,,unassessed,尚未逐条评估证据和适用范围,unassessed,unassessed
identity,身份与账号,device_forms,android,harmonyos,unknown,unreviewed,,,unassessed,尚未逐条评估证据和适用范围,unassessed,unassessed
identity,身份与账号,device_forms,android,ios,unknown,unreviewed,,,unassessed,尚未逐条评估证据和适用范围,unassessed,unassessed
identity,身份与账号,device_forms,harmonyos,ios,unknown,unreviewed,,,unassessed,尚未逐条评估证据和适用范围,unassessed,unassessed
identity,身份与账号,api_surface,android,harmonyos,unknown,unreviewed,,,unassessed,尚未逐条评估证据和适用范围,unassessed,unassessed
identity,身份与账号,api_surface,android,ios,unknown,unreviewed,,,unassessed,尚未逐条评估证据和适用范围,unassessed,unassessed
identity,身份与账号,api_surface,harmonyos,ios,unknown,unreviewed,,,unassessed,尚未逐条评估证据和适用范围,unassessed,unassessed
identity.federated,联邦登录,availability,android,harmonyos,unknown,unreviewed,,,unassessed,尚未逐条评估证据和适用范围,unassessed,unassessed
identity.federated,联邦登录,availability,android,ios,unknown,unreviewed,,,unassessed,尚未逐条评估证据和适用范围,unassessed,unassessed
identity.federated,联邦登录,availability,harmonyos,ios,unknown,unreviewed,,,unassessed,尚未逐条评估证据和适用范围,unassessed,unassessed
identity.federated,联邦登录,programming_model,android,harmonyos,unknown,unreviewed,,,unassessed,尚未逐条评估证据和适用范围,unassessed,unassessed
identity.federated,联邦登录,programming_model,android,ios,unknown,unreviewed,,,unassessed,尚未逐条评估证据和适用范围,unassessed,unassessed
identity.federated,联邦登录,programming_model,harmonyos,ios,unknown,unreviewed,,,unassessed,尚未逐条评估证据和适用范围,unassessed,unassessed
identity.federated,联邦登录,lifecycle_background,android,harmonyos,unknown,unreviewed,,,unassessed,尚未逐条评估证据和适用范围,unassessed,unassessed
identity.federated,联邦登录,lifecycle_background,android,ios,unknown,unreviewed,,,unassessed,尚未逐条评估证据和适用范围,unassessed,unassessed
identity.federated,联邦登录,lifecycle_background,harmonyos,ios,unknown,unreviewed,,,unassessed,尚未逐条评估证据和适用范围,unassessed,unassessed
identity.federated,联邦登录,permissions_privacy,android,harmonyos,unknown,unreviewed,,,unassessed,尚未逐条评估证据和适用范围,unassessed,unassessed
identity.federated,联邦登录,permissions_privacy,android,ios,unknown,unreviewed,,,unassessed,尚未逐条评估证据和适用范围,unassessed,unassessed
identity.federated,联邦登录,permissions_privacy,harmonyos,ios,unknown,unreviewed,,,unassessed,尚未逐条评估证据和适用范围,unassessed,unassessed
identity.federated,联邦登录,limits_precision,android,harmonyos,unknown,unreviewed,,,unassessed,尚未逐条评估证据和适用范围,unassessed,unassessed
identity.federated,联邦登录,limits_precision,android,ios,unknown,unreviewed,,,unassessed,尚未逐条评估证据和适用范围,unassessed,unassessed
identity.federated,联邦登录,limits_precision,harmonyos,ios,unknown,unreviewed,,,unassessed,尚未逐条评估证据和适用范围,unassessed,unassessed
identity.federated,联邦登录,device_forms,android,harmonyos,unknown,unreviewed,,,unassessed,尚未逐条评估证据和适用范围,unassessed,unassessed
identity.federated,联邦登录,device_forms,android,ios,unknown,unreviewed,,,unassessed,尚未逐条评估证据和适用范围,unassessed,unassessed
identity.federated,联邦登录,device_forms,harmonyos,ios,unknown,unreviewed,,,unassessed,尚未逐条评估证据和适用范围,unassessed,unassessed
identity.federated,联邦登录,api_surface,android,harmonyos,unknown,unreviewed,,,unassessed,尚未逐条评估证据和适用范围,unassessed,unassessed
identity.federated,联邦登录,api_surface,android,ios,unknown,unreviewed,,,unassessed,尚未逐条评估证据和适用范围,unassessed,unassessed
identity.federated,联邦登录,api_surface,harmonyos,ios,unknown,unreviewed,,,unassessed,尚未逐条评估证据和适用范围,unassessed,unassessed
identity.federated.platform_sign_in,平台账号登录,availability,android,harmonyos,unknown,unreviewed,,,unassessed,尚未逐条评估证据和适用范围,unassessed,unassessed
identity.federated.platform_sign_in,平台账号登录,availability,android,ios,unknown,unreviewed,,,unassessed,尚未逐条评估证据和适用范围,unassessed,unassessed
identity.federated.platform_sign_in,平台账号登录,availability,harmonyos,ios,unknown,unreviewed,,,unassessed,尚未逐条评估证据和适用范围,unassessed,unassessed
identity.federated.platform_sign_in,平台账号登录,programming_model,android,harmonyos,unknown,unreviewed,,,unassessed,尚未逐条评估证据和适用范围,unassessed,unassessed
identity.federated.platform_sign_in,平台账号登录,programming_model,android,ios,unknown,unreviewed,,,unassessed,尚未逐条评估证据和适用范围,unassessed,unassessed
identity.federated.platform_sign_in,平台账号登录,programming_model,harmonyos,ios,unknown,unreviewed,,,unassessed,尚未逐条评估证据和适用范围,unassessed,unassessed
identity.federated.platform_sign_in,平台账号登录,lifecycle_background,android,harmonyos,unknown,unreviewed,,,unassessed,尚未逐条评估证据和适用范围,unassessed,unassessed
identity.federated.platform_sign_in,平台账号登录,lifecycle_background,android,ios,unknown,unreviewed,,,unassessed,尚未逐条评估证据和适用范围,unassessed,unassessed
identity.federated.platform_sign_in,平台账号登录,lifecycle_background,harmonyos,ios,unknown,unreviewed,,,unassessed,尚未逐条评估证据和适用范围,unassessed,unassessed
identity.federated.platform_sign_in,平台账号登录,permissions_privacy,android,harmonyos,unknown,unreviewed,,,unassessed,尚未逐条评估证据和适用范围,unassessed,unassessed
identity.federated.platform_sign_in,平台账号登录,permissions_privacy,android,ios,unknown,unreviewed,,,unassessed,尚未逐条评估证据和适用范围,unassessed,unassessed
identity.federated.platform_sign_in,平台账号登录,permissions_privacy,harmonyos,ios,unknown,unreviewed,,,unassessed,尚未逐条评估证据和适用范围,unassessed,unassessed
identity.federated.platform_sign_in,平台账号登录,limits_precision,android,harmonyos,unknown,unreviewed,,,unassessed,尚未逐条评估证据和适用范围,unassessed,unassessed
identity.federated.platform_sign_in,平台账号登录,limits_precision,android,ios,unknown,unreviewed,,,unassessed,尚未逐条评估证据和适用范围,unassessed,unassessed
identity.federated.platform_sign_in,平台账号登录,limits_precision,harmonyos,ios,unknown,unreviewed,,,unassessed,尚未逐条评估证据和适用范围,unassessed,unassessed
identity.federated.platform_sign_in,平台账号登录,device_forms,android,harmonyos,unknown,unreviewed,,,unassessed,尚未逐条评估证据和适用范围,unassessed,unassessed
identity.federated.platform_sign_in,平台账号登录,device_forms,android,ios,unknown,unreviewed,,,unassessed,尚未逐条评估证据和适用范围,unassessed,unassessed
identity.federated.platform_sign_in,平台账号登录,device_forms,harmonyos,ios,unknown,unreviewed,,,unassessed,尚未逐条评估证据和适用范围,unassessed,unassessed
identity.federated.platform_sign_in,平台账号登录,api_surface,android,harmonyos,unknown,unreviewed,,,unassessed,尚未逐条评估证据和适用范围,unassessed,unassessed
identity.federated.platform_sign_in,平台账号登录,api_surface,android,ios,unknown,unreviewed,,,unassessed,尚未逐条评估证据和适用范围,unassessed,unassessed
identity.federated.platform_sign_in,平台账号登录,api_surface,harmonyos,ios,unknown,unreviewed,,,unassessed,尚未逐条评估证据和适用范围,unassessed,unassessed
identity.system_account,系统账号,availability,android,harmonyos,unknown,unreviewed,,,unassessed,尚未逐条评估证据和适用范围,unassessed,unassessed
identity.system_account,系统账号,availability,android,ios,unknown,unreviewed,,,unassessed,尚未逐条评估证据和适用范围,unassessed,unassessed
identity.system_account,系统账号,availability,harmonyos,ios,unknown,unreviewed,,,unassessed,尚未逐条评估证据和适用范围,unassessed,unassessed
identity.system_account,系统账号,programming_model,android,harmonyos,unknown,unreviewed,,,unassessed,尚未逐条评估证据和适用范围,unassessed,unassessed
identity.system_account,系统账号,programming_model,android,ios,unknown,unreviewed,,,unassessed,尚未逐条评估证据和适用范围,unassessed,unassessed
identity.system_account,系统账号,programming_model,harmonyos,ios,unknown,unreviewed,,,unassessed,尚未逐条评估证据和适用范围,unassessed,unassessed
identity.system_account,系统账号,lifecycle_background,android,harmonyos,unknown,unreviewed,,,unassessed,尚未逐条评估证据和适用范围,unassessed,unassessed
identity.system_account,系统账号,lifecycle_background,android,ios,unknown,unreviewed,,,unassessed,尚未逐条评估证据和适用范围,unassessed,unassessed
identity.system_account,系统账号,lifecycle_background,harmonyos,ios,unknown,unreviewed,,,unassessed,尚未逐条评估证据和适用范围,unassessed,unassessed
identity.system_account,系统账号,permissions_privacy,android,harmonyos,unknown,unreviewed,,,unassessed,尚未逐条评估证据和适用范围,unassessed,unassessed
identity.system_account,系统账号,permissions_privacy,android,ios,unknown,unreviewed,,,unassessed,尚未逐条评估证据和适用范围,unassessed,unassessed
identity.system_account,系统账号,permissions_privacy,harmonyos,ios,unknown,unreviewed,,,unassessed,尚未逐条评估证据和适用范围,unassessed,unassessed
identity.system_account,系统账号,limits_precision,android,harmonyos,unknown,unreviewed,,,unassessed,尚未逐条评估证据和适用范围,unassessed,unassessed
identity.system_account,系统账号,limits_precision,android,ios,unknown,unreviewed,,,unassessed,尚未逐条评估证据和适用范围,unassessed,unassessed
identity.system_account,系统账号,limits_precision,harmonyos,ios,unknown,unreviewed,,,unassessed,尚未逐条评估证据和适用范围,unassessed,unassessed
identity.system_account,系统账号,device_forms,android,harmonyos,unknown,unreviewed,,,unassessed,尚未逐条评估证据和适用范围,unassessed,unassessed
identity.system_account,系统账号,device_forms,android,ios,unknown,unreviewed,,,unassessed,尚未逐条评估证据和适用范围,unassessed,unassessed
identity.system_account,系统账号,device_forms,harmonyos,ios,unknown,unreviewed,,,unassessed,尚未逐条评估证据和适用范围,unassessed,unassessed
identity.system_account,系统账号,api_surface,android,harmonyos,unknown,unreviewed,,,unassessed,尚未逐条评估证据和适用范围,unassessed,unassessed
identity.system_account,系统账号,api_surface,android,ios,unknown,unreviewed,,,unassessed,尚未逐条评估证据和适用范围,unassessed,unassessed
identity.system_account,系统账号,api_surface,harmonyos,ios,unknown,unreviewed,,,unassessed,尚未逐条评估证据和适用范围,unassessed,unassessed
identity.system_account.manager,账号管理,availability,android,harmonyos,unknown,unreviewed,,,unassessed,尚未逐条评估证据和适用范围,unassessed,unassessed
identity.system_account.manager,账号管理,availability,android,ios,unknown,unreviewed,,,unassessed,尚未逐条评估证据和适用范围,unassessed,unassessed
identity.system_account.manager,账号管理,availability,harmonyos,ios,unknown,unreviewed,,,unassessed,尚未逐条评估证据和适用范围,unassessed,unassessed
identity.system_account.manager,账号管理,programming_model,android,harmonyos,unknown,unreviewed,,,unassessed,尚未逐条评估证据和适用范围,unassessed,unassessed
identity.system_account.manager,账号管理,programming_model,android,ios,unknown,unreviewed,,,unassessed,尚未逐条评估证据和适用范围,unassessed,unassessed
identity.system_account.manager,账号管理,programming_model,harmonyos,ios,unknown,unreviewed,,,unassessed,尚未逐条评估证据和适用范围,unassessed,unassessed
identity.system_account.manager,账号管理,lifecycle_background,android,harmonyos,unknown,unreviewed,,,unassessed,尚未逐条评估证据和适用范围,unassessed,unassessed
identity.system_account.manager,账号管理,lifecycle_background,android,ios,unknown,unreviewed,,,unassessed,尚未逐条评估证据和适用范围,unassessed,unassessed
identity.system_account.manager,账号管理,lifecycle_background,harmonyos,ios,unknown,unreviewed,,,unassessed,尚未逐条评估证据和适用范围,unassessed,unassessed
identity.system_account.manager,账号管理,permissions_privacy,android,harmonyos,unknown,unreviewed,,,unassessed,尚未逐条评估证据和适用范围,unassessed,unassessed
identity.system_account.manager,账号管理,permissions_privacy,android,ios,unknown,unreviewed,,,unassessed,尚未逐条评估证据和适用范围,unassessed,unassessed
identity.system_account.manager,账号管理,permissions_privacy,harmonyos,ios,unknown,unreviewed,,,unassessed,尚未逐条评估证据和适用范围,unassessed,unassessed
identity.system_account.manager,账号管理,limits_precision,android,harmonyos,unknown,unreviewed,,,unassessed,尚未逐条评估证据和适用范围,unassessed,unassessed
identity.system_account.manager,账号管理,limits_precision,android,ios,unknown,unreviewed,,,unassessed,尚未逐条评估证据和适用范围,unassessed,unassessed
identity.system_account.manager,账号管理,limits_precision,harmonyos,ios,unknown,unreviewed,,,unassessed,尚未逐条评估证据和适用范围,unassessed,unassessed
identity.system_account.manager,账号管理,device_forms,android,harmonyos,unknown,unreviewed,,,unassessed,尚未逐条评估证据和适用范围,unassessed,unassessed
identity.system_account.manager,账号管理,device_forms,android,ios,unknown,unreviewed,,,unassessed,尚未逐条评估证据和适用范围,unassessed,unassessed
identity.system_account.manager,账号管理,device_forms,harmonyos,ios,unknown,unreviewed,,,unassessed,尚未逐条评估证据和适用范围,unassessed,unassessed
identity.system_account.manager,账号管理,api_surface,android,harmonyos,unknown,unreviewed,,,unassessed,尚未逐条评估证据和适用范围,unassessed,unassessed
identity.system_account.manager,账号管理,api_surface,android,ios,unknown,unreviewed,,,unassessed,尚未逐条评估证据和适用范围,unassessed,unassessed
identity.system_account.manager,账号管理,api_surface,harmonyos,ios,unknown,unreviewed,,,unassessed,尚未逐条评估证据和适用范围,unassessed,unassessed
input,输入与文本,availability,android,harmonyos,unknown,unreviewed,,,unassessed,尚未逐条评估证据和适用范围,unassessed,unassessed
input,输入与文本,availability,android,ios,unknown,unreviewed,,,unassessed,尚未逐条评估证据和适用范围,unassessed,unassessed
input,输入与文本,availability,harmonyos,ios,unknown,unreviewed,,,unassessed,尚未逐条评估证据和适用范围,unassessed,unassessed
input,输入与文本,programming_model,android,harmonyos,unknown,unreviewed,,,unassessed,尚未逐条评估证据和适用范围,unassessed,unassessed
input,输入与文本,programming_model,android,ios,unknown,unreviewed,,,unassessed,尚未逐条评估证据和适用范围,unassessed,unassessed
input,输入与文本,programming_model,harmonyos,ios,unknown,unreviewed,,,unassessed,尚未逐条评估证据和适用范围,unassessed,unassessed
input,输入与文本,lifecycle_background,android,harmonyos,unknown,unreviewed,,,unassessed,尚未逐条评估证据和适用范围,unassessed,unassessed
input,输入与文本,lifecycle_background,android,ios,unknown,unreviewed,,,unassessed,尚未逐条评估证据和适用范围,unassessed,unassessed
input,输入与文本,lifecycle_background,harmonyos,ios,unknown,unreviewed,,,unassessed,尚未逐条评估证据和适用范围,unassessed,unassessed
input,输入与文本,permissions_privacy,android,harmonyos,unknown,unreviewed,,,unassessed,尚未逐条评估证据和适用范围,unassessed,unassessed
input,输入与文本,permissions_privacy,android,ios,unknown,unreviewed,,,unassessed,尚未逐条评估证据和适用范围,unassessed,unassessed
input,输入与文本,permissions_privacy,harmonyos,ios,unknown,unreviewed,,,unassessed,尚未逐条评估证据和适用范围,unassessed,unassessed
input,输入与文本,limits_precision,android,harmonyos,unknown,unreviewed,,,unassessed,尚未逐条评估证据和适用范围,unassessed,unassessed
input,输入与文本,limits_precision,android,ios,unknown,unreviewed,,,unassessed,尚未逐条评估证据和适用范围,unassessed,unassessed
input,输入与文本,limits_precision,harmonyos,ios,unknown,unreviewed,,,unassessed,尚未逐条评估证据和适用范围,unassessed,unassessed
input,输入与文本,device_forms,android,harmonyos,unknown,unreviewed,,,unassessed,尚未逐条评估证据和适用范围,unassessed,unassessed
input,输入与文本,device_forms,android,ios,unknown,unreviewed,,,unassessed,尚未逐条评估证据和适用范围,unassessed,unassessed
input,输入与文本,device_forms,harmonyos,ios,unknown,unreviewed,,,unassessed,尚未逐条评估证据和适用范围,unassessed,unassessed
input,输入与文本,api_surface,android,harmonyos,unknown,unreviewed,,,unassessed,尚未逐条评估证据和适用范围,unassessed,unassessed
input,输入与文本,api_surface,android,ios,unknown,unreviewed,,,unassessed,尚未逐条评估证据和适用范围,unassessed,unassessed
input,输入与文本,api_surface,harmonyos,ios,unknown,unreviewed,,,unassessed,尚未逐条评估证据和适用范围,unassessed,unassessed
input.clipboard,剪贴板,availability,android,harmonyos,unknown,unreviewed,,,unassessed,尚未逐条评估证据和适用范围,unassessed,unassessed
input.clipboard,剪贴板,availability,android,ios,unknown,unreviewed,,,unassessed,尚未逐条评估证据和适用范围,unassessed,unassessed
input.clipboard,剪贴板,availability,harmonyos,ios,unknown,unreviewed,,,unassessed,尚未逐条评估证据和适用范围,unassessed,unassessed
input.clipboard,剪贴板,programming_model,android,harmonyos,unknown,unreviewed,,,unassessed,尚未逐条评估证据和适用范围,unassessed,unassessed
input.clipboard,剪贴板,programming_model,android,ios,unknown,unreviewed,,,unassessed,尚未逐条评估证据和适用范围,unassessed,unassessed
input.clipboard,剪贴板,programming_model,harmonyos,ios,unknown,unreviewed,,,unassessed,尚未逐条评估证据和适用范围,unassessed,unassessed
input.clipboard,剪贴板,lifecycle_background,android,harmonyos,unknown,unreviewed,,,unassessed,尚未逐条评估证据和适用范围,unassessed,unassessed
input.clipboard,剪贴板,lifecycle_background,android,ios,unknown,unreviewed,,,unassessed,尚未逐条评估证据和适用范围,unassessed,unassessed
input.clipboard,剪贴板,lifecycle_background,harmonyos,ios,unknown,unreviewed,,,unassessed,尚未逐条评估证据和适用范围,unassessed,unassessed
input.clipboard,剪贴板,permissions_privacy,android,harmonyos,unknown,unreviewed,,,unassessed,尚未逐条评估证据和适用范围,unassessed,unassessed
input.clipboard,剪贴板,permissions_privacy,android,ios,unknown,unreviewed,,,unassessed,尚未逐条评估证据和适用范围,unassessed,unassessed
input.clipboard,剪贴板,permissions_privacy,harmonyos,ios,unknown,unreviewed,,,unassessed,尚未逐条评估证据和适用范围,unassessed,unassessed
input.clipboard,剪贴板,limits_precision,android,harmonyos,unknown,unreviewed,,,unassessed,尚未逐条评估证据和适用范围,unassessed,unassessed
input.clipboard,剪贴板,limits_precision,android,ios,unknown,unreviewed,,,unassessed,尚未逐条评估证据和适用范围,unassessed,unassessed
input.clipboard,剪贴板,limits_precision,harmonyos,ios,unknown,unreviewed,,,unassessed,尚未逐条评估证据和适用范围,unassessed,unassessed
input.clipboard,剪贴板,device_forms,android,harmonyos,unknown,unreviewed,,,unassessed,尚未逐条评估证据和适用范围,unassessed,unassessed
input.clipboard,剪贴板,device_forms,android,ios,unknown,unreviewed,,,unassessed,尚未逐条评估证据和适用范围,unassessed,unassessed
input.clipboard,剪贴板,device_forms,harmonyos,ios,unknown,unreviewed,,,unassessed,尚未逐条评估证据和适用范围,unassessed,unassessed
input.clipboard,剪贴板,api_surface,android,harmonyos,unknown,unreviewed,,,unassessed,尚未逐条评估证据和适用范围,unassessed,unassessed
input.clipboard,剪贴板,api_surface,android,ios,unknown,unreviewed,,,unassessed,尚未逐条评估证据和适用范围,unassessed,unassessed
input.clipboard,剪贴板,api_surface,harmonyos,ios,unknown,unreviewed,,,unassessed,尚未逐条评估证据和适用范围,unassessed,unassessed
input.clipboard.read_write,剪贴板读写,availability,android,harmonyos,unknown,unreviewed,,,unassessed,尚未逐条评估证据和适用范围,unassessed,unassessed
input.clipboard.read_write,剪贴板读写,availability,android,ios,unknown,unreviewed,,,unassessed,尚未逐条评估证据和适用范围,unassessed,unassessed
input.clipboard.read_write,剪贴板读写,availability,harmonyos,ios,unknown,unreviewed,,,unassessed,尚未逐条评估证据和适用范围,unassessed,unassessed
input.clipboard.read_write,剪贴板读写,programming_model,android,harmonyos,unknown,unreviewed,,,unassessed,尚未逐条评估证据和适用范围,unassessed,unassessed
input.clipboard.read_write,剪贴板读写,programming_model,android,ios,unknown,unreviewed,,,unassessed,尚未逐条评估证据和适用范围,unassessed,unassessed
input.clipboard.read_write,剪贴板读写,programming_model,harmonyos,ios,unknown,unreviewed,,,unassessed,尚未逐条评估证据和适用范围,unassessed,unassessed
input.clipboard.read_write,剪贴板读写,lifecycle_background,android,harmonyos,unknown,unreviewed,,,unassessed,尚未逐条评估证据和适用范围,unassessed,unassessed
input.clipboard.read_write,剪贴板读写,lifecycle_background,android,ios,unknown,unreviewed,,,unassessed,尚未逐条评估证据和适用范围,unassessed,unassessed
input.clipboard.read_write,剪贴板读写,lifecycle_background,harmonyos,ios,unknown,unreviewed,,,unassessed,尚未逐条评估证据和适用范围,unassessed,unassessed
input.clipboard.read_write,剪贴板读写,permissions_privacy,android,harmonyos,unknown,unreviewed,,,unassessed,尚未逐条评估证据和适用范围,unassessed,unassessed
input.clipboard.read_write,剪贴板读写,permissions_privacy,android,ios,unknown,unreviewed,,,unassessed,尚未逐条评估证据和适用范围,unassessed,unassessed
input.clipboard.read_write,剪贴板读写,permissions_privacy,harmonyos,ios,unknown,unreviewed,,,unassessed,尚未逐条评估证据和适用范围,unassessed,unassessed
input.clipboard.read_write,剪贴板读写,limits_precision,android,harmonyos,unknown,unreviewed,,,unassessed,尚未逐条评估证据和适用范围,unassessed,unassessed
input.clipboard.read_write,剪贴板读写,limits_precision,android,ios,unknown,unreviewed,,,unassessed,尚未逐条评估证据和适用范围,unassessed,unassessed
input.clipboard.read_write,剪贴板读写,limits_precision,harmonyos,ios,unknown,unreviewed,,,unassessed,尚未逐条评估证据和适用范围,unassessed,unassessed
input.clipboard.read_write,剪贴板读写,device_forms,android,harmonyos,unknown,unreviewed,,,unassessed,尚未逐条评估证据和适用范围,unassessed,unassessed
input.clipboard.read_write,剪贴板读写,device_forms,android,ios,unknown,unreviewed,,,unassessed,尚未逐条评估证据和适用范围,unassessed,unassessed
input.clipboard.read_write,剪贴板读写,device_forms,harmonyos,ios,unknown,unreviewed,,,unassessed,尚未逐条评估证据和适用范围,unassessed,unassessed
input.clipboard.read_write,剪贴板读写,api_surface,android,harmonyos,unknown,unreviewed,,,unassessed,尚未逐条评估证据和适用范围,unassessed,unassessed
input.clipboard.read_write,剪贴板读写,api_surface,android,ios,unknown,unreviewed,,,unassessed,尚未逐条评估证据和适用范围,unassessed,unassessed
input.clipboard.read_write,剪贴板读写,api_surface,harmonyos,ios,unknown,unreviewed,,,unassessed,尚未逐条评估证据和适用范围,unassessed,unassessed
input.dragdrop,拖放,availability,android,harmonyos,unknown,unreviewed,,,unassessed,尚未逐条评估证据和适用范围,unassessed,unassessed
input.dragdrop,拖放,availability,android,ios,unknown,unreviewed,,,unassessed,尚未逐条评估证据和适用范围,unassessed,unassessed
input.dragdrop,拖放,availability,harmonyos,ios,unknown,unreviewed,,,unassessed,尚未逐条评估证据和适用范围,unassessed,unassessed
input.dragdrop,拖放,programming_model,android,harmonyos,unknown,unreviewed,,,unassessed,尚未逐条评估证据和适用范围,unassessed,unassessed
input.dragdrop,拖放,programming_model,android,ios,unknown,unreviewed,,,unassessed,尚未逐条评估证据和适用范围,unassessed,unassessed
input.dragdrop,拖放,programming_model,harmonyos,ios,unknown,unreviewed,,,unassessed,尚未逐条评估证据和适用范围,unassessed,unassessed
input.dragdrop,拖放,lifecycle_background,android,harmonyos,unknown,unreviewed,,,unassessed,尚未逐条评估证据和适用范围,unassessed,unassessed
input.dragdrop,拖放,lifecycle_background,android,ios,unknown,unreviewed,,,unassessed,尚未逐条评估证据和适用范围,unassessed,unassessed
input.dragdrop,拖放,lifecycle_background,harmonyos,ios,unknown,unreviewed,,,unassessed,尚未逐条评估证据和适用范围,unassessed,unassessed
input.dragdrop,拖放,permissions_privacy,android,harmonyos,unknown,unreviewed,,,unassessed,尚未逐条评估证据和适用范围,unassessed,unassessed
input.dragdrop,拖放,permissions_privacy,android,ios,unknown,unreviewed,,,unassessed,尚未逐条评估证据和适用范围,unassessed,unassessed
input.dragdrop,拖放,permissions_privacy,harmonyos,ios,unknown,unreviewed,,,unassessed,尚未逐条评估证据和适用范围,unassessed,unassessed
input.dragdrop,拖放,limits_precision,android,harmonyos,unknown,unreviewed,,,unassessed,尚未逐条评估证据和适用范围,unassessed,unassessed
input.dragdrop,拖放,limits_precision,android,ios,unknown,unreviewed,,,unassessed,尚未逐条评估证据和适用范围,unassessed,unassessed
input.dragdrop,拖放,limits_precision,harmonyos,ios,unknown,unreviewed,,,unassessed,尚未逐条评估证据和适用范围,unassessed,unassessed
input.dragdrop,拖放,device_forms,android,harmonyos,unknown,unreviewed,,,unassessed,尚未逐条评估证据和适用范围,unassessed,unassessed
input.dragdrop,拖放,device_forms,android,ios,unknown,unreviewed,,,unassessed,尚未逐条评估证据和适用范围,unassessed,unassessed
input.dragdrop,拖放,device_forms,harmonyos,ios,unknown,unreviewed,,,unassessed,尚未逐条评估证据和适用范围,unassessed,unassessed
input.dragdrop,拖放,api_surface,android,harmonyos,unknown,unreviewed,,,unassessed,尚未逐条评估证据和适用范围,unassessed,unassessed
input.dragdrop,拖放,api_surface,android,ios,unknown,unreviewed,,,unassessed,尚未逐条评估证据和适用范围,unassessed,unassessed
input.dragdrop,拖放,api_surface,harmonyos,ios,unknown,unreviewed,,,unassessed,尚未逐条评估证据和适用范围,unassessed,unassessed
input.dragdrop.cross_app,跨应用拖放,availability,android,harmonyos,unknown,unreviewed,,,unassessed,尚未逐条评估证据和适用范围,unassessed,unassessed
input.dragdrop.cross_app,跨应用拖放,availability,android,ios,unknown,unreviewed,,,unassessed,尚未逐条评估证据和适用范围,unassessed,unassessed
input.dragdrop.cross_app,跨应用拖放,availability,harmonyos,ios,unknown,unreviewed,,,unassessed,尚未逐条评估证据和适用范围,unassessed,unassessed
input.dragdrop.cross_app,跨应用拖放,programming_model,android,harmonyos,unknown,unreviewed,,,unassessed,尚未逐条评估证据和适用范围,unassessed,unassessed
input.dragdrop.cross_app,跨应用拖放,programming_model,android,ios,unknown,unreviewed,,,unassessed,尚未逐条评估证据和适用范围,unassessed,unassessed
input.dragdrop.cross_app,跨应用拖放,programming_model,harmonyos,ios,unknown,unreviewed,,,unassessed,尚未逐条评估证据和适用范围,unassessed,unassessed
input.dragdrop.cross_app,跨应用拖放,lifecycle_background,android,harmonyos,unknown,unreviewed,,,unassessed,尚未逐条评估证据和适用范围,unassessed,unassessed
input.dragdrop.cross_app,跨应用拖放,lifecycle_background,android,ios,unknown,unreviewed,,,unassessed,尚未逐条评估证据和适用范围,unassessed,unassessed
input.dragdrop.cross_app,跨应用拖放,lifecycle_background,harmonyos,ios,unknown,unreviewed,,,unassessed,尚未逐条评估证据和适用范围,unassessed,unassessed
input.dragdrop.cross_app,跨应用拖放,permissions_privacy,android,harmonyos,unknown,unreviewed,,,unassessed,尚未逐条评估证据和适用范围,unassessed,unassessed
input.dragdrop.cross_app,跨应用拖放,permissions_privacy,android,ios,unknown,unreviewed,,,unassessed,尚未逐条评估证据和适用范围,unassessed,unassessed
input.dragdrop.cross_app,跨应用拖放,permissions_privacy,harmonyos,ios,unknown,unreviewed,,,unassessed,尚未逐条评估证据和适用范围,unassessed,unassessed
input.dragdrop.cross_app,跨应用拖放,limits_precision,android,harmonyos,unknown,unreviewed,,,unassessed,尚未逐条评估证据和适用范围,unassessed,unassessed
input.dragdrop.cross_app,跨应用拖放,limits_precision,android,ios,unknown,unreviewed,,,unassessed,尚未逐条评估证据和适用范围,unassessed,unassessed
input.dragdrop.cross_app,跨应用拖放,limits_precision,harmonyos,ios,unknown,unreviewed,,,unassessed,尚未逐条评估证据和适用范围,unassessed,unassessed
input.dragdrop.cross_app,跨应用拖放,device_forms,android,harmonyos,unknown,unreviewed,,,unassessed,尚未逐条评估证据和适用范围,unassessed,unassessed
input.dragdrop.cross_app,跨应用拖放,device_forms,android,ios,unknown,unreviewed,,,unassessed,尚未逐条评估证据和适用范围,unassessed,unassessed
input.dragdrop.cross_app,跨应用拖放,device_forms,harmonyos,ios,unknown,unreviewed,,,unassessed,尚未逐条评估证据和适用范围,unassessed,unassessed
input.dragdrop.cross_app,跨应用拖放,api_surface,android,harmonyos,unknown,unreviewed,,,unassessed,尚未逐条评估证据和适用范围,unassessed,unassessed
input.dragdrop.cross_app,跨应用拖放,api_surface,android,ios,unknown,unreviewed,,,unassessed,尚未逐条评估证据和适用范围,unassessed,unassessed
input.dragdrop.cross_app,跨应用拖放,api_surface,harmonyos,ios,unknown,unreviewed,,,unassessed,尚未逐条评估证据和适用范围,unassessed,unassessed
input.ime,输入法,availability,android,harmonyos,unknown,unreviewed,,,unassessed,尚未逐条评估证据和适用范围,unassessed,unassessed
input.ime,输入法,availability,android,ios,unknown,unreviewed,,,unassessed,尚未逐条评估证据和适用范围,unassessed,unassessed
input.ime,输入法,availability,harmonyos,ios,unknown,unreviewed,,,unassessed,尚未逐条评估证据和适用范围,unassessed,unassessed
input.ime,输入法,programming_model,android,harmonyos,unknown,unreviewed,,,unassessed,尚未逐条评估证据和适用范围,unassessed,unassessed
input.ime,输入法,programming_model,android,ios,unknown,unreviewed,,,unassessed,尚未逐条评估证据和适用范围,unassessed,unassessed
input.ime,输入法,programming_model,harmonyos,ios,unknown,unreviewed,,,unassessed,尚未逐条评估证据和适用范围,unassessed,unassessed
input.ime,输入法,lifecycle_background,android,harmonyos,unknown,unreviewed,,,unassessed,尚未逐条评估证据和适用范围,unassessed,unassessed
input.ime,输入法,lifecycle_background,android,ios,unknown,unreviewed,,,unassessed,尚未逐条评估证据和适用范围,unassessed,unassessed
input.ime,输入法,lifecycle_background,harmonyos,ios,unknown,unreviewed,,,unassessed,尚未逐条评估证据和适用范围,unassessed,unassessed
input.ime,输入法,permissions_privacy,android,harmonyos,unknown,unreviewed,,,unassessed,尚未逐条评估证据和适用范围,unassessed,unassessed
input.ime,输入法,permissions_privacy,android,ios,unknown,unreviewed,,,unassessed,尚未逐条评估证据和适用范围,unassessed,unassessed
input.ime,输入法,permissions_privacy,harmonyos,ios,unknown,unreviewed,,,unassessed,尚未逐条评估证据和适用范围,unassessed,unassessed
input.ime,输入法,limits_precision,android,harmonyos,unknown,unreviewed,,,unassessed,尚未逐条评估证据和适用范围,unassessed,unassessed
input.ime,输入法,limits_precision,android,ios,unknown,unreviewed,,,unassessed,尚未逐条评估证据和适用范围,unassessed,unassessed
input.ime,输入法,limits_precision,harmonyos,ios,unknown,unreviewed,,,unassessed,尚未逐条评估证据和适用范围,unassessed,unassessed
input.ime,输入法,device_forms,android,harmonyos,unknown,unreviewed,,,unassessed,尚未逐条评估证据和适用范围,unassessed,unassessed
input.ime,输入法,device_forms,android,ios,unknown,unreviewed,,,unassessed,尚未逐条评估证据和适用范围,unassessed,unassessed
input.ime,输入法,device_forms,harmonyos,ios,unknown,unreviewed,,,unassessed,尚未逐条评估证据和适用范围,unassessed,unassessed
input.ime,输入法,api_surface,android,harmonyos,unknown,unreviewed,,,unassessed,尚未逐条评估证据和适用范围,unassessed,unassessed
input.ime,输入法,api_surface,android,ios,unknown,unreviewed,,,unassessed,尚未逐条评估证据和适用范围,unassessed,unassessed
input.ime,输入法,api_surface,harmonyos,ios,unknown,unreviewed,,,unassessed,尚未逐条评估证据和适用范围,unassessed,unassessed
input.ime.framework,输入法框架,availability,android,harmonyos,unknown,unreviewed,,,unassessed,尚未逐条评估证据和适用范围,unassessed,unassessed
input.ime.framework,输入法框架,availability,android,ios,unknown,unreviewed,,,unassessed,尚未逐条评估证据和适用范围,unassessed,unassessed
input.ime.framework,输入法框架,availability,harmonyos,ios,unknown,unreviewed,,,unassessed,尚未逐条评估证据和适用范围,unassessed,unassessed
input.ime.framework,输入法框架,programming_model,android,harmonyos,unknown,unreviewed,,,unassessed,尚未逐条评估证据和适用范围,unassessed,unassessed
input.ime.framework,输入法框架,programming_model,android,ios,unknown,unreviewed,,,unassessed,尚未逐条评估证据和适用范围,unassessed,unassessed
input.ime.framework,输入法框架,programming_model,harmonyos,ios,unknown,unreviewed,,,unassessed,尚未逐条评估证据和适用范围,unassessed,unassessed
input.ime.framework,输入法框架,lifecycle_background,android,harmonyos,unknown,unreviewed,,,unassessed,尚未逐条评估证据和适用范围,unassessed,unassessed
input.ime.framework,输入法框架,lifecycle_background,android,ios,unknown,unreviewed,,,unassessed,尚未逐条评估证据和适用范围,unassessed,unassessed
input.ime.framework,输入法框架,lifecycle_background,harmonyos,ios,unknown,unreviewed,,,unassessed,尚未逐条评估证据和适用范围,unassessed,unassessed
input.ime.framework,输入法框架,permissions_privacy,android,harmonyos,unknown,unreviewed,,,unassessed,尚未逐条评估证据和适用范围,unassessed,unassessed
input.ime.framework,输入法框架,permissions_privacy,android,ios,unknown,unreviewed,,,unassessed,尚未逐条评估证据和适用范围,unassessed,unassessed
input.ime.framework,输入法框架,permissions_privacy,harmonyos,ios,unknown,unreviewed,,,unassessed,尚未逐条评估证据和适用范围,unassessed,unassessed
input.ime.framework,输入法框架,limits_precision,android,harmonyos,unknown,unreviewed,,,unassessed,尚未逐条评估证据和适用范围,unassessed,unassessed
input.ime.framework,输入法框架,limits_precision,android,ios,unknown,unreviewed,,,unassessed,尚未逐条评估证据和适用范围,unassessed,unassessed
input.ime.framework,输入法框架,limits_precision,harmonyos,ios,unknown,unreviewed,,,unassessed,尚未逐条评估证据和适用范围,unassessed,unassessed
input.ime.framework,输入法框架,device_forms,android,harmonyos,unknown,unreviewed,,,unassessed,尚未逐条评估证据和适用范围,unassessed,unassessed
input.ime.framework,输入法框架,device_forms,android,ios,unknown,unreviewed,,,unassessed,尚未逐条评估证据和适用范围,unassessed,unassessed
input.ime.framework,输入法框架,device_forms,harmonyos,ios,unknown,unreviewed,,,unassessed,尚未逐条评估证据和适用范围,unassessed,unassessed
input.ime.framework,输入法框架,api_surface,android,harmonyos,unknown,unreviewed,,,unassessed,尚未逐条评估证据和适用范围,unassessed,unassessed
input.ime.framework,输入法框架,api_surface,android,ios,unknown,unreviewed,,,unassessed,尚未逐条评估证据和适用范围,unassessed,unassessed
input.ime.framework,输入法框架,api_surface,harmonyos,ios,unknown,unreviewed,,,unassessed,尚未逐条评估证据和适用范围,unassessed,unassessed
input.touch,触控与手势,availability,android,harmonyos,unknown,unreviewed,,,unassessed,尚未逐条评估证据和适用范围,unassessed,unassessed
input.touch,触控与手势,availability,android,ios,unknown,unreviewed,,,unassessed,尚未逐条评估证据和适用范围,unassessed,unassessed
input.touch,触控与手势,availability,harmonyos,ios,unknown,unreviewed,,,unassessed,尚未逐条评估证据和适用范围,unassessed,unassessed
input.touch,触控与手势,programming_model,android,harmonyos,unknown,unreviewed,,,unassessed,尚未逐条评估证据和适用范围,unassessed,unassessed
input.touch,触控与手势,programming_model,android,ios,unknown,unreviewed,,,unassessed,尚未逐条评估证据和适用范围,unassessed,unassessed
input.touch,触控与手势,programming_model,harmonyos,ios,unknown,unreviewed,,,unassessed,尚未逐条评估证据和适用范围,unassessed,unassessed
input.touch,触控与手势,lifecycle_background,android,harmonyos,unknown,unreviewed,,,unassessed,尚未逐条评估证据和适用范围,unassessed,unassessed
input.touch,触控与手势,lifecycle_background,android,ios,unknown,unreviewed,,,unassessed,尚未逐条评估证据和适用范围,unassessed,unassessed
input.touch,触控与手势,lifecycle_background,harmonyos,ios,unknown,unreviewed,,,unassessed,尚未逐条评估证据和适用范围,unassessed,unassessed
input.touch,触控与手势,permissions_privacy,android,harmonyos,unknown,unreviewed,,,unassessed,尚未逐条评估证据和适用范围,unassessed,unassessed
input.touch,触控与手势,permissions_privacy,android,ios,unknown,unreviewed,,,unassessed,尚未逐条评估证据和适用范围,unassessed,unassessed
input.touch,触控与手势,permissions_privacy,harmonyos,ios,unknown,unreviewed,,,unassessed,尚未逐条评估证据和适用范围,unassessed,unassessed
input.touch,触控与手势,limits_precision,android,harmonyos,unknown,unreviewed,,,unassessed,尚未逐条评估证据和适用范围,unassessed,unassessed
input.touch,触控与手势,limits_precision,android,ios,unknown,unreviewed,,,unassessed,尚未逐条评估证据和适用范围,unassessed,unassessed
input.touch,触控与手势,limits_precision,harmonyos,ios,unknown,unreviewed,,,unassessed,尚未逐条评估证据和适用范围,unassessed,unassessed
input.touch,触控与手势,device_forms,android,harmonyos,unknown,unreviewed,,,unassessed,尚未逐条评估证据和适用范围,unassessed,unassessed
input.touch,触控与手势,device_forms,android,ios,unknown,unreviewed,,,unassessed,尚未逐条评估证据和适用范围,unassessed,unassessed
input.touch,触控与手势,device_forms,harmonyos,ios,unknown,unreviewed,,,unassessed,尚未逐条评估证据和适用范围,unassessed,unassessed
input.touch,触控与手势,api_surface,android,harmonyos,unknown,unreviewed,,,unassessed,尚未逐条评估证据和适用范围,unassessed,unassessed
input.touch,触控与手势,api_surface,android,ios,unknown,unreviewed,,,unassessed,尚未逐条评估证据和适用范围,unassessed,unassessed
input.touch,触控与手势,api_surface,harmonyos,ios,unknown,unreviewed,,,unassessed,尚未逐条评估证据和适用范围,unassessed,unassessed
input.touch.gestures,手势识别,availability,android,harmonyos,unknown,unreviewed,,,unassessed,尚未逐条评估证据和适用范围,unassessed,unassessed
input.touch.gestures,手势识别,availability,android,ios,unknown,unreviewed,,,unassessed,尚未逐条评估证据和适用范围,unassessed,unassessed
input.touch.gestures,手势识别,availability,harmonyos,ios,unknown,unreviewed,,,unassessed,尚未逐条评估证据和适用范围,unassessed,unassessed
input.touch.gestures,手势识别,programming_model,android,harmonyos,unknown,unreviewed,,,unassessed,尚未逐条评估证据和适用范围,unassessed,unassessed
input.touch.gestures,手势识别,programming_model,android,ios,unknown,unreviewed,,,unassessed,尚未逐条评估证据和适用范围,unassessed,unassessed
input.touch.gestures,手势识别,programming_model,harmonyos,ios,unknown,unreviewed,,,unassessed,尚未逐条评估证据和适用范围,unassessed,unassessed
input.touch.gestures,手势识别,lifecycle_background,android,harmonyos,unknown,unreviewed,,,unassessed,尚未逐条评估证据和适用范围,unassessed,unassessed
input.touch.gestures,手势识别,lifecycle_background,android,ios,unknown,unreviewed,,,unassessed,尚未逐条评估证据和适用范围,unassessed,unassessed
input.touch.gestures,手势识别,lifecycle_background,harmonyos,ios,unknown,unreviewed,,,unassessed,尚未逐条评估证据和适用范围,unassessed,unassessed
input.touch.gestures,手势识别,permissions_privacy,android,harmonyos,unknown,unreviewed,,,unassessed,尚未逐条评估证据和适用范围,unassessed,unassessed
input.touch.gestures,手势识别,permissions_privacy,android,ios,unknown,unreviewed,,,unassessed,尚未逐条评估证据和适用范围,unassessed,unassessed
input.touch.gestures,手势识别,permissions_privacy,harmonyos,ios,unknown,unreviewed,,,unassessed,尚未逐条评估证据和适用范围,unassessed,unassessed
input.touch.gestures,手势识别,limits_precision,android,harmonyos,unknown,unreviewed,,,unassessed,尚未逐条评估证据和适用范围,unassessed,unassessed
input.touch.gestures,手势识别,limits_precision,android,ios,unknown,unreviewed,,,unassessed,尚未逐条评估证据和适用范围,unassessed,unassessed
input.touch.gestures,手势识别,limits_precision,harmonyos,ios,unknown,unreviewed,,,unassessed,尚未逐条评估证据和适用范围,unassessed,unassessed
input.touch.gestures,手势识别,device_forms,android,harmonyos,unknown,unreviewed,,,unassessed,尚未逐条评估证据和适用范围,unassessed,unassessed
input.touch.gestures,手势识别,device_forms,android,ios,unknown,unreviewed,,,unassessed,尚未逐条评估证据和适用范围,unassessed,unassessed
input.touch.gestures,手势识别,device_forms,harmonyos,ios,unknown,unreviewed,,,unassessed,尚未逐条评估证据和适用范围,unassessed,unassessed
input.touch.gestures,手势识别,api_surface,android,harmonyos,unknown,unreviewed,,,unassessed,尚未逐条评估证据和适用范围,unassessed,unassessed
input.touch.gestures,手势识别,api_surface,android,ios,unknown,unreviewed,,,unassessed,尚未逐条评估证据和适用范围,unassessed,unassessed
input.touch.gestures,手势识别,api_surface,harmonyos,ios,unknown,unreviewed,,,unassessed,尚未逐条评估证据和适用范围,unassessed,unassessed
interop,跨应用协作,availability,android,harmonyos,unknown,unreviewed,,,unassessed,尚未逐条评估证据和适用范围,unassessed,unassessed
interop,跨应用协作,availability,android,ios,unknown,unreviewed,,,unassessed,尚未逐条评估证据和适用范围,unassessed,unassessed
interop,跨应用协作,availability,harmonyos,ios,unknown,unreviewed,,,unassessed,尚未逐条评估证据和适用范围,unassessed,unassessed
interop,跨应用协作,programming_model,android,harmonyos,unknown,unreviewed,,,unassessed,尚未逐条评估证据和适用范围,unassessed,unassessed
interop,跨应用协作,programming_model,android,ios,unknown,unreviewed,,,unassessed,尚未逐条评估证据和适用范围,unassessed,unassessed
interop,跨应用协作,programming_model,harmonyos,ios,unknown,unreviewed,,,unassessed,尚未逐条评估证据和适用范围,unassessed,unassessed
interop,跨应用协作,lifecycle_background,android,harmonyos,unknown,unreviewed,,,unassessed,尚未逐条评估证据和适用范围,unassessed,unassessed
interop,跨应用协作,lifecycle_background,android,ios,unknown,unreviewed,,,unassessed,尚未逐条评估证据和适用范围,unassessed,unassessed
interop,跨应用协作,lifecycle_background,harmonyos,ios,unknown,unreviewed,,,unassessed,尚未逐条评估证据和适用范围,unassessed,unassessed
interop,跨应用协作,permissions_privacy,android,harmonyos,unknown,unreviewed,,,unassessed,尚未逐条评估证据和适用范围,unassessed,unassessed
interop,跨应用协作,permissions_privacy,android,ios,unknown,unreviewed,,,unassessed,尚未逐条评估证据和适用范围,unassessed,unassessed
interop,跨应用协作,permissions_privacy,harmonyos,ios,unknown,unreviewed,,,unassessed,尚未逐条评估证据和适用范围,unassessed,unassessed
interop,跨应用协作,limits_precision,android,harmonyos,unknown,unreviewed,,,unassessed,尚未逐条评估证据和适用范围,unassessed,unassessed
interop,跨应用协作,limits_precision,android,ios,unknown,unreviewed,,,unassessed,尚未逐条评估证据和适用范围,unassessed,unassessed
interop,跨应用协作,limits_precision,harmonyos,ios,unknown,unreviewed,,,unassessed,尚未逐条评估证据和适用范围,unassessed,unassessed
interop,跨应用协作,device_forms,android,harmonyos,unknown,unreviewed,,,unassessed,尚未逐条评估证据和适用范围,unassessed,unassessed
interop,跨应用协作,device_forms,android,ios,unknown,unreviewed,,,unassessed,尚未逐条评估证据和适用范围,unassessed,unassessed
interop,跨应用协作,device_forms,harmonyos,ios,unknown,unreviewed,,,unassessed,尚未逐条评估证据和适用范围,unassessed,unassessed
interop,跨应用协作,api_surface,android,harmonyos,unknown,unreviewed,,,unassessed,尚未逐条评估证据和适用范围,unassessed,unassessed
interop,跨应用协作,api_surface,android,ios,unknown,unreviewed,,,unassessed,尚未逐条评估证据和适用范围,unassessed,unassessed
interop,跨应用协作,api_surface,harmonyos,ios,unknown,unreviewed,,,unassessed,尚未逐条评估证据和适用范围,unassessed,unassessed
interop.action_dispatch,跨应用动作分发,availability,android,harmonyos,unknown,unreviewed,,,unassessed,尚未逐条评估证据和适用范围,unassessed,unassessed
interop.action_dispatch,跨应用动作分发,availability,android,ios,unknown,unreviewed,,,unassessed,尚未逐条评估证据和适用范围,unassessed,unassessed
interop.action_dispatch,跨应用动作分发,availability,harmonyos,ios,unknown,unreviewed,,,unassessed,尚未逐条评估证据和适用范围,unassessed,unassessed
interop.action_dispatch,跨应用动作分发,programming_model,android,harmonyos,unknown,unreviewed,,,unassessed,尚未逐条评估证据和适用范围,unassessed,unassessed
interop.action_dispatch,跨应用动作分发,programming_model,android,ios,unknown,unreviewed,,,unassessed,尚未逐条评估证据和适用范围,unassessed,unassessed
interop.action_dispatch,跨应用动作分发,programming_model,harmonyos,ios,unknown,unreviewed,,,unassessed,尚未逐条评估证据和适用范围,unassessed,unassessed
interop.action_dispatch,跨应用动作分发,lifecycle_background,android,harmonyos,unknown,unreviewed,,,unassessed,尚未逐条评估证据和适用范围,unassessed,unassessed
interop.action_dispatch,跨应用动作分发,lifecycle_background,android,ios,unknown,unreviewed,,,unassessed,尚未逐条评估证据和适用范围,unassessed,unassessed
interop.action_dispatch,跨应用动作分发,lifecycle_background,harmonyos,ios,unknown,unreviewed,,,unassessed,尚未逐条评估证据和适用范围,unassessed,unassessed
interop.action_dispatch,跨应用动作分发,permissions_privacy,android,harmonyos,unknown,unreviewed,,,unassessed,尚未逐条评估证据和适用范围,unassessed,unassessed
interop.action_dispatch,跨应用动作分发,permissions_privacy,android,ios,unknown,unreviewed,,,unassessed,尚未逐条评估证据和适用范围,unassessed,unassessed
interop.action_dispatch,跨应用动作分发,permissions_privacy,harmonyos,ios,unknown,unreviewed,,,unassessed,尚未逐条评估证据和适用范围,unassessed,unassessed
interop.action_dispatch,跨应用动作分发,limits_precision,android,harmonyos,unknown,unreviewed,,,unassessed,尚未逐条评估证据和适用范围,unassessed,unassessed
interop.action_dispatch,跨应用动作分发,limits_precision,android,ios,unknown,unreviewed,,,unassessed,尚未逐条评估证据和适用范围,unassessed,unassessed
interop.action_dispatch,跨应用动作分发,limits_precision,harmonyos,ios,unknown,unreviewed,,,unassessed,尚未逐条评估证据和适用范围,unassessed,unassessed
interop.action_dispatch,跨应用动作分发,device_forms,android,harmonyos,unknown,unreviewed,,,unassessed,尚未逐条评估证据和适用范围,unassessed,unassessed
interop.action_dispatch,跨应用动作分发,device_forms,android,ios,unknown,unreviewed,,,unassessed,尚未逐条评估证据和适用范围,unassessed,unassessed
interop.action_dispatch,跨应用动作分发,device_forms,harmonyos,ios,unknown,unreviewed,,,unassessed,尚未逐条评估证据和适用范围,unassessed,unassessed
interop.action_dispatch,跨应用动作分发,api_surface,android,harmonyos,unknown,unreviewed,,,unassessed,尚未逐条评估证据和适用范围,unassessed,unassessed
interop.action_dispatch,跨应用动作分发,api_surface,android,ios,unknown,unreviewed,,,unassessed,尚未逐条评估证据和适用范围,unassessed,unassessed
interop.action_dispatch,跨应用动作分发,api_surface,harmonyos,ios,unknown,unreviewed,,,unassessed,尚未逐条评估证据和适用范围,unassessed,unassessed
interop.action_dispatch.component_intent,目标组件调用,availability,android,harmonyos,unknown,unreviewed,,,unassessed,尚未逐条评估证据和适用范围,unassessed,unassessed
interop.action_dispatch.component_intent,目标组件调用,availability,android,ios,unknown,unreviewed,,,unassessed,尚未逐条评估证据和适用范围,unassessed,unassessed
interop.action_dispatch.component_intent,目标组件调用,availability,harmonyos,ios,unknown,unreviewed,,,unassessed,尚未逐条评估证据和适用范围,unassessed,unassessed
interop.action_dispatch.component_intent,目标组件调用,programming_model,android,harmonyos,different,in_review,目标定位、调用参数与调用结果,现有正文提示目标解析和参数载体模型不同，需按中立任务定义复核，不能只比较 Intent 与 Want 的名称。,unassessed,尚未逐条评估证据和适用范围,unassessed,unassessed
interop.action_dispatch.component_intent,目标组件调用,programming_model,android,ios,unknown,unreviewed,,,unassessed,尚未逐条评估证据和适用范围,unassessed,unassessed
interop.action_dispatch.component_intent,目标组件调用,programming_model,harmonyos,ios,unknown,unreviewed,,,unassessed,尚未逐条评估证据和适用范围,unassessed,unassessed
interop.action_dispatch.component_intent,目标组件调用,lifecycle_background,android,harmonyos,unknown,unreviewed,,,unassessed,尚未逐条评估证据和适用范围,unassessed,unassessed
interop.action_dispatch.component_intent,目标组件调用,lifecycle_background,android,ios,unknown,unreviewed,,,unassessed,尚未逐条评估证据和适用范围,unassessed,unassessed
interop.action_dispatch.component_intent,目标组件调用,lifecycle_background,harmonyos,ios,unknown,unreviewed,,,unassessed,尚未逐条评估证据和适用范围,unassessed,unassessed
interop.action_dispatch.component_intent,目标组件调用,permissions_privacy,android,harmonyos,unknown,unreviewed,,,unassessed,尚未逐条评估证据和适用范围,unassessed,unassessed
interop.action_dispatch.component_intent,目标组件调用,permissions_privacy,android,ios,unknown,unreviewed,,,unassessed,尚未逐条评估证据和适用范围,unassessed,unassessed
interop.action_dispatch.component_intent,目标组件调用,permissions_privacy,harmonyos,ios,unknown,unreviewed,,,unassessed,尚未逐条评估证据和适用范围,unassessed,unassessed
interop.action_dispatch.component_intent,目标组件调用,limits_precision,android,harmonyos,unknown,unreviewed,,,unassessed,尚未逐条评估证据和适用范围,unassessed,unassessed
interop.action_dispatch.component_intent,目标组件调用,limits_precision,android,ios,unknown,unreviewed,,,unassessed,尚未逐条评估证据和适用范围,unassessed,unassessed
interop.action_dispatch.component_intent,目标组件调用,limits_precision,harmonyos,ios,unknown,unreviewed,,,unassessed,尚未逐条评估证据和适用范围,unassessed,unassessed
interop.action_dispatch.component_intent,目标组件调用,device_forms,android,harmonyos,unknown,unreviewed,,,unassessed,尚未逐条评估证据和适用范围,unassessed,unassessed
interop.action_dispatch.component_intent,目标组件调用,device_forms,android,ios,unknown,unreviewed,,,unassessed,尚未逐条评估证据和适用范围,unassessed,unassessed
interop.action_dispatch.component_intent,目标组件调用,device_forms,harmonyos,ios,unknown,unreviewed,,,unassessed,尚未逐条评估证据和适用范围,unassessed,unassessed
interop.action_dispatch.component_intent,目标组件调用,api_surface,android,harmonyos,unknown,unreviewed,,,unassessed,尚未逐条评估证据和适用范围,unassessed,unassessed
interop.action_dispatch.component_intent,目标组件调用,api_surface,android,ios,unknown,unreviewed,,,unassessed,尚未逐条评估证据和适用范围,unassessed,unassessed
interop.action_dispatch.component_intent,目标组件调用,api_surface,harmonyos,ios,unknown,unreviewed,,,unassessed,尚未逐条评估证据和适用范围,unassessed,unassessed
interop.action_dispatch.system_intents,系统意图注册,availability,android,harmonyos,unknown,unreviewed,,,unassessed,尚未逐条评估证据和适用范围,unassessed,unassessed
interop.action_dispatch.system_intents,系统意图注册,availability,android,ios,unknown,unreviewed,,,unassessed,尚未逐条评估证据和适用范围,unassessed,unassessed
interop.action_dispatch.system_intents,系统意图注册,availability,harmonyos,ios,unknown,unreviewed,,,unassessed,尚未逐条评估证据和适用范围,unassessed,unassessed
interop.action_dispatch.system_intents,系统意图注册,programming_model,android,harmonyos,unknown,unreviewed,,,unassessed,尚未逐条评估证据和适用范围,unassessed,unassessed
interop.action_dispatch.system_intents,系统意图注册,programming_model,android,ios,unknown,unreviewed,,,unassessed,尚未逐条评估证据和适用范围,unassessed,unassessed
interop.action_dispatch.system_intents,系统意图注册,programming_model,harmonyos,ios,unknown,unreviewed,,,unassessed,尚未逐条评估证据和适用范围,unassessed,unassessed
interop.action_dispatch.system_intents,系统意图注册,lifecycle_background,android,harmonyos,unknown,unreviewed,,,unassessed,尚未逐条评估证据和适用范围,unassessed,unassessed
interop.action_dispatch.system_intents,系统意图注册,lifecycle_background,android,ios,unknown,unreviewed,,,unassessed,尚未逐条评估证据和适用范围,unassessed,unassessed
interop.action_dispatch.system_intents,系统意图注册,lifecycle_background,harmonyos,ios,unknown,unreviewed,,,unassessed,尚未逐条评估证据和适用范围,unassessed,unassessed
interop.action_dispatch.system_intents,系统意图注册,permissions_privacy,android,harmonyos,unknown,unreviewed,,,unassessed,尚未逐条评估证据和适用范围,unassessed,unassessed
interop.action_dispatch.system_intents,系统意图注册,permissions_privacy,android,ios,unknown,unreviewed,,,unassessed,尚未逐条评估证据和适用范围,unassessed,unassessed
interop.action_dispatch.system_intents,系统意图注册,permissions_privacy,harmonyos,ios,unknown,unreviewed,,,unassessed,尚未逐条评估证据和适用范围,unassessed,unassessed
interop.action_dispatch.system_intents,系统意图注册,limits_precision,android,harmonyos,unknown,unreviewed,,,unassessed,尚未逐条评估证据和适用范围,unassessed,unassessed
interop.action_dispatch.system_intents,系统意图注册,limits_precision,android,ios,unknown,unreviewed,,,unassessed,尚未逐条评估证据和适用范围,unassessed,unassessed
interop.action_dispatch.system_intents,系统意图注册,limits_precision,harmonyos,ios,unknown,unreviewed,,,unassessed,尚未逐条评估证据和适用范围,unassessed,unassessed
interop.action_dispatch.system_intents,系统意图注册,device_forms,android,harmonyos,unknown,unreviewed,,,unassessed,尚未逐条评估证据和适用范围,unassessed,unassessed
interop.action_dispatch.system_intents,系统意图注册,device_forms,android,ios,unknown,unreviewed,,,unassessed,尚未逐条评估证据和适用范围,unassessed,unassessed
interop.action_dispatch.system_intents,系统意图注册,device_forms,harmonyos,ios,unknown,unreviewed,,,unassessed,尚未逐条评估证据和适用范围,unassessed,unassessed
interop.action_dispatch.system_intents,系统意图注册,api_surface,android,harmonyos,unknown,unreviewed,,,unassessed,尚未逐条评估证据和适用范围,unassessed,unassessed
interop.action_dispatch.system_intents,系统意图注册,api_surface,android,ios,unknown,unreviewed,,,unassessed,尚未逐条评估证据和适用范围,unassessed,unassessed
interop.action_dispatch.system_intents,系统意图注册,api_surface,harmonyos,ios,unknown,unreviewed,,,unassessed,尚未逐条评估证据和适用范围,unassessed,unassessed
interop.action_dispatch.url_launch,URL拉起应用,availability,android,harmonyos,unknown,unreviewed,,,unassessed,尚未逐条评估证据和适用范围,unassessed,unassessed
interop.action_dispatch.url_launch,URL拉起应用,availability,android,ios,unknown,unreviewed,,,unassessed,尚未逐条评估证据和适用范围,unassessed,unassessed
interop.action_dispatch.url_launch,URL拉起应用,availability,harmonyos,ios,unknown,unreviewed,,,unassessed,尚未逐条评估证据和适用范围,unassessed,unassessed
interop.action_dispatch.url_launch,URL拉起应用,programming_model,android,harmonyos,unknown,unreviewed,,,unassessed,尚未逐条评估证据和适用范围,unassessed,unassessed
interop.action_dispatch.url_launch,URL拉起应用,programming_model,android,ios,unknown,unreviewed,,,unassessed,尚未逐条评估证据和适用范围,unassessed,unassessed
interop.action_dispatch.url_launch,URL拉起应用,programming_model,harmonyos,ios,unknown,unreviewed,,,unassessed,尚未逐条评估证据和适用范围,unassessed,unassessed
interop.action_dispatch.url_launch,URL拉起应用,lifecycle_background,android,harmonyos,unknown,unreviewed,,,unassessed,尚未逐条评估证据和适用范围,unassessed,unassessed
interop.action_dispatch.url_launch,URL拉起应用,lifecycle_background,android,ios,unknown,unreviewed,,,unassessed,尚未逐条评估证据和适用范围,unassessed,unassessed
interop.action_dispatch.url_launch,URL拉起应用,lifecycle_background,harmonyos,ios,unknown,unreviewed,,,unassessed,尚未逐条评估证据和适用范围,unassessed,unassessed
interop.action_dispatch.url_launch,URL拉起应用,permissions_privacy,android,harmonyos,unknown,unreviewed,,,unassessed,尚未逐条评估证据和适用范围,unassessed,unassessed
interop.action_dispatch.url_launch,URL拉起应用,permissions_privacy,android,ios,unknown,unreviewed,,,unassessed,尚未逐条评估证据和适用范围,unassessed,unassessed
interop.action_dispatch.url_launch,URL拉起应用,permissions_privacy,harmonyos,ios,unknown,unreviewed,,,unassessed,尚未逐条评估证据和适用范围,unassessed,unassessed
interop.action_dispatch.url_launch,URL拉起应用,limits_precision,android,harmonyos,unknown,unreviewed,,,unassessed,尚未逐条评估证据和适用范围,unassessed,unassessed
interop.action_dispatch.url_launch,URL拉起应用,limits_precision,android,ios,unknown,unreviewed,,,unassessed,尚未逐条评估证据和适用范围,unassessed,unassessed
interop.action_dispatch.url_launch,URL拉起应用,limits_precision,harmonyos,ios,unknown,unreviewed,,,unassessed,尚未逐条评估证据和适用范围,unassessed,unassessed
interop.action_dispatch.url_launch,URL拉起应用,device_forms,android,harmonyos,unknown,unreviewed,,,unassessed,尚未逐条评估证据和适用范围,unassessed,unassessed
interop.action_dispatch.url_launch,URL拉起应用,device_forms,android,ios,unknown,unreviewed,,,unassessed,尚未逐条评估证据和适用范围,unassessed,unassessed
interop.action_dispatch.url_launch,URL拉起应用,device_forms,harmonyos,ios,unknown,unreviewed,,,unassessed,尚未逐条评估证据和适用范围,unassessed,unassessed
interop.action_dispatch.url_launch,URL拉起应用,api_surface,android,harmonyos,unknown,unreviewed,,,unassessed,尚未逐条评估证据和适用范围,unassessed,unassessed
interop.action_dispatch.url_launch,URL拉起应用,api_surface,android,ios,unknown,unreviewed,,,unassessed,尚未逐条评估证据和适用范围,unassessed,unassessed
interop.action_dispatch.url_launch,URL拉起应用,api_surface,harmonyos,ios,unknown,unreviewed,,,unassessed,尚未逐条评估证据和适用范围,unassessed,unassessed
interop.deeplink,深度链接,availability,android,harmonyos,unknown,unreviewed,,,unassessed,尚未逐条评估证据和适用范围,unassessed,unassessed
interop.deeplink,深度链接,availability,android,ios,unknown,unreviewed,,,unassessed,尚未逐条评估证据和适用范围,unassessed,unassessed
interop.deeplink,深度链接,availability,harmonyos,ios,unknown,unreviewed,,,unassessed,尚未逐条评估证据和适用范围,unassessed,unassessed
interop.deeplink,深度链接,programming_model,android,harmonyos,unknown,unreviewed,,,unassessed,尚未逐条评估证据和适用范围,unassessed,unassessed
interop.deeplink,深度链接,programming_model,android,ios,unknown,unreviewed,,,unassessed,尚未逐条评估证据和适用范围,unassessed,unassessed
interop.deeplink,深度链接,programming_model,harmonyos,ios,unknown,unreviewed,,,unassessed,尚未逐条评估证据和适用范围,unassessed,unassessed
interop.deeplink,深度链接,lifecycle_background,android,harmonyos,unknown,unreviewed,,,unassessed,尚未逐条评估证据和适用范围,unassessed,unassessed
interop.deeplink,深度链接,lifecycle_background,android,ios,unknown,unreviewed,,,unassessed,尚未逐条评估证据和适用范围,unassessed,unassessed
interop.deeplink,深度链接,lifecycle_background,harmonyos,ios,unknown,unreviewed,,,unassessed,尚未逐条评估证据和适用范围,unassessed,unassessed
interop.deeplink,深度链接,permissions_privacy,android,harmonyos,unknown,unreviewed,,,unassessed,尚未逐条评估证据和适用范围,unassessed,unassessed
interop.deeplink,深度链接,permissions_privacy,android,ios,unknown,unreviewed,,,unassessed,尚未逐条评估证据和适用范围,unassessed,unassessed
interop.deeplink,深度链接,permissions_privacy,harmonyos,ios,unknown,unreviewed,,,unassessed,尚未逐条评估证据和适用范围,unassessed,unassessed
interop.deeplink,深度链接,limits_precision,android,harmonyos,unknown,unreviewed,,,unassessed,尚未逐条评估证据和适用范围,unassessed,unassessed
interop.deeplink,深度链接,limits_precision,android,ios,unknown,unreviewed,,,unassessed,尚未逐条评估证据和适用范围,unassessed,unassessed
interop.deeplink,深度链接,limits_precision,harmonyos,ios,unknown,unreviewed,,,unassessed,尚未逐条评估证据和适用范围,unassessed,unassessed
interop.deeplink,深度链接,device_forms,android,harmonyos,unknown,unreviewed,,,unassessed,尚未逐条评估证据和适用范围,unassessed,unassessed
interop.deeplink,深度链接,device_forms,android,ios,unknown,unreviewed,,,unassessed,尚未逐条评估证据和适用范围,unassessed,unassessed
interop.deeplink,深度链接,device_forms,harmonyos,ios,unknown,unreviewed,,,unassessed,尚未逐条评估证据和适用范围,unassessed,unassessed
interop.deeplink,深度链接,api_surface,android,harmonyos,unknown,unreviewed,,,unassessed,尚未逐条评估证据和适用范围,unassessed,unassessed
interop.deeplink,深度链接,api_surface,android,ios,unknown,unreviewed,,,unassessed,尚未逐条评估证据和适用范围,unassessed,unassessed
interop.deeplink,深度链接,api_surface,harmonyos,ios,unknown,unreviewed,,,unassessed,尚未逐条评估证据和适用范围,unassessed,unassessed
interop.deeplink.url,URL深度链接,availability,android,harmonyos,unknown,unreviewed,,,unassessed,尚未逐条评估证据和适用范围,unassessed,unassessed
interop.deeplink.url,URL深度链接,availability,android,ios,unknown,unreviewed,,,unassessed,尚未逐条评估证据和适用范围,unassessed,unassessed
interop.deeplink.url,URL深度链接,availability,harmonyos,ios,unknown,unreviewed,,,unassessed,尚未逐条评估证据和适用范围,unassessed,unassessed
interop.deeplink.url,URL深度链接,programming_model,android,harmonyos,unknown,unreviewed,,,unassessed,尚未逐条评估证据和适用范围,unassessed,unassessed
interop.deeplink.url,URL深度链接,programming_model,android,ios,unknown,unreviewed,,,unassessed,尚未逐条评估证据和适用范围,unassessed,unassessed
interop.deeplink.url,URL深度链接,programming_model,harmonyos,ios,unknown,unreviewed,,,unassessed,尚未逐条评估证据和适用范围,unassessed,unassessed
interop.deeplink.url,URL深度链接,lifecycle_background,android,harmonyos,unknown,unreviewed,,,unassessed,尚未逐条评估证据和适用范围,unassessed,unassessed
interop.deeplink.url,URL深度链接,lifecycle_background,android,ios,unknown,unreviewed,,,unassessed,尚未逐条评估证据和适用范围,unassessed,unassessed
interop.deeplink.url,URL深度链接,lifecycle_background,harmonyos,ios,unknown,unreviewed,,,unassessed,尚未逐条评估证据和适用范围,unassessed,unassessed
interop.deeplink.url,URL深度链接,permissions_privacy,android,harmonyos,unknown,unreviewed,,,unassessed,尚未逐条评估证据和适用范围,unassessed,unassessed
interop.deeplink.url,URL深度链接,permissions_privacy,android,ios,unknown,unreviewed,,,unassessed,尚未逐条评估证据和适用范围,unassessed,unassessed
interop.deeplink.url,URL深度链接,permissions_privacy,harmonyos,ios,unknown,unreviewed,,,unassessed,尚未逐条评估证据和适用范围,unassessed,unassessed
interop.deeplink.url,URL深度链接,limits_precision,android,harmonyos,unknown,unreviewed,,,unassessed,尚未逐条评估证据和适用范围,unassessed,unassessed
interop.deeplink.url,URL深度链接,limits_precision,android,ios,unknown,unreviewed,,,unassessed,尚未逐条评估证据和适用范围,unassessed,unassessed
interop.deeplink.url,URL深度链接,limits_precision,harmonyos,ios,unknown,unreviewed,,,unassessed,尚未逐条评估证据和适用范围,unassessed,unassessed
interop.deeplink.url,URL深度链接,device_forms,android,harmonyos,unknown,unreviewed,,,unassessed,尚未逐条评估证据和适用范围,unassessed,unassessed
interop.deeplink.url,URL深度链接,device_forms,android,ios,unknown,unreviewed,,,unassessed,尚未逐条评估证据和适用范围,unassessed,unassessed
interop.deeplink.url,URL深度链接,device_forms,harmonyos,ios,unknown,unreviewed,,,unassessed,尚未逐条评估证据和适用范围,unassessed,unassessed
interop.deeplink.url,URL深度链接,api_surface,android,harmonyos,unknown,unreviewed,,,unassessed,尚未逐条评估证据和适用范围,unassessed,unassessed
interop.deeplink.url,URL深度链接,api_surface,android,ios,unknown,unreviewed,,,unassessed,尚未逐条评估证据和适用范围,unassessed,unassessed
interop.deeplink.url,URL深度链接,api_surface,harmonyos,ios,unknown,unreviewed,,,unassessed,尚未逐条评估证据和适用范围,unassessed,unassessed
interop.share,系统分享,availability,android,harmonyos,unknown,unreviewed,,,unassessed,尚未逐条评估证据和适用范围,unassessed,unassessed
interop.share,系统分享,availability,android,ios,unknown,unreviewed,,,unassessed,尚未逐条评估证据和适用范围,unassessed,unassessed
interop.share,系统分享,availability,harmonyos,ios,unknown,unreviewed,,,unassessed,尚未逐条评估证据和适用范围,unassessed,unassessed
interop.share,系统分享,programming_model,android,harmonyos,unknown,unreviewed,,,unassessed,尚未逐条评估证据和适用范围,unassessed,unassessed
interop.share,系统分享,programming_model,android,ios,unknown,unreviewed,,,unassessed,尚未逐条评估证据和适用范围,unassessed,unassessed
interop.share,系统分享,programming_model,harmonyos,ios,unknown,unreviewed,,,unassessed,尚未逐条评估证据和适用范围,unassessed,unassessed
interop.share,系统分享,lifecycle_background,android,harmonyos,unknown,unreviewed,,,unassessed,尚未逐条评估证据和适用范围,unassessed,unassessed
interop.share,系统分享,lifecycle_background,android,ios,unknown,unreviewed,,,unassessed,尚未逐条评估证据和适用范围,unassessed,unassessed
interop.share,系统分享,lifecycle_background,harmonyos,ios,unknown,unreviewed,,,unassessed,尚未逐条评估证据和适用范围,unassessed,unassessed
interop.share,系统分享,permissions_privacy,android,harmonyos,unknown,unreviewed,,,unassessed,尚未逐条评估证据和适用范围,unassessed,unassessed
interop.share,系统分享,permissions_privacy,android,ios,unknown,unreviewed,,,unassessed,尚未逐条评估证据和适用范围,unassessed,unassessed
interop.share,系统分享,permissions_privacy,harmonyos,ios,unknown,unreviewed,,,unassessed,尚未逐条评估证据和适用范围,unassessed,unassessed
interop.share,系统分享,limits_precision,android,harmonyos,unknown,unreviewed,,,unassessed,尚未逐条评估证据和适用范围,unassessed,unassessed
interop.share,系统分享,limits_precision,android,ios,unknown,unreviewed,,,unassessed,尚未逐条评估证据和适用范围,unassessed,unassessed
interop.share,系统分享,limits_precision,harmonyos,ios,unknown,unreviewed,,,unassessed,尚未逐条评估证据和适用范围,unassessed,unassessed
interop.share,系统分享,device_forms,android,harmonyos,unknown,unreviewed,,,unassessed,尚未逐条评估证据和适用范围,unassessed,unassessed
interop.share,系统分享,device_forms,android,ios,unknown,unreviewed,,,unassessed,尚未逐条评估证据和适用范围,unassessed,unassessed
interop.share,系统分享,device_forms,harmonyos,ios,unknown,unreviewed,,,unassessed,尚未逐条评估证据和适用范围,unassessed,unassessed
interop.share,系统分享,api_surface,android,harmonyos,unknown,unreviewed,,,unassessed,尚未逐条评估证据和适用范围,unassessed,unassessed
interop.share,系统分享,api_surface,android,ios,unknown,unreviewed,,,unassessed,尚未逐条评估证据和适用范围,unassessed,unassessed
interop.share,系统分享,api_surface,harmonyos,ios,unknown,unreviewed,,,unassessed,尚未逐条评估证据和适用范围,unassessed,unassessed
interop.share.sheet,分享面板,availability,android,harmonyos,unknown,unreviewed,,,unassessed,尚未逐条评估证据和适用范围,unassessed,unassessed
interop.share.sheet,分享面板,availability,android,ios,unknown,unreviewed,,,unassessed,尚未逐条评估证据和适用范围,unassessed,unassessed
interop.share.sheet,分享面板,availability,harmonyos,ios,unknown,unreviewed,,,unassessed,尚未逐条评估证据和适用范围,unassessed,unassessed
interop.share.sheet,分享面板,programming_model,android,harmonyos,unknown,unreviewed,,,unassessed,尚未逐条评估证据和适用范围,unassessed,unassessed
interop.share.sheet,分享面板,programming_model,android,ios,unknown,unreviewed,,,unassessed,尚未逐条评估证据和适用范围,unassessed,unassessed
interop.share.sheet,分享面板,programming_model,harmonyos,ios,unknown,unreviewed,,,unassessed,尚未逐条评估证据和适用范围,unassessed,unassessed
interop.share.sheet,分享面板,lifecycle_background,android,harmonyos,unknown,unreviewed,,,unassessed,尚未逐条评估证据和适用范围,unassessed,unassessed
interop.share.sheet,分享面板,lifecycle_background,android,ios,unknown,unreviewed,,,unassessed,尚未逐条评估证据和适用范围,unassessed,unassessed
interop.share.sheet,分享面板,lifecycle_background,harmonyos,ios,unknown,unreviewed,,,unassessed,尚未逐条评估证据和适用范围,unassessed,unassessed
interop.share.sheet,分享面板,permissions_privacy,android,harmonyos,unknown,unreviewed,,,unassessed,尚未逐条评估证据和适用范围,unassessed,unassessed
interop.share.sheet,分享面板,permissions_privacy,android,ios,unknown,unreviewed,,,unassessed,尚未逐条评估证据和适用范围,unassessed,unassessed
interop.share.sheet,分享面板,permissions_privacy,harmonyos,ios,unknown,unreviewed,,,unassessed,尚未逐条评估证据和适用范围,unassessed,unassessed
interop.share.sheet,分享面板,limits_precision,android,harmonyos,unknown,unreviewed,,,unassessed,尚未逐条评估证据和适用范围,unassessed,unassessed
interop.share.sheet,分享面板,limits_precision,android,ios,unknown,unreviewed,,,unassessed,尚未逐条评估证据和适用范围,unassessed,unassessed
interop.share.sheet,分享面板,limits_precision,harmonyos,ios,unknown,unreviewed,,,unassessed,尚未逐条评估证据和适用范围,unassessed,unassessed
interop.share.sheet,分享面板,device_forms,android,harmonyos,unknown,unreviewed,,,unassessed,尚未逐条评估证据和适用范围,unassessed,unassessed
interop.share.sheet,分享面板,device_forms,android,ios,unknown,unreviewed,,,unassessed,尚未逐条评估证据和适用范围,unassessed,unassessed
interop.share.sheet,分享面板,device_forms,harmonyos,ios,unknown,unreviewed,,,unassessed,尚未逐条评估证据和适用范围,unassessed,unassessed
interop.share.sheet,分享面板,api_surface,android,harmonyos,unknown,unreviewed,,,unassessed,尚未逐条评估证据和适用范围,unassessed,unassessed
interop.share.sheet,分享面板,api_surface,android,ios,unknown,unreviewed,,,unassessed,尚未逐条评估证据和适用范围,unassessed,unassessed
interop.share.sheet,分享面板,api_surface,harmonyos,ios,unknown,unreviewed,,,unassessed,尚未逐条评估证据和适用范围,unassessed,unassessed
location,位置与地理,availability,android,harmonyos,unknown,unreviewed,,,unassessed,尚未逐条评估证据和适用范围,unassessed,unassessed
location,位置与地理,availability,android,ios,unknown,unreviewed,,,unassessed,尚未逐条评估证据和适用范围,unassessed,unassessed
location,位置与地理,availability,harmonyos,ios,unknown,unreviewed,,,unassessed,尚未逐条评估证据和适用范围,unassessed,unassessed
location,位置与地理,programming_model,android,harmonyos,unknown,unreviewed,,,unassessed,尚未逐条评估证据和适用范围,unassessed,unassessed
location,位置与地理,programming_model,android,ios,unknown,unreviewed,,,unassessed,尚未逐条评估证据和适用范围,unassessed,unassessed
location,位置与地理,programming_model,harmonyos,ios,unknown,unreviewed,,,unassessed,尚未逐条评估证据和适用范围,unassessed,unassessed
location,位置与地理,lifecycle_background,android,harmonyos,unknown,unreviewed,,,unassessed,尚未逐条评估证据和适用范围,unassessed,unassessed
location,位置与地理,lifecycle_background,android,ios,unknown,unreviewed,,,unassessed,尚未逐条评估证据和适用范围,unassessed,unassessed
location,位置与地理,lifecycle_background,harmonyos,ios,unknown,unreviewed,,,unassessed,尚未逐条评估证据和适用范围,unassessed,unassessed
location,位置与地理,permissions_privacy,android,harmonyos,unknown,unreviewed,,,unassessed,尚未逐条评估证据和适用范围,unassessed,unassessed
location,位置与地理,permissions_privacy,android,ios,unknown,unreviewed,,,unassessed,尚未逐条评估证据和适用范围,unassessed,unassessed
location,位置与地理,permissions_privacy,harmonyos,ios,unknown,unreviewed,,,unassessed,尚未逐条评估证据和适用范围,unassessed,unassessed
location,位置与地理,limits_precision,android,harmonyos,unknown,unreviewed,,,unassessed,尚未逐条评估证据和适用范围,unassessed,unassessed
location,位置与地理,limits_precision,android,ios,unknown,unreviewed,,,unassessed,尚未逐条评估证据和适用范围,unassessed,unassessed
location,位置与地理,limits_precision,harmonyos,ios,unknown,unreviewed,,,unassessed,尚未逐条评估证据和适用范围,unassessed,unassessed
location,位置与地理,device_forms,android,harmonyos,unknown,unreviewed,,,unassessed,尚未逐条评估证据和适用范围,unassessed,unassessed
location,位置与地理,device_forms,android,ios,unknown,unreviewed,,,unassessed,尚未逐条评估证据和适用范围,unassessed,unassessed
location,位置与地理,device_forms,harmonyos,ios,unknown,unreviewed,,,unassessed,尚未逐条评估证据和适用范围,unassessed,unassessed
location,位置与地理,api_surface,android,harmonyos,unknown,unreviewed,,,unassessed,尚未逐条评估证据和适用范围,unassessed,unassessed
location,位置与地理,api_surface,android,ios,unknown,unreviewed,,,unassessed,尚未逐条评估证据和适用范围,unassessed,unassessed
location,位置与地理,api_surface,harmonyos,ios,unknown,unreviewed,,,unassessed,尚未逐条评估证据和适用范围,unassessed,unassessed
location.geofence,地理围栏,availability,android,harmonyos,unknown,unreviewed,,,unassessed,尚未逐条评估证据和适用范围,unassessed,unassessed
location.geofence,地理围栏,availability,android,ios,unknown,unreviewed,,,unassessed,尚未逐条评估证据和适用范围,unassessed,unassessed
location.geofence,地理围栏,availability,harmonyos,ios,unknown,unreviewed,,,unassessed,尚未逐条评估证据和适用范围,unassessed,unassessed
location.geofence,地理围栏,programming_model,android,harmonyos,unknown,unreviewed,,,unassessed,尚未逐条评估证据和适用范围,unassessed,unassessed
location.geofence,地理围栏,programming_model,android,ios,unknown,unreviewed,,,unassessed,尚未逐条评估证据和适用范围,unassessed,unassessed
location.geofence,地理围栏,programming_model,harmonyos,ios,unknown,unreviewed,,,unassessed,尚未逐条评估证据和适用范围,unassessed,unassessed
location.geofence,地理围栏,lifecycle_background,android,harmonyos,unknown,unreviewed,,,unassessed,尚未逐条评估证据和适用范围,unassessed,unassessed
location.geofence,地理围栏,lifecycle_background,android,ios,unknown,unreviewed,,,unassessed,尚未逐条评估证据和适用范围,unassessed,unassessed
location.geofence,地理围栏,lifecycle_background,harmonyos,ios,unknown,unreviewed,,,unassessed,尚未逐条评估证据和适用范围,unassessed,unassessed
location.geofence,地理围栏,permissions_privacy,android,harmonyos,unknown,unreviewed,,,unassessed,尚未逐条评估证据和适用范围,unassessed,unassessed
location.geofence,地理围栏,permissions_privacy,android,ios,unknown,unreviewed,,,unassessed,尚未逐条评估证据和适用范围,unassessed,unassessed
location.geofence,地理围栏,permissions_privacy,harmonyos,ios,unknown,unreviewed,,,unassessed,尚未逐条评估证据和适用范围,unassessed,unassessed
location.geofence,地理围栏,limits_precision,android,harmonyos,unknown,unreviewed,,,unassessed,尚未逐条评估证据和适用范围,unassessed,unassessed
location.geofence,地理围栏,limits_precision,android,ios,unknown,unreviewed,,,unassessed,尚未逐条评估证据和适用范围,unassessed,unassessed
location.geofence,地理围栏,limits_precision,harmonyos,ios,unknown,unreviewed,,,unassessed,尚未逐条评估证据和适用范围,unassessed,unassessed
location.geofence,地理围栏,device_forms,android,harmonyos,unknown,unreviewed,,,unassessed,尚未逐条评估证据和适用范围,unassessed,unassessed
location.geofence,地理围栏,device_forms,android,ios,unknown,unreviewed,,,unassessed,尚未逐条评估证据和适用范围,unassessed,unassessed
location.geofence,地理围栏,device_forms,harmonyos,ios,unknown,unreviewed,,,unassessed,尚未逐条评估证据和适用范围,unassessed,unassessed
location.geofence,地理围栏,api_surface,android,harmonyos,unknown,unreviewed,,,unassessed,尚未逐条评估证据和适用范围,unassessed,unassessed
location.geofence,地理围栏,api_surface,android,ios,unknown,unreviewed,,,unassessed,尚未逐条评估证据和适用范围,unassessed,unassessed
location.geofence,地理围栏,api_surface,harmonyos,ios,unknown,unreviewed,,,unassessed,尚未逐条评估证据和适用范围,unassessed,unassessed
location.geofence.region,区域围栏,availability,android,harmonyos,unknown,unreviewed,,,unassessed,尚未逐条评估证据和适用范围,unassessed,unassessed
location.geofence.region,区域围栏,availability,android,ios,unknown,unreviewed,,,unassessed,尚未逐条评估证据和适用范围,unassessed,unassessed
location.geofence.region,区域围栏,availability,harmonyos,ios,unknown,unreviewed,,,unassessed,尚未逐条评估证据和适用范围,unassessed,unassessed
location.geofence.region,区域围栏,programming_model,android,harmonyos,unknown,unreviewed,,,unassessed,尚未逐条评估证据和适用范围,unassessed,unassessed
location.geofence.region,区域围栏,programming_model,android,ios,unknown,unreviewed,,,unassessed,尚未逐条评估证据和适用范围,unassessed,unassessed
location.geofence.region,区域围栏,programming_model,harmonyos,ios,unknown,unreviewed,,,unassessed,尚未逐条评估证据和适用范围,unassessed,unassessed
location.geofence.region,区域围栏,lifecycle_background,android,harmonyos,unknown,unreviewed,,,unassessed,尚未逐条评估证据和适用范围,unassessed,unassessed
location.geofence.region,区域围栏,lifecycle_background,android,ios,unknown,unreviewed,,,unassessed,尚未逐条评估证据和适用范围,unassessed,unassessed
location.geofence.region,区域围栏,lifecycle_background,harmonyos,ios,unknown,unreviewed,,,unassessed,尚未逐条评估证据和适用范围,unassessed,unassessed
location.geofence.region,区域围栏,permissions_privacy,android,harmonyos,unknown,unreviewed,,,unassessed,尚未逐条评估证据和适用范围,unassessed,unassessed
location.geofence.region,区域围栏,permissions_privacy,android,ios,unknown,unreviewed,,,unassessed,尚未逐条评估证据和适用范围,unassessed,unassessed
location.geofence.region,区域围栏,permissions_privacy,harmonyos,ios,unknown,unreviewed,,,unassessed,尚未逐条评估证据和适用范围,unassessed,unassessed
location.geofence.region,区域围栏,limits_precision,android,harmonyos,unknown,unreviewed,,,unassessed,尚未逐条评估证据和适用范围,unassessed,unassessed
location.geofence.region,区域围栏,limits_precision,android,ios,unknown,unreviewed,,,unassessed,尚未逐条评估证据和适用范围,unassessed,unassessed
location.geofence.region,区域围栏,limits_precision,harmonyos,ios,unknown,unreviewed,,,unassessed,尚未逐条评估证据和适用范围,unassessed,unassessed
location.geofence.region,区域围栏,device_forms,android,harmonyos,unknown,unreviewed,,,unassessed,尚未逐条评估证据和适用范围,unassessed,unassessed
location.geofence.region,区域围栏,device_forms,android,ios,unknown,unreviewed,,,unassessed,尚未逐条评估证据和适用范围,unassessed,unassessed
location.geofence.region,区域围栏,device_forms,harmonyos,ios,unknown,unreviewed,,,unassessed,尚未逐条评估证据和适用范围,unassessed,unassessed
location.geofence.region,区域围栏,api_surface,android,harmonyos,unknown,unreviewed,,,unassessed,尚未逐条评估证据和适用范围,unassessed,unassessed
location.geofence.region,区域围栏,api_surface,android,ios,unknown,unreviewed,,,unassessed,尚未逐条评估证据和适用范围,unassessed,unassessed
location.geofence.region,区域围栏,api_surface,harmonyos,ios,unknown,unreviewed,,,unassessed,尚未逐条评估证据和适用范围,unassessed,unassessed
location.maps,地图展示,availability,android,harmonyos,unknown,unreviewed,,,unassessed,尚未逐条评估证据和适用范围,unassessed,unassessed
location.maps,地图展示,availability,android,ios,unknown,unreviewed,,,unassessed,尚未逐条评估证据和适用范围,unassessed,unassessed
location.maps,地图展示,availability,harmonyos,ios,unknown,unreviewed,,,unassessed,尚未逐条评估证据和适用范围,unassessed,unassessed
location.maps,地图展示,programming_model,android,harmonyos,unknown,unreviewed,,,unassessed,尚未逐条评估证据和适用范围,unassessed,unassessed
location.maps,地图展示,programming_model,android,ios,unknown,unreviewed,,,unassessed,尚未逐条评估证据和适用范围,unassessed,unassessed
location.maps,地图展示,programming_model,harmonyos,ios,unknown,unreviewed,,,unassessed,尚未逐条评估证据和适用范围,unassessed,unassessed
location.maps,地图展示,lifecycle_background,android,harmonyos,unknown,unreviewed,,,unassessed,尚未逐条评估证据和适用范围,unassessed,unassessed
location.maps,地图展示,lifecycle_background,android,ios,unknown,unreviewed,,,unassessed,尚未逐条评估证据和适用范围,unassessed,unassessed
location.maps,地图展示,lifecycle_background,harmonyos,ios,unknown,unreviewed,,,unassessed,尚未逐条评估证据和适用范围,unassessed,unassessed
location.maps,地图展示,permissions_privacy,android,harmonyos,unknown,unreviewed,,,unassessed,尚未逐条评估证据和适用范围,unassessed,unassessed
location.maps,地图展示,permissions_privacy,android,ios,unknown,unreviewed,,,unassessed,尚未逐条评估证据和适用范围,unassessed,unassessed
location.maps,地图展示,permissions_privacy,harmonyos,ios,unknown,unreviewed,,,unassessed,尚未逐条评估证据和适用范围,unassessed,unassessed
location.maps,地图展示,limits_precision,android,harmonyos,unknown,unreviewed,,,unassessed,尚未逐条评估证据和适用范围,unassessed,unassessed
location.maps,地图展示,limits_precision,android,ios,unknown,unreviewed,,,unassessed,尚未逐条评估证据和适用范围,unassessed,unassessed
location.maps,地图展示,limits_precision,harmonyos,ios,unknown,unreviewed,,,unassessed,尚未逐条评估证据和适用范围,unassessed,unassessed
location.maps,地图展示,device_forms,android,harmonyos,unknown,unreviewed,,,unassessed,尚未逐条评估证据和适用范围,unassessed,unassessed
location.maps,地图展示,device_forms,android,ios,unknown,unreviewed,,,unassessed,尚未逐条评估证据和适用范围,unassessed,unassessed
location.maps,地图展示,device_forms,harmonyos,ios,unknown,unreviewed,,,unassessed,尚未逐条评估证据和适用范围,unassessed,unassessed
location.maps,地图展示,api_surface,android,harmonyos,unknown,unreviewed,,,unassessed,尚未逐条评估证据和适用范围,unassessed,unassessed
location.maps,地图展示,api_surface,android,ios,unknown,unreviewed,,,unassessed,尚未逐条评估证据和适用范围,unassessed,unassessed
location.maps,地图展示,api_surface,harmonyos,ios,unknown,unreviewed,,,unassessed,尚未逐条评估证据和适用范围,unassessed,unassessed
location.maps.sdk,地图SDK,availability,android,harmonyos,unknown,unreviewed,,,unassessed,尚未逐条评估证据和适用范围,unassessed,unassessed
location.maps.sdk,地图SDK,availability,android,ios,unknown,unreviewed,,,unassessed,尚未逐条评估证据和适用范围,unassessed,unassessed
location.maps.sdk,地图SDK,availability,harmonyos,ios,unknown,unreviewed,,,unassessed,尚未逐条评估证据和适用范围,unassessed,unassessed
location.maps.sdk,地图SDK,programming_model,android,harmonyos,unknown,unreviewed,,,unassessed,尚未逐条评估证据和适用范围,unassessed,unassessed
location.maps.sdk,地图SDK,programming_model,android,ios,unknown,unreviewed,,,unassessed,尚未逐条评估证据和适用范围,unassessed,unassessed
location.maps.sdk,地图SDK,programming_model,harmonyos,ios,unknown,unreviewed,,,unassessed,尚未逐条评估证据和适用范围,unassessed,unassessed
location.maps.sdk,地图SDK,lifecycle_background,android,harmonyos,unknown,unreviewed,,,unassessed,尚未逐条评估证据和适用范围,unassessed,unassessed
location.maps.sdk,地图SDK,lifecycle_background,android,ios,unknown,unreviewed,,,unassessed,尚未逐条评估证据和适用范围,unassessed,unassessed
location.maps.sdk,地图SDK,lifecycle_background,harmonyos,ios,unknown,unreviewed,,,unassessed,尚未逐条评估证据和适用范围,unassessed,unassessed
location.maps.sdk,地图SDK,permissions_privacy,android,harmonyos,unknown,unreviewed,,,unassessed,尚未逐条评估证据和适用范围,unassessed,unassessed
location.maps.sdk,地图SDK,permissions_privacy,android,ios,unknown,unreviewed,,,unassessed,尚未逐条评估证据和适用范围,unassessed,unassessed
location.maps.sdk,地图SDK,permissions_privacy,harmonyos,ios,unknown,unreviewed,,,unassessed,尚未逐条评估证据和适用范围,unassessed,unassessed
location.maps.sdk,地图SDK,limits_precision,android,harmonyos,unknown,unreviewed,,,unassessed,尚未逐条评估证据和适用范围,unassessed,unassessed
location.maps.sdk,地图SDK,limits_precision,android,ios,unknown,unreviewed,,,unassessed,尚未逐条评估证据和适用范围,unassessed,unassessed
location.maps.sdk,地图SDK,limits_precision,harmonyos,ios,unknown,unreviewed,,,unassessed,尚未逐条评估证据和适用范围,unassessed,unassessed
location.maps.sdk,地图SDK,device_forms,android,harmonyos,unknown,unreviewed,,,unassessed,尚未逐条评估证据和适用范围,unassessed,unassessed
location.maps.sdk,地图SDK,device_forms,android,ios,unknown,unreviewed,,,unassessed,尚未逐条评估证据和适用范围,unassessed,unassessed
location.maps.sdk,地图SDK,device_forms,harmonyos,ios,unknown,unreviewed,,,unassessed,尚未逐条评估证据和适用范围,unassessed,unassessed
location.maps.sdk,地图SDK,api_surface,android,harmonyos,unknown,unreviewed,,,unassessed,尚未逐条评估证据和适用范围,unassessed,unassessed
location.maps.sdk,地图SDK,api_surface,android,ios,unknown,unreviewed,,,unassessed,尚未逐条评估证据和适用范围,unassessed,unassessed
location.maps.sdk,地图SDK,api_surface,harmonyos,ios,unknown,unreviewed,,,unassessed,尚未逐条评估证据和适用范围,unassessed,unassessed
location.positioning,定位,availability,android,harmonyos,unknown,unreviewed,,,unassessed,尚未逐条评估证据和适用范围,unassessed,unassessed
location.positioning,定位,availability,android,ios,unknown,unreviewed,,,unassessed,尚未逐条评估证据和适用范围,unassessed,unassessed
location.positioning,定位,availability,harmonyos,ios,unknown,unreviewed,,,unassessed,尚未逐条评估证据和适用范围,unassessed,unassessed
location.positioning,定位,programming_model,android,harmonyos,unknown,unreviewed,,,unassessed,尚未逐条评估证据和适用范围,unassessed,unassessed
location.positioning,定位,programming_model,android,ios,unknown,unreviewed,,,unassessed,尚未逐条评估证据和适用范围,unassessed,unassessed
location.positioning,定位,programming_model,harmonyos,ios,unknown,unreviewed,,,unassessed,尚未逐条评估证据和适用范围,unassessed,unassessed
location.positioning,定位,lifecycle_background,android,harmonyos,unknown,unreviewed,,,unassessed,尚未逐条评估证据和适用范围,unassessed,unassessed
location.positioning,定位,lifecycle_background,android,ios,unknown,unreviewed,,,unassessed,尚未逐条评估证据和适用范围,unassessed,unassessed
location.positioning,定位,lifecycle_background,harmonyos,ios,unknown,unreviewed,,,unassessed,尚未逐条评估证据和适用范围,unassessed,unassessed
location.positioning,定位,permissions_privacy,android,harmonyos,unknown,unreviewed,,,unassessed,尚未逐条评估证据和适用范围,unassessed,unassessed
location.positioning,定位,permissions_privacy,android,ios,unknown,unreviewed,,,unassessed,尚未逐条评估证据和适用范围,unassessed,unassessed
location.positioning,定位,permissions_privacy,harmonyos,ios,unknown,unreviewed,,,unassessed,尚未逐条评估证据和适用范围,unassessed,unassessed
location.positioning,定位,limits_precision,android,harmonyos,unknown,unreviewed,,,unassessed,尚未逐条评估证据和适用范围,unassessed,unassessed
location.positioning,定位,limits_precision,android,ios,unknown,unreviewed,,,unassessed,尚未逐条评估证据和适用范围,unassessed,unassessed
location.positioning,定位,limits_precision,harmonyos,ios,unknown,unreviewed,,,unassessed,尚未逐条评估证据和适用范围,unassessed,unassessed
location.positioning,定位,device_forms,android,harmonyos,unknown,unreviewed,,,unassessed,尚未逐条评估证据和适用范围,unassessed,unassessed
location.positioning,定位,device_forms,android,ios,unknown,unreviewed,,,unassessed,尚未逐条评估证据和适用范围,unassessed,unassessed
location.positioning,定位,device_forms,harmonyos,ios,unknown,unreviewed,,,unassessed,尚未逐条评估证据和适用范围,unassessed,unassessed
location.positioning,定位,api_surface,android,harmonyos,unknown,unreviewed,,,unassessed,尚未逐条评估证据和适用范围,unassessed,unassessed
location.positioning,定位,api_surface,android,ios,unknown,unreviewed,,,unassessed,尚未逐条评估证据和适用范围,unassessed,unassessed
location.positioning,定位,api_surface,harmonyos,ios,unknown,unreviewed,,,unassessed,尚未逐条评估证据和适用范围,unassessed,unassessed
location.positioning.background,后台定位,availability,android,harmonyos,unknown,unreviewed,,,unassessed,尚未逐条评估证据和适用范围,unassessed,unassessed
location.positioning.background,后台定位,availability,android,ios,unknown,unreviewed,,,unassessed,尚未逐条评估证据和适用范围,unassessed,unassessed
location.positioning.background,后台定位,availability,harmonyos,ios,unknown,unreviewed,,,unassessed,尚未逐条评估证据和适用范围,unassessed,unassessed
location.positioning.background,后台定位,programming_model,android,harmonyos,unknown,unreviewed,,,unassessed,尚未逐条评估证据和适用范围,unassessed,unassessed
location.positioning.background,后台定位,programming_model,android,ios,unknown,unreviewed,,,unassessed,尚未逐条评估证据和适用范围,unassessed,unassessed
location.positioning.background,后台定位,programming_model,harmonyos,ios,unknown,unreviewed,,,unassessed,尚未逐条评估证据和适用范围,unassessed,unassessed
location.positioning.background,后台定位,lifecycle_background,android,harmonyos,unknown,unreviewed,,,unassessed,尚未逐条评估证据和适用范围,unassessed,unassessed
location.positioning.background,后台定位,lifecycle_background,android,ios,unknown,unreviewed,,,unassessed,尚未逐条评估证据和适用范围,unassessed,unassessed
location.positioning.background,后台定位,lifecycle_background,harmonyos,ios,unknown,unreviewed,,,unassessed,尚未逐条评估证据和适用范围,unassessed,unassessed
location.positioning.background,后台定位,permissions_privacy,android,harmonyos,unknown,unreviewed,,,unassessed,尚未逐条评估证据和适用范围,unassessed,unassessed
location.positioning.background,后台定位,permissions_privacy,android,ios,unknown,unreviewed,,,unassessed,尚未逐条评估证据和适用范围,unassessed,unassessed
location.positioning.background,后台定位,permissions_privacy,harmonyos,ios,unknown,unreviewed,,,unassessed,尚未逐条评估证据和适用范围,unassessed,unassessed
location.positioning.background,后台定位,limits_precision,android,harmonyos,unknown,unreviewed,,,unassessed,尚未逐条评估证据和适用范围,unassessed,unassessed
location.positioning.background,后台定位,limits_precision,android,ios,unknown,unreviewed,,,unassessed,尚未逐条评估证据和适用范围,unassessed,unassessed
location.positioning.background,后台定位,limits_precision,harmonyos,ios,unknown,unreviewed,,,unassessed,尚未逐条评估证据和适用范围,unassessed,unassessed
location.positioning.background,后台定位,device_forms,android,harmonyos,unknown,unreviewed,,,unassessed,尚未逐条评估证据和适用范围,unassessed,unassessed
location.positioning.background,后台定位,device_forms,android,ios,unknown,unreviewed,,,unassessed,尚未逐条评估证据和适用范围,unassessed,unassessed
location.positioning.background,后台定位,device_forms,harmonyos,ios,unknown,unreviewed,,,unassessed,尚未逐条评估证据和适用范围,unassessed,unassessed
location.positioning.background,后台定位,api_surface,android,harmonyos,unknown,unreviewed,,,unassessed,尚未逐条评估证据和适用范围,unassessed,unassessed
location.positioning.background,后台定位,api_surface,android,ios,unknown,unreviewed,,,unassessed,尚未逐条评估证据和适用范围,unassessed,unassessed
location.positioning.background,后台定位,api_surface,harmonyos,ios,unknown,unreviewed,,,unassessed,尚未逐条评估证据和适用范围,unassessed,unassessed
location.positioning.foreground,前台定位,availability,android,harmonyos,unknown,unreviewed,,,unassessed,尚未逐条评估证据和适用范围,unassessed,unassessed
location.positioning.foreground,前台定位,availability,android,ios,unknown,unreviewed,,,unassessed,尚未逐条评估证据和适用范围,unassessed,unassessed
location.positioning.foreground,前台定位,availability,harmonyos,ios,unknown,unreviewed,,,unassessed,尚未逐条评估证据和适用范围,unassessed,unassessed
location.positioning.foreground,前台定位,programming_model,android,harmonyos,unknown,unreviewed,,,unassessed,尚未逐条评估证据和适用范围,unassessed,unassessed
location.positioning.foreground,前台定位,programming_model,android,ios,unknown,unreviewed,,,unassessed,尚未逐条评估证据和适用范围,unassessed,unassessed
location.positioning.foreground,前台定位,programming_model,harmonyos,ios,unknown,unreviewed,,,unassessed,尚未逐条评估证据和适用范围,unassessed,unassessed
location.positioning.foreground,前台定位,lifecycle_background,android,harmonyos,unknown,unreviewed,,,unassessed,尚未逐条评估证据和适用范围,unassessed,unassessed
location.positioning.foreground,前台定位,lifecycle_background,android,ios,unknown,unreviewed,,,unassessed,尚未逐条评估证据和适用范围,unassessed,unassessed
location.positioning.foreground,前台定位,lifecycle_background,harmonyos,ios,unknown,unreviewed,,,unassessed,尚未逐条评估证据和适用范围,unassessed,unassessed
location.positioning.foreground,前台定位,permissions_privacy,android,harmonyos,unknown,unreviewed,,,unassessed,尚未逐条评估证据和适用范围,unassessed,unassessed
location.positioning.foreground,前台定位,permissions_privacy,android,ios,unknown,unreviewed,,,unassessed,尚未逐条评估证据和适用范围,unassessed,unassessed
location.positioning.foreground,前台定位,permissions_privacy,harmonyos,ios,unknown,unreviewed,,,unassessed,尚未逐条评估证据和适用范围,unassessed,unassessed
location.positioning.foreground,前台定位,limits_precision,android,harmonyos,unknown,unreviewed,,,unassessed,尚未逐条评估证据和适用范围,unassessed,unassessed
location.positioning.foreground,前台定位,limits_precision,android,ios,unknown,unreviewed,,,unassessed,尚未逐条评估证据和适用范围,unassessed,unassessed
location.positioning.foreground,前台定位,limits_precision,harmonyos,ios,unknown,unreviewed,,,unassessed,尚未逐条评估证据和适用范围,unassessed,unassessed
location.positioning.foreground,前台定位,device_forms,android,harmonyos,unknown,unreviewed,,,unassessed,尚未逐条评估证据和适用范围,unassessed,unassessed
location.positioning.foreground,前台定位,device_forms,android,ios,unknown,unreviewed,,,unassessed,尚未逐条评估证据和适用范围,unassessed,unassessed
location.positioning.foreground,前台定位,device_forms,harmonyos,ios,unknown,unreviewed,,,unassessed,尚未逐条评估证据和适用范围,unassessed,unassessed
location.positioning.foreground,前台定位,api_surface,android,harmonyos,unknown,unreviewed,,,unassessed,尚未逐条评估证据和适用范围,unassessed,unassessed
location.positioning.foreground,前台定位,api_surface,android,ios,unknown,unreviewed,,,unassessed,尚未逐条评估证据和适用范围,unassessed,unassessed
location.positioning.foreground,前台定位,api_surface,harmonyos,ios,unknown,unreviewed,,,unassessed,尚未逐条评估证据和适用范围,unassessed,unassessed
media,媒体,availability,android,harmonyos,unknown,unreviewed,,,unassessed,尚未逐条评估证据和适用范围,unassessed,unassessed
media,媒体,availability,android,ios,unknown,unreviewed,,,unassessed,尚未逐条评估证据和适用范围,unassessed,unassessed
media,媒体,availability,harmonyos,ios,unknown,unreviewed,,,unassessed,尚未逐条评估证据和适用范围,unassessed,unassessed
media,媒体,programming_model,android,harmonyos,unknown,unreviewed,,,unassessed,尚未逐条评估证据和适用范围,unassessed,unassessed
media,媒体,programming_model,android,ios,unknown,unreviewed,,,unassessed,尚未逐条评估证据和适用范围,unassessed,unassessed
media,媒体,programming_model,harmonyos,ios,unknown,unreviewed,,,unassessed,尚未逐条评估证据和适用范围,unassessed,unassessed
media,媒体,lifecycle_background,android,harmonyos,unknown,unreviewed,,,unassessed,尚未逐条评估证据和适用范围,unassessed,unassessed
media,媒体,lifecycle_background,android,ios,unknown,unreviewed,,,unassessed,尚未逐条评估证据和适用范围,unassessed,unassessed
media,媒体,lifecycle_background,harmonyos,ios,unknown,unreviewed,,,unassessed,尚未逐条评估证据和适用范围,unassessed,unassessed
media,媒体,permissions_privacy,android,harmonyos,unknown,unreviewed,,,unassessed,尚未逐条评估证据和适用范围,unassessed,unassessed
media,媒体,permissions_privacy,android,ios,unknown,unreviewed,,,unassessed,尚未逐条评估证据和适用范围,unassessed,unassessed
media,媒体,permissions_privacy,harmonyos,ios,unknown,unreviewed,,,unassessed,尚未逐条评估证据和适用范围,unassessed,unassessed
media,媒体,limits_precision,android,harmonyos,unknown,unreviewed,,,unassessed,尚未逐条评估证据和适用范围,unassessed,unassessed
media,媒体,limits_precision,android,ios,unknown,unreviewed,,,unassessed,尚未逐条评估证据和适用范围,unassessed,unassessed
media,媒体,limits_precision,harmonyos,ios,unknown,unreviewed,,,unassessed,尚未逐条评估证据和适用范围,unassessed,unassessed
media,媒体,device_forms,android,harmonyos,unknown,unreviewed,,,unassessed,尚未逐条评估证据和适用范围,unassessed,unassessed
media,媒体,device_forms,android,ios,unknown,unreviewed,,,unassessed,尚未逐条评估证据和适用范围,unassessed,unassessed
media,媒体,device_forms,harmonyos,ios,unknown,unreviewed,,,unassessed,尚未逐条评估证据和适用范围,unassessed,unassessed
media,媒体,api_surface,android,harmonyos,unknown,unreviewed,,,unassessed,尚未逐条评估证据和适用范围,unassessed,unassessed
media,媒体,api_surface,android,ios,unknown,unreviewed,,,unassessed,尚未逐条评估证据和适用范围,unassessed,unassessed
media,媒体,api_surface,harmonyos,ios,unknown,unreviewed,,,unassessed,尚未逐条评估证据和适用范围,unassessed,unassessed
media.capture,媒体采集,availability,android,harmonyos,unknown,unreviewed,,,unassessed,尚未逐条评估证据和适用范围,unassessed,unassessed
media.capture,媒体采集,availability,android,ios,unknown,unreviewed,,,unassessed,尚未逐条评估证据和适用范围,unassessed,unassessed
media.capture,媒体采集,availability,harmonyos,ios,unknown,unreviewed,,,unassessed,尚未逐条评估证据和适用范围,unassessed,unassessed
media.capture,媒体采集,programming_model,android,harmonyos,unknown,unreviewed,,,unassessed,尚未逐条评估证据和适用范围,unassessed,unassessed
media.capture,媒体采集,programming_model,android,ios,unknown,unreviewed,,,unassessed,尚未逐条评估证据和适用范围,unassessed,unassessed
media.capture,媒体采集,programming_model,harmonyos,ios,unknown,unreviewed,,,unassessed,尚未逐条评估证据和适用范围,unassessed,unassessed
media.capture,媒体采集,lifecycle_background,android,harmonyos,unknown,unreviewed,,,unassessed,尚未逐条评估证据和适用范围,unassessed,unassessed
media.capture,媒体采集,lifecycle_background,android,ios,unknown,unreviewed,,,unassessed,尚未逐条评估证据和适用范围,unassessed,unassessed
media.capture,媒体采集,lifecycle_background,harmonyos,ios,unknown,unreviewed,,,unassessed,尚未逐条评估证据和适用范围,unassessed,unassessed
media.capture,媒体采集,permissions_privacy,android,harmonyos,unknown,unreviewed,,,unassessed,尚未逐条评估证据和适用范围,unassessed,unassessed
media.capture,媒体采集,permissions_privacy,android,ios,unknown,unreviewed,,,unassessed,尚未逐条评估证据和适用范围,unassessed,unassessed
media.capture,媒体采集,permissions_privacy,harmonyos,ios,unknown,unreviewed,,,unassessed,尚未逐条评估证据和适用范围,unassessed,unassessed
media.capture,媒体采集,limits_precision,android,harmonyos,unknown,unreviewed,,,unassessed,尚未逐条评估证据和适用范围,unassessed,unassessed
media.capture,媒体采集,limits_precision,android,ios,unknown,unreviewed,,,unassessed,尚未逐条评估证据和适用范围,unassessed,unassessed
media.capture,媒体采集,limits_precision,harmonyos,ios,unknown,unreviewed,,,unassessed,尚未逐条评估证据和适用范围,unassessed,unassessed
media.capture,媒体采集,device_forms,android,harmonyos,unknown,unreviewed,,,unassessed,尚未逐条评估证据和适用范围,unassessed,unassessed
media.capture,媒体采集,device_forms,android,ios,unknown,unreviewed,,,unassessed,尚未逐条评估证据和适用范围,unassessed,unassessed
media.capture,媒体采集,device_forms,harmonyos,ios,unknown,unreviewed,,,unassessed,尚未逐条评估证据和适用范围,unassessed,unassessed
media.capture,媒体采集,api_surface,android,harmonyos,unknown,unreviewed,,,unassessed,尚未逐条评估证据和适用范围,unassessed,unassessed
media.capture,媒体采集,api_surface,android,ios,unknown,unreviewed,,,unassessed,尚未逐条评估证据和适用范围,unassessed,unassessed
media.capture,媒体采集,api_surface,harmonyos,ios,unknown,unreviewed,,,unassessed,尚未逐条评估证据和适用范围,unassessed,unassessed
media.capture.camera,相机捕获管线,availability,android,harmonyos,unknown,unreviewed,,,unassessed,尚未逐条评估证据和适用范围,unassessed,unassessed
media.capture.camera,相机捕获管线,availability,android,ios,unknown,unreviewed,,,unassessed,尚未逐条评估证据和适用范围,unassessed,unassessed
media.capture.camera,相机捕获管线,availability,harmonyos,ios,unknown,unreviewed,,,unassessed,尚未逐条评估证据和适用范围,unassessed,unassessed
media.capture.camera,相机捕获管线,programming_model,android,harmonyos,unknown,unreviewed,,,unassessed,尚未逐条评估证据和适用范围,unassessed,unassessed
media.capture.camera,相机捕获管线,programming_model,android,ios,unknown,unreviewed,,,unassessed,尚未逐条评估证据和适用范围,unassessed,unassessed
media.capture.camera,相机捕获管线,programming_model,harmonyos,ios,unknown,unreviewed,,,unassessed,尚未逐条评估证据和适用范围,unassessed,unassessed
media.capture.camera,相机捕获管线,lifecycle_background,android,harmonyos,unknown,unreviewed,,,unassessed,尚未逐条评估证据和适用范围,unassessed,unassessed
media.capture.camera,相机捕获管线,lifecycle_background,android,ios,unknown,unreviewed,,,unassessed,尚未逐条评估证据和适用范围,unassessed,unassessed
media.capture.camera,相机捕获管线,lifecycle_background,harmonyos,ios,unknown,unreviewed,,,unassessed,尚未逐条评估证据和适用范围,unassessed,unassessed
media.capture.camera,相机捕获管线,permissions_privacy,android,harmonyos,unknown,unreviewed,,,unassessed,尚未逐条评估证据和适用范围,unassessed,unassessed
media.capture.camera,相机捕获管线,permissions_privacy,android,ios,unknown,unreviewed,,,unassessed,尚未逐条评估证据和适用范围,unassessed,unassessed
media.capture.camera,相机捕获管线,permissions_privacy,harmonyos,ios,unknown,unreviewed,,,unassessed,尚未逐条评估证据和适用范围,unassessed,unassessed
media.capture.camera,相机捕获管线,limits_precision,android,harmonyos,unknown,unreviewed,,,unassessed,尚未逐条评估证据和适用范围,unassessed,unassessed
media.capture.camera,相机捕获管线,limits_precision,android,ios,unknown,unreviewed,,,unassessed,尚未逐条评估证据和适用范围,unassessed,unassessed
media.capture.camera,相机捕获管线,limits_precision,harmonyos,ios,unknown,unreviewed,,,unassessed,尚未逐条评估证据和适用范围,unassessed,unassessed
media.capture.camera,相机捕获管线,device_forms,android,harmonyos,unknown,unreviewed,,,unassessed,尚未逐条评估证据和适用范围,unassessed,unassessed
media.capture.camera,相机捕获管线,device_forms,android,ios,unknown,unreviewed,,,unassessed,尚未逐条评估证据和适用范围,unassessed,unassessed
media.capture.camera,相机捕获管线,device_forms,harmonyos,ios,unknown,unreviewed,,,unassessed,尚未逐条评估证据和适用范围,unassessed,unassessed
media.capture.camera,相机捕获管线,api_surface,android,harmonyos,unknown,unreviewed,,,unassessed,尚未逐条评估证据和适用范围,unassessed,unassessed
media.capture.camera,相机捕获管线,api_surface,android,ios,unknown,unreviewed,,,unassessed,尚未逐条评估证据和适用范围,unassessed,unassessed
media.capture.camera,相机捕获管线,api_surface,harmonyos,ios,unknown,unreviewed,,,unassessed,尚未逐条评估证据和适用范围,unassessed,unassessed
media.capture.microphone,麦克风录音,availability,android,harmonyos,unknown,unreviewed,,,unassessed,尚未逐条评估证据和适用范围,unassessed,unassessed
media.capture.microphone,麦克风录音,availability,android,ios,unknown,unreviewed,,,unassessed,尚未逐条评估证据和适用范围,unassessed,unassessed
media.capture.microphone,麦克风录音,availability,harmonyos,ios,unknown,unreviewed,,,unassessed,尚未逐条评估证据和适用范围,unassessed,unassessed
media.capture.microphone,麦克风录音,programming_model,android,harmonyos,unknown,unreviewed,,,unassessed,尚未逐条评估证据和适用范围,unassessed,unassessed
media.capture.microphone,麦克风录音,programming_model,android,ios,unknown,unreviewed,,,unassessed,尚未逐条评估证据和适用范围,unassessed,unassessed
media.capture.microphone,麦克风录音,programming_model,harmonyos,ios,unknown,unreviewed,,,unassessed,尚未逐条评估证据和适用范围,unassessed,unassessed
media.capture.microphone,麦克风录音,lifecycle_background,android,harmonyos,unknown,unreviewed,,,unassessed,尚未逐条评估证据和适用范围,unassessed,unassessed
media.capture.microphone,麦克风录音,lifecycle_background,android,ios,unknown,unreviewed,,,unassessed,尚未逐条评估证据和适用范围,unassessed,unassessed
media.capture.microphone,麦克风录音,lifecycle_background,harmonyos,ios,unknown,unreviewed,,,unassessed,尚未逐条评估证据和适用范围,unassessed,unassessed
media.capture.microphone,麦克风录音,permissions_privacy,android,harmonyos,unknown,unreviewed,,,unassessed,尚未逐条评估证据和适用范围,unassessed,unassessed
media.capture.microphone,麦克风录音,permissions_privacy,android,ios,unknown,unreviewed,,,unassessed,尚未逐条评估证据和适用范围,unassessed,unassessed
media.capture.microphone,麦克风录音,permissions_privacy,harmonyos,ios,unknown,unreviewed,,,unassessed,尚未逐条评估证据和适用范围,unassessed,unassessed
media.capture.microphone,麦克风录音,limits_precision,android,harmonyos,unknown,unreviewed,,,unassessed,尚未逐条评估证据和适用范围,unassessed,unassessed
media.capture.microphone,麦克风录音,limits_precision,android,ios,unknown,unreviewed,,,unassessed,尚未逐条评估证据和适用范围,unassessed,unassessed
media.capture.microphone,麦克风录音,limits_precision,harmonyos,ios,unknown,unreviewed,,,unassessed,尚未逐条评估证据和适用范围,unassessed,unassessed
media.capture.microphone,麦克风录音,device_forms,android,harmonyos,unknown,unreviewed,,,unassessed,尚未逐条评估证据和适用范围,unassessed,unassessed
media.capture.microphone,麦克风录音,device_forms,android,ios,unknown,unreviewed,,,unassessed,尚未逐条评估证据和适用范围,unassessed,unassessed
media.capture.microphone,麦克风录音,device_forms,harmonyos,ios,unknown,unreviewed,,,unassessed,尚未逐条评估证据和适用范围,unassessed,unassessed
media.capture.microphone,麦克风录音,api_surface,android,harmonyos,unknown,unreviewed,,,unassessed,尚未逐条评估证据和适用范围,unassessed,unassessed
media.capture.microphone,麦克风录音,api_surface,android,ios,unknown,unreviewed,,,unassessed,尚未逐条评估证据和适用范围,unassessed,unassessed
media.capture.microphone,麦克风录音,api_surface,harmonyos,ios,unknown,unreviewed,,,unassessed,尚未逐条评估证据和适用范围,unassessed,unassessed
media.codec,编解码,availability,android,harmonyos,unknown,unreviewed,,,unassessed,尚未逐条评估证据和适用范围,unassessed,unassessed
media.codec,编解码,availability,android,ios,unknown,unreviewed,,,unassessed,尚未逐条评估证据和适用范围,unassessed,unassessed
media.codec,编解码,availability,harmonyos,ios,unknown,unreviewed,,,unassessed,尚未逐条评估证据和适用范围,unassessed,unassessed
media.codec,编解码,programming_model,android,harmonyos,unknown,unreviewed,,,unassessed,尚未逐条评估证据和适用范围,unassessed,unassessed
media.codec,编解码,programming_model,android,ios,unknown,unreviewed,,,unassessed,尚未逐条评估证据和适用范围,unassessed,unassessed
media.codec,编解码,programming_model,harmonyos,ios,unknown,unreviewed,,,unassessed,尚未逐条评估证据和适用范围,unassessed,unassessed
media.codec,编解码,lifecycle_background,android,harmonyos,unknown,unreviewed,,,unassessed,尚未逐条评估证据和适用范围,unassessed,unassessed
media.codec,编解码,lifecycle_background,android,ios,unknown,unreviewed,,,unassessed,尚未逐条评估证据和适用范围,unassessed,unassessed
media.codec,编解码,lifecycle_background,harmonyos,ios,unknown,unreviewed,,,unassessed,尚未逐条评估证据和适用范围,unassessed,unassessed
media.codec,编解码,permissions_privacy,android,harmonyos,unknown,unreviewed,,,unassessed,尚未逐条评估证据和适用范围,unassessed,unassessed
media.codec,编解码,permissions_privacy,android,ios,unknown,unreviewed,,,unassessed,尚未逐条评估证据和适用范围,unassessed,unassessed
media.codec,编解码,permissions_privacy,harmonyos,ios,unknown,unreviewed,,,unassessed,尚未逐条评估证据和适用范围,unassessed,unassessed
media.codec,编解码,limits_precision,android,harmonyos,unknown,unreviewed,,,unassessed,尚未逐条评估证据和适用范围,unassessed,unassessed
media.codec,编解码,limits_precision,android,ios,unknown,unreviewed,,,unassessed,尚未逐条评估证据和适用范围,unassessed,unassessed
media.codec,编解码,limits_precision,harmonyos,ios,unknown,unreviewed,,,unassessed,尚未逐条评估证据和适用范围,unassessed,unassessed
media.codec,编解码,device_forms,android,harmonyos,unknown,unreviewed,,,unassessed,尚未逐条评估证据和适用范围,unassessed,unassessed
media.codec,编解码,device_forms,android,ios,unknown,unreviewed,,,unassessed,尚未逐条评估证据和适用范围,unassessed,unassessed
media.codec,编解码,device_forms,harmonyos,ios,unknown,unreviewed,,,unassessed,尚未逐条评估证据和适用范围,unassessed,unassessed
media.codec,编解码,api_surface,android,harmonyos,unknown,unreviewed,,,unassessed,尚未逐条评估证据和适用范围,unassessed,unassessed
media.codec,编解码,api_surface,android,ios,unknown,unreviewed,,,unassessed,尚未逐条评估证据和适用范围,unassessed,unassessed
media.codec,编解码,api_surface,harmonyos,ios,unknown,unreviewed,,,unassessed,尚未逐条评估证据和适用范围,unassessed,unassessed
media.codec.hardware,硬件编解码,availability,android,harmonyos,unknown,unreviewed,,,unassessed,尚未逐条评估证据和适用范围,unassessed,unassessed
media.codec.hardware,硬件编解码,availability,android,ios,unknown,unreviewed,,,unassessed,尚未逐条评估证据和适用范围,unassessed,unassessed
media.codec.hardware,硬件编解码,availability,harmonyos,ios,unknown,unreviewed,,,unassessed,尚未逐条评估证据和适用范围,unassessed,unassessed
media.codec.hardware,硬件编解码,programming_model,android,harmonyos,unknown,unreviewed,,,unassessed,尚未逐条评估证据和适用范围,unassessed,unassessed
media.codec.hardware,硬件编解码,programming_model,android,ios,unknown,unreviewed,,,unassessed,尚未逐条评估证据和适用范围,unassessed,unassessed
media.codec.hardware,硬件编解码,programming_model,harmonyos,ios,unknown,unreviewed,,,unassessed,尚未逐条评估证据和适用范围,unassessed,unassessed
media.codec.hardware,硬件编解码,lifecycle_background,android,harmonyos,unknown,unreviewed,,,unassessed,尚未逐条评估证据和适用范围,unassessed,unassessed
media.codec.hardware,硬件编解码,lifecycle_background,android,ios,unknown,unreviewed,,,unassessed,尚未逐条评估证据和适用范围,unassessed,unassessed
media.codec.hardware,硬件编解码,lifecycle_background,harmonyos,ios,unknown,unreviewed,,,unassessed,尚未逐条评估证据和适用范围,unassessed,unassessed
media.codec.hardware,硬件编解码,permissions_privacy,android,harmonyos,unknown,unreviewed,,,unassessed,尚未逐条评估证据和适用范围,unassessed,unassessed
media.codec.hardware,硬件编解码,permissions_privacy,android,ios,unknown,unreviewed,,,unassessed,尚未逐条评估证据和适用范围,unassessed,unassessed
media.codec.hardware,硬件编解码,permissions_privacy,harmonyos,ios,unknown,unreviewed,,,unassessed,尚未逐条评估证据和适用范围,unassessed,unassessed
media.codec.hardware,硬件编解码,limits_precision,android,harmonyos,unknown,unreviewed,,,unassessed,尚未逐条评估证据和适用范围,unassessed,unassessed
media.codec.hardware,硬件编解码,limits_precision,android,ios,unknown,unreviewed,,,unassessed,尚未逐条评估证据和适用范围,unassessed,unassessed
media.codec.hardware,硬件编解码,limits_precision,harmonyos,ios,unknown,unreviewed,,,unassessed,尚未逐条评估证据和适用范围,unassessed,unassessed
media.codec.hardware,硬件编解码,device_forms,android,harmonyos,unknown,unreviewed,,,unassessed,尚未逐条评估证据和适用范围,unassessed,unassessed
media.codec.hardware,硬件编解码,device_forms,android,ios,unknown,unreviewed,,,unassessed,尚未逐条评估证据和适用范围,unassessed,unassessed
media.codec.hardware,硬件编解码,device_forms,harmonyos,ios,unknown,unreviewed,,,unassessed,尚未逐条评估证据和适用范围,unassessed,unassessed
media.codec.hardware,硬件编解码,api_surface,android,harmonyos,unknown,unreviewed,,,unassessed,尚未逐条评估证据和适用范围,unassessed,unassessed
media.codec.hardware,硬件编解码,api_surface,android,ios,unknown,unreviewed,,,unassessed,尚未逐条评估证据和适用范围,unassessed,unassessed
media.codec.hardware,硬件编解码,api_surface,harmonyos,ios,unknown,unreviewed,,,unassessed,尚未逐条评估证据和适用范围,unassessed,unassessed
media.library,媒体库,availability,android,harmonyos,unknown,unreviewed,,,unassessed,尚未逐条评估证据和适用范围,unassessed,unassessed
media.library,媒体库,availability,android,ios,unknown,unreviewed,,,unassessed,尚未逐条评估证据和适用范围,unassessed,unassessed
media.library,媒体库,availability,harmonyos,ios,unknown,unreviewed,,,unassessed,尚未逐条评估证据和适用范围,unassessed,unassessed
media.library,媒体库,programming_model,android,harmonyos,unknown,unreviewed,,,unassessed,尚未逐条评估证据和适用范围,unassessed,unassessed
media.library,媒体库,programming_model,android,ios,unknown,unreviewed,,,unassessed,尚未逐条评估证据和适用范围,unassessed,unassessed
media.library,媒体库,programming_model,harmonyos,ios,unknown,unreviewed,,,unassessed,尚未逐条评估证据和适用范围,unassessed,unassessed
media.library,媒体库,lifecycle_background,android,harmonyos,unknown,unreviewed,,,unassessed,尚未逐条评估证据和适用范围,unassessed,unassessed
media.library,媒体库,lifecycle_background,android,ios,unknown,unreviewed,,,unassessed,尚未逐条评估证据和适用范围,unassessed,unassessed
media.library,媒体库,lifecycle_background,harmonyos,ios,unknown,unreviewed,,,unassessed,尚未逐条评估证据和适用范围,unassessed,unassessed
media.library,媒体库,permissions_privacy,android,harmonyos,unknown,unreviewed,,,unassessed,尚未逐条评估证据和适用范围,unassessed,unassessed
media.library,媒体库,permissions_privacy,android,ios,unknown,unreviewed,,,unassessed,尚未逐条评估证据和适用范围,unassessed,unassessed
media.library,媒体库,permissions_privacy,harmonyos,ios,unknown,unreviewed,,,unassessed,尚未逐条评估证据和适用范围,unassessed,unassessed
media.library,媒体库,limits_precision,android,harmonyos,unknown,unreviewed,,,unassessed,尚未逐条评估证据和适用范围,unassessed,unassessed
media.library,媒体库,limits_precision,android,ios,unknown,unreviewed,,,unassessed,尚未逐条评估证据和适用范围,unassessed,unassessed
media.library,媒体库,limits_precision,harmonyos,ios,unknown,unreviewed,,,unassessed,尚未逐条评估证据和适用范围,unassessed,unassessed
media.library,媒体库,device_forms,android,harmonyos,unknown,unreviewed,,,unassessed,尚未逐条评估证据和适用范围,unassessed,unassessed
media.library,媒体库,device_forms,android,ios,unknown,unreviewed,,,unassessed,尚未逐条评估证据和适用范围,unassessed,unassessed
media.library,媒体库,device_forms,harmonyos,ios,unknown,unreviewed,,,unassessed,尚未逐条评估证据和适用范围,unassessed,unassessed
media.library,媒体库,api_surface,android,harmonyos,unknown,unreviewed,,,unassessed,尚未逐条评估证据和适用范围,unassessed,unassessed
media.library,媒体库,api_surface,android,ios,unknown,unreviewed,,,unassessed,尚未逐条评估证据和适用范围,unassessed,unassessed
media.library,媒体库,api_surface,harmonyos,ios,unknown,unreviewed,,,unassessed,尚未逐条评估证据和适用范围,unassessed,unassessed
media.library.picker,系统媒体选择器,availability,android,harmonyos,unknown,unreviewed,,,unassessed,尚未逐条评估证据和适用范围,unassessed,unassessed
media.library.picker,系统媒体选择器,availability,android,ios,unknown,unreviewed,,,unassessed,尚未逐条评估证据和适用范围,unassessed,unassessed
media.library.picker,系统媒体选择器,availability,harmonyos,ios,unknown,unreviewed,,,unassessed,尚未逐条评估证据和适用范围,unassessed,unassessed
media.library.picker,系统媒体选择器,programming_model,android,harmonyos,unknown,unreviewed,,,unassessed,尚未逐条评估证据和适用范围,unassessed,unassessed
media.library.picker,系统媒体选择器,programming_model,android,ios,unknown,unreviewed,,,unassessed,尚未逐条评估证据和适用范围,unassessed,unassessed
media.library.picker,系统媒体选择器,programming_model,harmonyos,ios,unknown,unreviewed,,,unassessed,尚未逐条评估证据和适用范围,unassessed,unassessed
media.library.picker,系统媒体选择器,lifecycle_background,android,harmonyos,unknown,unreviewed,,,unassessed,尚未逐条评估证据和适用范围,unassessed,unassessed
media.library.picker,系统媒体选择器,lifecycle_background,android,ios,unknown,unreviewed,,,unassessed,尚未逐条评估证据和适用范围,unassessed,unassessed
media.library.picker,系统媒体选择器,lifecycle_background,harmonyos,ios,unknown,unreviewed,,,unassessed,尚未逐条评估证据和适用范围,unassessed,unassessed
media.library.picker,系统媒体选择器,permissions_privacy,android,harmonyos,unknown,unreviewed,,,unassessed,尚未逐条评估证据和适用范围,unassessed,unassessed
media.library.picker,系统媒体选择器,permissions_privacy,android,ios,unknown,unreviewed,,,unassessed,尚未逐条评估证据和适用范围,unassessed,unassessed
media.library.picker,系统媒体选择器,permissions_privacy,harmonyos,ios,unknown,unreviewed,,,unassessed,尚未逐条评估证据和适用范围,unassessed,unassessed
media.library.picker,系统媒体选择器,limits_precision,android,harmonyos,unknown,unreviewed,,,unassessed,尚未逐条评估证据和适用范围,unassessed,unassessed
media.library.picker,系统媒体选择器,limits_precision,android,ios,unknown,unreviewed,,,unassessed,尚未逐条评估证据和适用范围,unassessed,unassessed
media.library.picker,系统媒体选择器,limits_precision,harmonyos,ios,unknown,unreviewed,,,unassessed,尚未逐条评估证据和适用范围,unassessed,unassessed
media.library.picker,系统媒体选择器,device_forms,android,harmonyos,unknown,unreviewed,,,unassessed,尚未逐条评估证据和适用范围,unassessed,unassessed
media.library.picker,系统媒体选择器,device_forms,android,ios,unknown,unreviewed,,,unassessed,尚未逐条评估证据和适用范围,unassessed,unassessed
media.library.picker,系统媒体选择器,device_forms,harmonyos,ios,unknown,unreviewed,,,unassessed,尚未逐条评估证据和适用范围,unassessed,unassessed
media.library.picker,系统媒体选择器,api_surface,android,harmonyos,unknown,unreviewed,,,unassessed,尚未逐条评估证据和适用范围,unassessed,unassessed
media.library.picker,系统媒体选择器,api_surface,android,ios,unknown,unreviewed,,,unassessed,尚未逐条评估证据和适用范围,unassessed,unassessed
media.library.picker,系统媒体选择器,api_surface,harmonyos,ios,unknown,unreviewed,,,unassessed,尚未逐条评估证据和适用范围,unassessed,unassessed
media.playback,媒体播放,availability,android,harmonyos,unknown,unreviewed,,,unassessed,尚未逐条评估证据和适用范围,unassessed,unassessed
media.playback,媒体播放,availability,android,ios,unknown,unreviewed,,,unassessed,尚未逐条评估证据和适用范围,unassessed,unassessed
media.playback,媒体播放,availability,harmonyos,ios,unknown,unreviewed,,,unassessed,尚未逐条评估证据和适用范围,unassessed,unassessed
media.playback,媒体播放,programming_model,android,harmonyos,unknown,unreviewed,,,unassessed,尚未逐条评估证据和适用范围,unassessed,unassessed
media.playback,媒体播放,programming_model,android,ios,unknown,unreviewed,,,unassessed,尚未逐条评估证据和适用范围,unassessed,unassessed
media.playback,媒体播放,programming_model,harmonyos,ios,unknown,unreviewed,,,unassessed,尚未逐条评估证据和适用范围,unassessed,unassessed
media.playback,媒体播放,lifecycle_background,android,harmonyos,unknown,unreviewed,,,unassessed,尚未逐条评估证据和适用范围,unassessed,unassessed
media.playback,媒体播放,lifecycle_background,android,ios,unknown,unreviewed,,,unassessed,尚未逐条评估证据和适用范围,unassessed,unassessed
media.playback,媒体播放,lifecycle_background,harmonyos,ios,unknown,unreviewed,,,unassessed,尚未逐条评估证据和适用范围,unassessed,unassessed
media.playback,媒体播放,permissions_privacy,android,harmonyos,unknown,unreviewed,,,unassessed,尚未逐条评估证据和适用范围,unassessed,unassessed
media.playback,媒体播放,permissions_privacy,android,ios,unknown,unreviewed,,,unassessed,尚未逐条评估证据和适用范围,unassessed,unassessed
media.playback,媒体播放,permissions_privacy,harmonyos,ios,unknown,unreviewed,,,unassessed,尚未逐条评估证据和适用范围,unassessed,unassessed
media.playback,媒体播放,limits_precision,android,harmonyos,unknown,unreviewed,,,unassessed,尚未逐条评估证据和适用范围,unassessed,unassessed
media.playback,媒体播放,limits_precision,android,ios,unknown,unreviewed,,,unassessed,尚未逐条评估证据和适用范围,unassessed,unassessed
media.playback,媒体播放,limits_precision,harmonyos,ios,unknown,unreviewed,,,unassessed,尚未逐条评估证据和适用范围,unassessed,unassessed
media.playback,媒体播放,device_forms,android,harmonyos,unknown,unreviewed,,,unassessed,尚未逐条评估证据和适用范围,unassessed,unassessed
media.playback,媒体播放,device_forms,android,ios,unknown,unreviewed,,,unassessed,尚未逐条评估证据和适用范围,unassessed,unassessed
media.playback,媒体播放,device_forms,harmonyos,ios,unknown,unreviewed,,,unassessed,尚未逐条评估证据和适用范围,unassessed,unassessed
media.playback,媒体播放,api_surface,android,harmonyos,unknown,unreviewed,,,unassessed,尚未逐条评估证据和适用范围,unassessed,unassessed
media.playback,媒体播放,api_surface,android,ios,unknown,unreviewed,,,unassessed,尚未逐条评估证据和适用范围,unassessed,unassessed
media.playback,媒体播放,api_surface,harmonyos,ios,unknown,unreviewed,,,unassessed,尚未逐条评估证据和适用范围,unassessed,unassessed
media.playback.audio,音频播放,availability,android,harmonyos,unknown,unreviewed,,,unassessed,尚未逐条评估证据和适用范围,unassessed,unassessed
media.playback.audio,音频播放,availability,android,ios,unknown,unreviewed,,,unassessed,尚未逐条评估证据和适用范围,unassessed,unassessed
media.playback.audio,音频播放,availability,harmonyos,ios,unknown,unreviewed,,,unassessed,尚未逐条评估证据和适用范围,unassessed,unassessed
media.playback.audio,音频播放,programming_model,android,harmonyos,unknown,unreviewed,,,unassessed,尚未逐条评估证据和适用范围,unassessed,unassessed
media.playback.audio,音频播放,programming_model,android,ios,unknown,unreviewed,,,unassessed,尚未逐条评估证据和适用范围,unassessed,unassessed
media.playback.audio,音频播放,programming_model,harmonyos,ios,unknown,unreviewed,,,unassessed,尚未逐条评估证据和适用范围,unassessed,unassessed
media.playback.audio,音频播放,lifecycle_background,android,harmonyos,unknown,unreviewed,,,unassessed,尚未逐条评估证据和适用范围,unassessed,unassessed
media.playback.audio,音频播放,lifecycle_background,android,ios,unknown,unreviewed,,,unassessed,尚未逐条评估证据和适用范围,unassessed,unassessed
media.playback.audio,音频播放,lifecycle_background,harmonyos,ios,unknown,unreviewed,,,unassessed,尚未逐条评估证据和适用范围,unassessed,unassessed
media.playback.audio,音频播放,permissions_privacy,android,harmonyos,unknown,unreviewed,,,unassessed,尚未逐条评估证据和适用范围,unassessed,unassessed
media.playback.audio,音频播放,permissions_privacy,android,ios,unknown,unreviewed,,,unassessed,尚未逐条评估证据和适用范围,unassessed,unassessed
media.playback.audio,音频播放,permissions_privacy,harmonyos,ios,unknown,unreviewed,,,unassessed,尚未逐条评估证据和适用范围,unassessed,unassessed
media.playback.audio,音频播放,limits_precision,android,harmonyos,unknown,unreviewed,,,unassessed,尚未逐条评估证据和适用范围,unassessed,unassessed
media.playback.audio,音频播放,limits_precision,android,ios,unknown,unreviewed,,,unassessed,尚未逐条评估证据和适用范围,unassessed,unassessed
media.playback.audio,音频播放,limits_precision,harmonyos,ios,unknown,unreviewed,,,unassessed,尚未逐条评估证据和适用范围,unassessed,unassessed
media.playback.audio,音频播放,device_forms,android,harmonyos,unknown,unreviewed,,,unassessed,尚未逐条评估证据和适用范围,unassessed,unassessed
media.playback.audio,音频播放,device_forms,android,ios,unknown,unreviewed,,,unassessed,尚未逐条评估证据和适用范围,unassessed,unassessed
media.playback.audio,音频播放,device_forms,harmonyos,ios,unknown,unreviewed,,,unassessed,尚未逐条评估证据和适用范围,unassessed,unassessed
media.playback.audio,音频播放,api_surface,android,harmonyos,unknown,unreviewed,,,unassessed,尚未逐条评估证据和适用范围,unassessed,unassessed
media.playback.audio,音频播放,api_surface,android,ios,unknown,unreviewed,,,unassessed,尚未逐条评估证据和适用范围,unassessed,unassessed
media.playback.audio,音频播放,api_surface,harmonyos,ios,unknown,unreviewed,,,unassessed,尚未逐条评估证据和适用范围,unassessed,unassessed
media.playback.video,视频播放,availability,android,harmonyos,unknown,unreviewed,,,unassessed,尚未逐条评估证据和适用范围,unassessed,unassessed
media.playback.video,视频播放,availability,android,ios,unknown,unreviewed,,,unassessed,尚未逐条评估证据和适用范围,unassessed,unassessed
media.playback.video,视频播放,availability,harmonyos,ios,unknown,unreviewed,,,unassessed,尚未逐条评估证据和适用范围,unassessed,unassessed
media.playback.video,视频播放,programming_model,android,harmonyos,unknown,unreviewed,,,unassessed,尚未逐条评估证据和适用范围,unassessed,unassessed
media.playback.video,视频播放,programming_model,android,ios,unknown,unreviewed,,,unassessed,尚未逐条评估证据和适用范围,unassessed,unassessed
media.playback.video,视频播放,programming_model,harmonyos,ios,unknown,unreviewed,,,unassessed,尚未逐条评估证据和适用范围,unassessed,unassessed
media.playback.video,视频播放,lifecycle_background,android,harmonyos,unknown,unreviewed,,,unassessed,尚未逐条评估证据和适用范围,unassessed,unassessed
media.playback.video,视频播放,lifecycle_background,android,ios,unknown,unreviewed,,,unassessed,尚未逐条评估证据和适用范围,unassessed,unassessed
media.playback.video,视频播放,lifecycle_background,harmonyos,ios,unknown,unreviewed,,,unassessed,尚未逐条评估证据和适用范围,unassessed,unassessed
media.playback.video,视频播放,permissions_privacy,android,harmonyos,unknown,unreviewed,,,unassessed,尚未逐条评估证据和适用范围,unassessed,unassessed
media.playback.video,视频播放,permissions_privacy,android,ios,unknown,unreviewed,,,unassessed,尚未逐条评估证据和适用范围,unassessed,unassessed
media.playback.video,视频播放,permissions_privacy,harmonyos,ios,unknown,unreviewed,,,unassessed,尚未逐条评估证据和适用范围,unassessed,unassessed
media.playback.video,视频播放,limits_precision,android,harmonyos,unknown,unreviewed,,,unassessed,尚未逐条评估证据和适用范围,unassessed,unassessed
media.playback.video,视频播放,limits_precision,android,ios,unknown,unreviewed,,,unassessed,尚未逐条评估证据和适用范围,unassessed,unassessed
media.playback.video,视频播放,limits_precision,harmonyos,ios,unknown,unreviewed,,,unassessed,尚未逐条评估证据和适用范围,unassessed,unassessed
media.playback.video,视频播放,device_forms,android,harmonyos,unknown,unreviewed,,,unassessed,尚未逐条评估证据和适用范围,unassessed,unassessed
media.playback.video,视频播放,device_forms,android,ios,unknown,unreviewed,,,unassessed,尚未逐条评估证据和适用范围,unassessed,unassessed
media.playback.video,视频播放,device_forms,harmonyos,ios,unknown,unreviewed,,,unassessed,尚未逐条评估证据和适用范围,unassessed,unassessed
media.playback.video,视频播放,api_surface,android,harmonyos,unknown,unreviewed,,,unassessed,尚未逐条评估证据和适用范围,unassessed,unassessed
media.playback.video,视频播放,api_surface,android,ios,unknown,unreviewed,,,unassessed,尚未逐条评估证据和适用范围,unassessed,unassessed
media.playback.video,视频播放,api_surface,harmonyos,ios,unknown,unreviewed,,,unassessed,尚未逐条评估证据和适用范围,unassessed,unassessed
network,网络,availability,android,harmonyos,unknown,unreviewed,,,unassessed,尚未逐条评估证据和适用范围,unassessed,unassessed
network,网络,availability,android,ios,unknown,unreviewed,,,unassessed,尚未逐条评估证据和适用范围,unassessed,unassessed
network,网络,availability,harmonyos,ios,unknown,unreviewed,,,unassessed,尚未逐条评估证据和适用范围,unassessed,unassessed
network,网络,programming_model,android,harmonyos,unknown,unreviewed,,,unassessed,尚未逐条评估证据和适用范围,unassessed,unassessed
network,网络,programming_model,android,ios,unknown,unreviewed,,,unassessed,尚未逐条评估证据和适用范围,unassessed,unassessed
network,网络,programming_model,harmonyos,ios,unknown,unreviewed,,,unassessed,尚未逐条评估证据和适用范围,unassessed,unassessed
network,网络,lifecycle_background,android,harmonyos,unknown,unreviewed,,,unassessed,尚未逐条评估证据和适用范围,unassessed,unassessed
network,网络,lifecycle_background,android,ios,unknown,unreviewed,,,unassessed,尚未逐条评估证据和适用范围,unassessed,unassessed
network,网络,lifecycle_background,harmonyos,ios,unknown,unreviewed,,,unassessed,尚未逐条评估证据和适用范围,unassessed,unassessed
network,网络,permissions_privacy,android,harmonyos,unknown,unreviewed,,,unassessed,尚未逐条评估证据和适用范围,unassessed,unassessed
network,网络,permissions_privacy,android,ios,unknown,unreviewed,,,unassessed,尚未逐条评估证据和适用范围,unassessed,unassessed
network,网络,permissions_privacy,harmonyos,ios,unknown,unreviewed,,,unassessed,尚未逐条评估证据和适用范围,unassessed,unassessed
network,网络,limits_precision,android,harmonyos,unknown,unreviewed,,,unassessed,尚未逐条评估证据和适用范围,unassessed,unassessed
network,网络,limits_precision,android,ios,unknown,unreviewed,,,unassessed,尚未逐条评估证据和适用范围,unassessed,unassessed
network,网络,limits_precision,harmonyos,ios,unknown,unreviewed,,,unassessed,尚未逐条评估证据和适用范围,unassessed,unassessed
network,网络,device_forms,android,harmonyos,unknown,unreviewed,,,unassessed,尚未逐条评估证据和适用范围,unassessed,unassessed
network,网络,device_forms,android,ios,unknown,unreviewed,,,unassessed,尚未逐条评估证据和适用范围,unassessed,unassessed
network,网络,device_forms,harmonyos,ios,unknown,unreviewed,,,unassessed,尚未逐条评估证据和适用范围,unassessed,unassessed
network,网络,api_surface,android,harmonyos,unknown,unreviewed,,,unassessed,尚未逐条评估证据和适用范围,unassessed,unassessed
network,网络,api_surface,android,ios,unknown,unreviewed,,,unassessed,尚未逐条评估证据和适用范围,unassessed,unassessed
network,网络,api_surface,harmonyos,ios,unknown,unreviewed,,,unassessed,尚未逐条评估证据和适用范围,unassessed,unassessed
network.hotspot,热点与网络共享,availability,android,harmonyos,unknown,unreviewed,,,unassessed,尚未逐条评估证据和适用范围,unassessed,unassessed
network.hotspot,热点与网络共享,availability,android,ios,unknown,unreviewed,,,unassessed,尚未逐条评估证据和适用范围,unassessed,unassessed
network.hotspot,热点与网络共享,availability,harmonyos,ios,unknown,unreviewed,,,unassessed,尚未逐条评估证据和适用范围,unassessed,unassessed
network.hotspot,热点与网络共享,programming_model,android,harmonyos,unknown,unreviewed,,,unassessed,尚未逐条评估证据和适用范围,unassessed,unassessed
network.hotspot,热点与网络共享,programming_model,android,ios,unknown,unreviewed,,,unassessed,尚未逐条评估证据和适用范围,unassessed,unassessed
network.hotspot,热点与网络共享,programming_model,harmonyos,ios,unknown,unreviewed,,,unassessed,尚未逐条评估证据和适用范围,unassessed,unassessed
network.hotspot,热点与网络共享,lifecycle_background,android,harmonyos,unknown,unreviewed,,,unassessed,尚未逐条评估证据和适用范围,unassessed,unassessed
network.hotspot,热点与网络共享,lifecycle_background,android,ios,unknown,unreviewed,,,unassessed,尚未逐条评估证据和适用范围,unassessed,unassessed
network.hotspot,热点与网络共享,lifecycle_background,harmonyos,ios,unknown,unreviewed,,,unassessed,尚未逐条评估证据和适用范围,unassessed,unassessed
network.hotspot,热点与网络共享,permissions_privacy,android,harmonyos,unknown,unreviewed,,,unassessed,尚未逐条评估证据和适用范围,unassessed,unassessed
network.hotspot,热点与网络共享,permissions_privacy,android,ios,unknown,unreviewed,,,unassessed,尚未逐条评估证据和适用范围,unassessed,unassessed
network.hotspot,热点与网络共享,permissions_privacy,harmonyos,ios,unknown,unreviewed,,,unassessed,尚未逐条评估证据和适用范围,unassessed,unassessed
network.hotspot,热点与网络共享,limits_precision,android,harmonyos,unknown,unreviewed,,,unassessed,尚未逐条评估证据和适用范围,unassessed,unassessed
network.hotspot,热点与网络共享,limits_precision,android,ios,unknown,unreviewed,,,unassessed,尚未逐条评估证据和适用范围,unassessed,unassessed
network.hotspot,热点与网络共享,limits_precision,harmonyos,ios,unknown,unreviewed,,,unassessed,尚未逐条评估证据和适用范围,unassessed,unassessed
network.hotspot,热点与网络共享,device_forms,android,harmonyos,unknown,unreviewed,,,unassessed,尚未逐条评估证据和适用范围,unassessed,unassessed
network.hotspot,热点与网络共享,device_forms,android,ios,unknown,unreviewed,,,unassessed,尚未逐条评估证据和适用范围,unassessed,unassessed
network.hotspot,热点与网络共享,device_forms,harmonyos,ios,unknown,unreviewed,,,unassessed,尚未逐条评估证据和适用范围,unassessed,unassessed
network.hotspot,热点与网络共享,api_surface,android,harmonyos,unknown,unreviewed,,,unassessed,尚未逐条评估证据和适用范围,unassessed,unassessed
network.hotspot,热点与网络共享,api_surface,android,ios,unknown,unreviewed,,,unassessed,尚未逐条评估证据和适用范围,unassessed,unassessed
network.hotspot,热点与网络共享,api_surface,harmonyos,ios,unknown,unreviewed,,,unassessed,尚未逐条评估证据和适用范围,unassessed,unassessed
network.hotspot.local,本地热点,availability,android,harmonyos,unknown,unreviewed,,,unassessed,尚未逐条评估证据和适用范围,unassessed,unassessed
network.hotspot.local,本地热点,availability,android,ios,unknown,unreviewed,,,unassessed,尚未逐条评估证据和适用范围,unassessed,unassessed
network.hotspot.local,本地热点,availability,harmonyos,ios,unknown,unreviewed,,,unassessed,尚未逐条评估证据和适用范围,unassessed,unassessed
network.hotspot.local,本地热点,programming_model,android,harmonyos,unknown,unreviewed,,,unassessed,尚未逐条评估证据和适用范围,unassessed,unassessed
network.hotspot.local,本地热点,programming_model,android,ios,unknown,unreviewed,,,unassessed,尚未逐条评估证据和适用范围,unassessed,unassessed
network.hotspot.local,本地热点,programming_model,harmonyos,ios,unknown,unreviewed,,,unassessed,尚未逐条评估证据和适用范围,unassessed,unassessed
network.hotspot.local,本地热点,lifecycle_background,android,harmonyos,unknown,unreviewed,,,unassessed,尚未逐条评估证据和适用范围,unassessed,unassessed
network.hotspot.local,本地热点,lifecycle_background,android,ios,unknown,unreviewed,,,unassessed,尚未逐条评估证据和适用范围,unassessed,unassessed
network.hotspot.local,本地热点,lifecycle_background,harmonyos,ios,unknown,unreviewed,,,unassessed,尚未逐条评估证据和适用范围,unassessed,unassessed
network.hotspot.local,本地热点,permissions_privacy,android,harmonyos,unknown,unreviewed,,,unassessed,尚未逐条评估证据和适用范围,unassessed,unassessed
network.hotspot.local,本地热点,permissions_privacy,android,ios,unknown,unreviewed,,,unassessed,尚未逐条评估证据和适用范围,unassessed,unassessed
network.hotspot.local,本地热点,permissions_privacy,harmonyos,ios,unknown,unreviewed,,,unassessed,尚未逐条评估证据和适用范围,unassessed,unassessed
network.hotspot.local,本地热点,limits_precision,android,harmonyos,unknown,unreviewed,,,unassessed,尚未逐条评估证据和适用范围,unassessed,unassessed
network.hotspot.local,本地热点,limits_precision,android,ios,unknown,unreviewed,,,unassessed,尚未逐条评估证据和适用范围,unassessed,unassessed
network.hotspot.local,本地热点,limits_precision,harmonyos,ios,unknown,unreviewed,,,unassessed,尚未逐条评估证据和适用范围,unassessed,unassessed
network.hotspot.local,本地热点,device_forms,android,harmonyos,unknown,unreviewed,,,unassessed,尚未逐条评估证据和适用范围,unassessed,unassessed
network.hotspot.local,本地热点,device_forms,android,ios,unknown,unreviewed,,,unassessed,尚未逐条评估证据和适用范围,unassessed,unassessed
network.hotspot.local,本地热点,device_forms,harmonyos,ios,unknown,unreviewed,,,unassessed,尚未逐条评估证据和适用范围,unassessed,unassessed
network.hotspot.local,本地热点,api_surface,android,harmonyos,unknown,unreviewed,,,unassessed,尚未逐条评估证据和适用范围,unassessed,unassessed
network.hotspot.local,本地热点,api_surface,android,ios,unknown,unreviewed,,,unassessed,尚未逐条评估证据和适用范围,unassessed,unassessed
network.hotspot.local,本地热点,api_surface,harmonyos,ios,unknown,unreviewed,,,unassessed,尚未逐条评估证据和适用范围,unassessed,unassessed
network.http,HTTP客户端,availability,android,harmonyos,unknown,unreviewed,,,unassessed,尚未逐条评估证据和适用范围,unassessed,unassessed
network.http,HTTP客户端,availability,android,ios,unknown,unreviewed,,,unassessed,尚未逐条评估证据和适用范围,unassessed,unassessed
network.http,HTTP客户端,availability,harmonyos,ios,unknown,unreviewed,,,unassessed,尚未逐条评估证据和适用范围,unassessed,unassessed
network.http,HTTP客户端,programming_model,android,harmonyos,unknown,unreviewed,,,unassessed,尚未逐条评估证据和适用范围,unassessed,unassessed
network.http,HTTP客户端,programming_model,android,ios,unknown,unreviewed,,,unassessed,尚未逐条评估证据和适用范围,unassessed,unassessed
network.http,HTTP客户端,programming_model,harmonyos,ios,unknown,unreviewed,,,unassessed,尚未逐条评估证据和适用范围,unassessed,unassessed
network.http,HTTP客户端,lifecycle_background,android,harmonyos,unknown,unreviewed,,,unassessed,尚未逐条评估证据和适用范围,unassessed,unassessed
network.http,HTTP客户端,lifecycle_background,android,ios,unknown,unreviewed,,,unassessed,尚未逐条评估证据和适用范围,unassessed,unassessed
network.http,HTTP客户端,lifecycle_background,harmonyos,ios,unknown,unreviewed,,,unassessed,尚未逐条评估证据和适用范围,unassessed,unassessed
network.http,HTTP客户端,permissions_privacy,android,harmonyos,unknown,unreviewed,,,unassessed,尚未逐条评估证据和适用范围,unassessed,unassessed
network.http,HTTP客户端,permissions_privacy,android,ios,unknown,unreviewed,,,unassessed,尚未逐条评估证据和适用范围,unassessed,unassessed
network.http,HTTP客户端,permissions_privacy,harmonyos,ios,unknown,unreviewed,,,unassessed,尚未逐条评估证据和适用范围,unassessed,unassessed
network.http,HTTP客户端,limits_precision,android,harmonyos,unknown,unreviewed,,,unassessed,尚未逐条评估证据和适用范围,unassessed,unassessed
network.http,HTTP客户端,limits_precision,android,ios,unknown,unreviewed,,,unassessed,尚未逐条评估证据和适用范围,unassessed,unassessed
network.http,HTTP客户端,limits_precision,harmonyos,ios,unknown,unreviewed,,,unassessed,尚未逐条评估证据和适用范围,unassessed,unassessed
network.http,HTTP客户端,device_forms,android,harmonyos,unknown,unreviewed,,,unassessed,尚未逐条评估证据和适用范围,unassessed,unassessed
network.http,HTTP客户端,device_forms,android,ios,unknown,unreviewed,,,unassessed,尚未逐条评估证据和适用范围,unassessed,unassessed
network.http,HTTP客户端,device_forms,harmonyos,ios,unknown,unreviewed,,,unassessed,尚未逐条评估证据和适用范围,unassessed,unassessed
network.http,HTTP客户端,api_surface,android,harmonyos,unknown,unreviewed,,,unassessed,尚未逐条评估证据和适用范围,unassessed,unassessed
network.http,HTTP客户端,api_surface,android,ios,unknown,unreviewed,,,unassessed,尚未逐条评估证据和适用范围,unassessed,unassessed
network.http,HTTP客户端,api_surface,harmonyos,ios,unknown,unreviewed,,,unassessed,尚未逐条评估证据和适用范围,unassessed,unassessed
network.http.client,HTTP请求,availability,android,harmonyos,unknown,unreviewed,,,unassessed,尚未逐条评估证据和适用范围,unassessed,unassessed
network.http.client,HTTP请求,availability,android,ios,unknown,unreviewed,,,unassessed,尚未逐条评估证据和适用范围,unassessed,unassessed
network.http.client,HTTP请求,availability,harmonyos,ios,unknown,unreviewed,,,unassessed,尚未逐条评估证据和适用范围,unassessed,unassessed
network.http.client,HTTP请求,programming_model,android,harmonyos,unknown,unreviewed,,,unassessed,尚未逐条评估证据和适用范围,unassessed,unassessed
network.http.client,HTTP请求,programming_model,android,ios,unknown,unreviewed,,,unassessed,尚未逐条评估证据和适用范围,unassessed,unassessed
network.http.client,HTTP请求,programming_model,harmonyos,ios,unknown,unreviewed,,,unassessed,尚未逐条评估证据和适用范围,unassessed,unassessed
network.http.client,HTTP请求,lifecycle_background,android,harmonyos,unknown,unreviewed,,,unassessed,尚未逐条评估证据和适用范围,unassessed,unassessed
network.http.client,HTTP请求,lifecycle_background,android,ios,unknown,unreviewed,,,unassessed,尚未逐条评估证据和适用范围,unassessed,unassessed
network.http.client,HTTP请求,lifecycle_background,harmonyos,ios,unknown,unreviewed,,,unassessed,尚未逐条评估证据和适用范围,unassessed,unassessed
network.http.client,HTTP请求,permissions_privacy,android,harmonyos,unknown,unreviewed,,,unassessed,尚未逐条评估证据和适用范围,unassessed,unassessed
network.http.client,HTTP请求,permissions_privacy,android,ios,unknown,unreviewed,,,unassessed,尚未逐条评估证据和适用范围,unassessed,unassessed
network.http.client,HTTP请求,permissions_privacy,harmonyos,ios,unknown,unreviewed,,,unassessed,尚未逐条评估证据和适用范围,unassessed,unassessed
network.http.client,HTTP请求,limits_precision,android,harmonyos,unknown,unreviewed,,,unassessed,尚未逐条评估证据和适用范围,unassessed,unassessed
network.http.client,HTTP请求,limits_precision,android,ios,unknown,unreviewed,,,unassessed,尚未逐条评估证据和适用范围,unassessed,unassessed
network.http.client,HTTP请求,limits_precision,harmonyos,ios,unknown,unreviewed,,,unassessed,尚未逐条评估证据和适用范围,unassessed,unassessed
network.http.client,HTTP请求,device_forms,android,harmonyos,unknown,unreviewed,,,unassessed,尚未逐条评估证据和适用范围,unassessed,unassessed
network.http.client,HTTP请求,device_forms,android,ios,unknown,unreviewed,,,unassessed,尚未逐条评估证据和适用范围,unassessed,unassessed
network.http.client,HTTP请求,device_forms,harmonyos,ios,unknown,unreviewed,,,unassessed,尚未逐条评估证据和适用范围,unassessed,unassessed
network.http.client,HTTP请求,api_surface,android,harmonyos,unknown,unreviewed,,,unassessed,尚未逐条评估证据和适用范围,unassessed,unassessed
network.http.client,HTTP请求,api_surface,android,ios,unknown,unreviewed,,,unassessed,尚未逐条评估证据和适用范围,unassessed,unassessed
network.http.client,HTTP请求,api_surface,harmonyos,ios,unknown,unreviewed,,,unassessed,尚未逐条评估证据和适用范围,unassessed,unassessed
network.socket,套接字,availability,android,harmonyos,unknown,unreviewed,,,unassessed,尚未逐条评估证据和适用范围,unassessed,unassessed
network.socket,套接字,availability,android,ios,unknown,unreviewed,,,unassessed,尚未逐条评估证据和适用范围,unassessed,unassessed
network.socket,套接字,availability,harmonyos,ios,unknown,unreviewed,,,unassessed,尚未逐条评估证据和适用范围,unassessed,unassessed
network.socket,套接字,programming_model,android,harmonyos,unknown,unreviewed,,,unassessed,尚未逐条评估证据和适用范围,unassessed,unassessed
network.socket,套接字,programming_model,android,ios,unknown,unreviewed,,,unassessed,尚未逐条评估证据和适用范围,unassessed,unassessed
network.socket,套接字,programming_model,harmonyos,ios,unknown,unreviewed,,,unassessed,尚未逐条评估证据和适用范围,unassessed,unassessed
network.socket,套接字,lifecycle_background,android,harmonyos,unknown,unreviewed,,,unassessed,尚未逐条评估证据和适用范围,unassessed,unassessed
network.socket,套接字,lifecycle_background,android,ios,unknown,unreviewed,,,unassessed,尚未逐条评估证据和适用范围,unassessed,unassessed
network.socket,套接字,lifecycle_background,harmonyos,ios,unknown,unreviewed,,,unassessed,尚未逐条评估证据和适用范围,unassessed,unassessed
network.socket,套接字,permissions_privacy,android,harmonyos,unknown,unreviewed,,,unassessed,尚未逐条评估证据和适用范围,unassessed,unassessed
network.socket,套接字,permissions_privacy,android,ios,unknown,unreviewed,,,unassessed,尚未逐条评估证据和适用范围,unassessed,unassessed
network.socket,套接字,permissions_privacy,harmonyos,ios,unknown,unreviewed,,,unassessed,尚未逐条评估证据和适用范围,unassessed,unassessed
network.socket,套接字,limits_precision,android,harmonyos,unknown,unreviewed,,,unassessed,尚未逐条评估证据和适用范围,unassessed,unassessed
network.socket,套接字,limits_precision,android,ios,unknown,unreviewed,,,unassessed,尚未逐条评估证据和适用范围,unassessed,unassessed
network.socket,套接字,limits_precision,harmonyos,ios,unknown,unreviewed,,,unassessed,尚未逐条评估证据和适用范围,unassessed,unassessed
network.socket,套接字,device_forms,android,harmonyos,unknown,unreviewed,,,unassessed,尚未逐条评估证据和适用范围,unassessed,unassessed
network.socket,套接字,device_forms,android,ios,unknown,unreviewed,,,unassessed,尚未逐条评估证据和适用范围,unassessed,unassessed
network.socket,套接字,device_forms,harmonyos,ios,unknown,unreviewed,,,unassessed,尚未逐条评估证据和适用范围,unassessed,unassessed
network.socket,套接字,api_surface,android,harmonyos,unknown,unreviewed,,,unassessed,尚未逐条评估证据和适用范围,unassessed,unassessed
network.socket,套接字,api_surface,android,ios,unknown,unreviewed,,,unassessed,尚未逐条评估证据和适用范围,unassessed,unassessed
network.socket,套接字,api_surface,harmonyos,ios,unknown,unreviewed,,,unassessed,尚未逐条评估证据和适用范围,unassessed,unassessed
network.socket.tcp_udp,TCP与UDP,availability,android,harmonyos,unknown,unreviewed,,,unassessed,尚未逐条评估证据和适用范围,unassessed,unassessed
network.socket.tcp_udp,TCP与UDP,availability,android,ios,unknown,unreviewed,,,unassessed,尚未逐条评估证据和适用范围,unassessed,unassessed
network.socket.tcp_udp,TCP与UDP,availability,harmonyos,ios,unknown,unreviewed,,,unassessed,尚未逐条评估证据和适用范围,unassessed,unassessed
network.socket.tcp_udp,TCP与UDP,programming_model,android,harmonyos,unknown,unreviewed,,,unassessed,尚未逐条评估证据和适用范围,unassessed,unassessed
network.socket.tcp_udp,TCP与UDP,programming_model,android,ios,unknown,unreviewed,,,unassessed,尚未逐条评估证据和适用范围,unassessed,unassessed
network.socket.tcp_udp,TCP与UDP,programming_model,harmonyos,ios,unknown,unreviewed,,,unassessed,尚未逐条评估证据和适用范围,unassessed,unassessed
network.socket.tcp_udp,TCP与UDP,lifecycle_background,android,harmonyos,unknown,unreviewed,,,unassessed,尚未逐条评估证据和适用范围,unassessed,unassessed
network.socket.tcp_udp,TCP与UDP,lifecycle_background,android,ios,unknown,unreviewed,,,unassessed,尚未逐条评估证据和适用范围,unassessed,unassessed
network.socket.tcp_udp,TCP与UDP,lifecycle_background,harmonyos,ios,unknown,unreviewed,,,unassessed,尚未逐条评估证据和适用范围,unassessed,unassessed
network.socket.tcp_udp,TCP与UDP,permissions_privacy,android,harmonyos,unknown,unreviewed,,,unassessed,尚未逐条评估证据和适用范围,unassessed,unassessed
network.socket.tcp_udp,TCP与UDP,permissions_privacy,android,ios,unknown,unreviewed,,,unassessed,尚未逐条评估证据和适用范围,unassessed,unassessed
network.socket.tcp_udp,TCP与UDP,permissions_privacy,harmonyos,ios,unknown,unreviewed,,,unassessed,尚未逐条评估证据和适用范围,unassessed,unassessed
network.socket.tcp_udp,TCP与UDP,limits_precision,android,harmonyos,unknown,unreviewed,,,unassessed,尚未逐条评估证据和适用范围,unassessed,unassessed
network.socket.tcp_udp,TCP与UDP,limits_precision,android,ios,unknown,unreviewed,,,unassessed,尚未逐条评估证据和适用范围,unassessed,unassessed
network.socket.tcp_udp,TCP与UDP,limits_precision,harmonyos,ios,unknown,unreviewed,,,unassessed,尚未逐条评估证据和适用范围,unassessed,unassessed
network.socket.tcp_udp,TCP与UDP,device_forms,android,harmonyos,unknown,unreviewed,,,unassessed,尚未逐条评估证据和适用范围,unassessed,unassessed
network.socket.tcp_udp,TCP与UDP,device_forms,android,ios,unknown,unreviewed,,,unassessed,尚未逐条评估证据和适用范围,unassessed,unassessed
network.socket.tcp_udp,TCP与UDP,device_forms,harmonyos,ios,unknown,unreviewed,,,unassessed,尚未逐条评估证据和适用范围,unassessed,unassessed
network.socket.tcp_udp,TCP与UDP,api_surface,android,harmonyos,unknown,unreviewed,,,unassessed,尚未逐条评估证据和适用范围,unassessed,unassessed
network.socket.tcp_udp,TCP与UDP,api_surface,android,ios,unknown,unreviewed,,,unassessed,尚未逐条评估证据和适用范围,unassessed,unassessed
network.socket.tcp_udp,TCP与UDP,api_surface,harmonyos,ios,unknown,unreviewed,,,unassessed,尚未逐条评估证据和适用范围,unassessed,unassessed
network.vpn,VPN,availability,android,harmonyos,unknown,unreviewed,,,unassessed,尚未逐条评估证据和适用范围,unassessed,unassessed
network.vpn,VPN,availability,android,ios,unknown,unreviewed,,,unassessed,尚未逐条评估证据和适用范围,unassessed,unassessed
network.vpn,VPN,availability,harmonyos,ios,unknown,unreviewed,,,unassessed,尚未逐条评估证据和适用范围,unassessed,unassessed
network.vpn,VPN,programming_model,android,harmonyos,unknown,unreviewed,,,unassessed,尚未逐条评估证据和适用范围,unassessed,unassessed
network.vpn,VPN,programming_model,android,ios,unknown,unreviewed,,,unassessed,尚未逐条评估证据和适用范围,unassessed,unassessed
network.vpn,VPN,programming_model,harmonyos,ios,unknown,unreviewed,,,unassessed,尚未逐条评估证据和适用范围,unassessed,unassessed
network.vpn,VPN,lifecycle_background,android,harmonyos,unknown,unreviewed,,,unassessed,尚未逐条评估证据和适用范围,unassessed,unassessed
network.vpn,VPN,lifecycle_background,android,ios,unknown,unreviewed,,,unassessed,尚未逐条评估证据和适用范围,unassessed,unassessed
network.vpn,VPN,lifecycle_background,harmonyos,ios,unknown,unreviewed,,,unassessed,尚未逐条评估证据和适用范围,unassessed,unassessed
network.vpn,VPN,permissions_privacy,android,harmonyos,unknown,unreviewed,,,unassessed,尚未逐条评估证据和适用范围,unassessed,unassessed
network.vpn,VPN,permissions_privacy,android,ios,unknown,unreviewed,,,unassessed,尚未逐条评估证据和适用范围,unassessed,unassessed
network.vpn,VPN,permissions_privacy,harmonyos,ios,unknown,unreviewed,,,unassessed,尚未逐条评估证据和适用范围,unassessed,unassessed
network.vpn,VPN,limits_precision,android,harmonyos,unknown,unreviewed,,,unassessed,尚未逐条评估证据和适用范围,unassessed,unassessed
network.vpn,VPN,limits_precision,android,ios,unknown,unreviewed,,,unassessed,尚未逐条评估证据和适用范围,unassessed,unassessed
network.vpn,VPN,limits_precision,harmonyos,ios,unknown,unreviewed,,,unassessed,尚未逐条评估证据和适用范围,unassessed,unassessed
network.vpn,VPN,device_forms,android,harmonyos,unknown,unreviewed,,,unassessed,尚未逐条评估证据和适用范围,unassessed,unassessed
network.vpn,VPN,device_forms,android,ios,unknown,unreviewed,,,unassessed,尚未逐条评估证据和适用范围,unassessed,unassessed
network.vpn,VPN,device_forms,harmonyos,ios,unknown,unreviewed,,,unassessed,尚未逐条评估证据和适用范围,unassessed,unassessed
network.vpn,VPN,api_surface,android,harmonyos,unknown,unreviewed,,,unassessed,尚未逐条评估证据和适用范围,unassessed,unassessed
network.vpn,VPN,api_surface,android,ios,unknown,unreviewed,,,unassessed,尚未逐条评估证据和适用范围,unassessed,unassessed
network.vpn,VPN,api_surface,harmonyos,ios,unknown,unreviewed,,,unassessed,尚未逐条评估证据和适用范围,unassessed,unassessed
network.vpn.app_vpn,应用VPN扩展,availability,android,harmonyos,unknown,unreviewed,,,unassessed,尚未逐条评估证据和适用范围,unassessed,unassessed
network.vpn.app_vpn,应用VPN扩展,availability,android,ios,unknown,unreviewed,,,unassessed,尚未逐条评估证据和适用范围,unassessed,unassessed
network.vpn.app_vpn,应用VPN扩展,availability,harmonyos,ios,unknown,unreviewed,,,unassessed,尚未逐条评估证据和适用范围,unassessed,unassessed
network.vpn.app_vpn,应用VPN扩展,programming_model,android,harmonyos,unknown,unreviewed,,,unassessed,尚未逐条评估证据和适用范围,unassessed,unassessed
network.vpn.app_vpn,应用VPN扩展,programming_model,android,ios,unknown,unreviewed,,,unassessed,尚未逐条评估证据和适用范围,unassessed,unassessed
network.vpn.app_vpn,应用VPN扩展,programming_model,harmonyos,ios,unknown,unreviewed,,,unassessed,尚未逐条评估证据和适用范围,unassessed,unassessed
network.vpn.app_vpn,应用VPN扩展,lifecycle_background,android,harmonyos,unknown,unreviewed,,,unassessed,尚未逐条评估证据和适用范围,unassessed,unassessed
network.vpn.app_vpn,应用VPN扩展,lifecycle_background,android,ios,unknown,unreviewed,,,unassessed,尚未逐条评估证据和适用范围,unassessed,unassessed
network.vpn.app_vpn,应用VPN扩展,lifecycle_background,harmonyos,ios,unknown,unreviewed,,,unassessed,尚未逐条评估证据和适用范围,unassessed,unassessed
network.vpn.app_vpn,应用VPN扩展,permissions_privacy,android,harmonyos,unknown,unreviewed,,,unassessed,尚未逐条评估证据和适用范围,unassessed,unassessed
network.vpn.app_vpn,应用VPN扩展,permissions_privacy,android,ios,unknown,unreviewed,,,unassessed,尚未逐条评估证据和适用范围,unassessed,unassessed
network.vpn.app_vpn,应用VPN扩展,permissions_privacy,harmonyos,ios,unknown,unreviewed,,,unassessed,尚未逐条评估证据和适用范围,unassessed,unassessed
network.vpn.app_vpn,应用VPN扩展,limits_precision,android,harmonyos,unknown,unreviewed,,,unassessed,尚未逐条评估证据和适用范围,unassessed,unassessed
network.vpn.app_vpn,应用VPN扩展,limits_precision,android,ios,unknown,unreviewed,,,unassessed,尚未逐条评估证据和适用范围,unassessed,unassessed
network.vpn.app_vpn,应用VPN扩展,limits_precision,harmonyos,ios,unknown,unreviewed,,,unassessed,尚未逐条评估证据和适用范围,unassessed,unassessed
network.vpn.app_vpn,应用VPN扩展,device_forms,android,harmonyos,unknown,unreviewed,,,unassessed,尚未逐条评估证据和适用范围,unassessed,unassessed
network.vpn.app_vpn,应用VPN扩展,device_forms,android,ios,unknown,unreviewed,,,unassessed,尚未逐条评估证据和适用范围,unassessed,unassessed
network.vpn.app_vpn,应用VPN扩展,device_forms,harmonyos,ios,unknown,unreviewed,,,unassessed,尚未逐条评估证据和适用范围,unassessed,unassessed
network.vpn.app_vpn,应用VPN扩展,api_surface,android,harmonyos,unknown,unreviewed,,,unassessed,尚未逐条评估证据和适用范围,unassessed,unassessed
network.vpn.app_vpn,应用VPN扩展,api_surface,android,ios,unknown,unreviewed,,,unassessed,尚未逐条评估证据和适用范围,unassessed,unassessed
network.vpn.app_vpn,应用VPN扩展,api_surface,harmonyos,ios,unknown,unreviewed,,,unassessed,尚未逐条评估证据和适用范围,unassessed,unassessed
notifications,通知与推送,availability,android,harmonyos,unknown,unreviewed,,,unassessed,尚未逐条评估证据和适用范围,unassessed,unassessed
notifications,通知与推送,availability,android,ios,unknown,unreviewed,,,unassessed,尚未逐条评估证据和适用范围,unassessed,unassessed
notifications,通知与推送,availability,harmonyos,ios,unknown,unreviewed,,,unassessed,尚未逐条评估证据和适用范围,unassessed,unassessed
notifications,通知与推送,programming_model,android,harmonyos,unknown,unreviewed,,,unassessed,尚未逐条评估证据和适用范围,unassessed,unassessed
notifications,通知与推送,programming_model,android,ios,unknown,unreviewed,,,unassessed,尚未逐条评估证据和适用范围,unassessed,unassessed
notifications,通知与推送,programming_model,harmonyos,ios,unknown,unreviewed,,,unassessed,尚未逐条评估证据和适用范围,unassessed,unassessed
notifications,通知与推送,lifecycle_background,android,harmonyos,unknown,unreviewed,,,unassessed,尚未逐条评估证据和适用范围,unassessed,unassessed
notifications,通知与推送,lifecycle_background,android,ios,unknown,unreviewed,,,unassessed,尚未逐条评估证据和适用范围,unassessed,unassessed
notifications,通知与推送,lifecycle_background,harmonyos,ios,unknown,unreviewed,,,unassessed,尚未逐条评估证据和适用范围,unassessed,unassessed
notifications,通知与推送,permissions_privacy,android,harmonyos,unknown,unreviewed,,,unassessed,尚未逐条评估证据和适用范围,unassessed,unassessed
notifications,通知与推送,permissions_privacy,android,ios,unknown,unreviewed,,,unassessed,尚未逐条评估证据和适用范围,unassessed,unassessed
notifications,通知与推送,permissions_privacy,harmonyos,ios,unknown,unreviewed,,,unassessed,尚未逐条评估证据和适用范围,unassessed,unassessed
notifications,通知与推送,limits_precision,android,harmonyos,unknown,unreviewed,,,unassessed,尚未逐条评估证据和适用范围,unassessed,unassessed
notifications,通知与推送,limits_precision,android,ios,unknown,unreviewed,,,unassessed,尚未逐条评估证据和适用范围,unassessed,unassessed
notifications,通知与推送,limits_precision,harmonyos,ios,unknown,unreviewed,,,unassessed,尚未逐条评估证据和适用范围,unassessed,unassessed
notifications,通知与推送,device_forms,android,harmonyos,unknown,unreviewed,,,unassessed,尚未逐条评估证据和适用范围,unassessed,unassessed
notifications,通知与推送,device_forms,android,ios,unknown,unreviewed,,,unassessed,尚未逐条评估证据和适用范围,unassessed,unassessed
notifications,通知与推送,device_forms,harmonyos,ios,unknown,unreviewed,,,unassessed,尚未逐条评估证据和适用范围,unassessed,unassessed
notifications,通知与推送,api_surface,android,harmonyos,unknown,unreviewed,,,unassessed,尚未逐条评估证据和适用范围,unassessed,unassessed
notifications,通知与推送,api_surface,android,ios,unknown,unreviewed,,,unassessed,尚未逐条评估证据和适用范围,unassessed,unassessed
notifications,通知与推送,api_surface,harmonyos,ios,unknown,unreviewed,,,unassessed,尚未逐条评估证据和适用范围,unassessed,unassessed
notifications.local,本地通知,availability,android,harmonyos,unknown,unreviewed,,,unassessed,尚未逐条评估证据和适用范围,unassessed,unassessed
notifications.local,本地通知,availability,android,ios,unknown,unreviewed,,,unassessed,尚未逐条评估证据和适用范围,unassessed,unassessed
notifications.local,本地通知,availability,harmonyos,ios,unknown,unreviewed,,,unassessed,尚未逐条评估证据和适用范围,unassessed,unassessed
notifications.local,本地通知,programming_model,android,harmonyos,unknown,unreviewed,,,unassessed,尚未逐条评估证据和适用范围,unassessed,unassessed
notifications.local,本地通知,programming_model,android,ios,unknown,unreviewed,,,unassessed,尚未逐条评估证据和适用范围,unassessed,unassessed
notifications.local,本地通知,programming_model,harmonyos,ios,unknown,unreviewed,,,unassessed,尚未逐条评估证据和适用范围,unassessed,unassessed
notifications.local,本地通知,lifecycle_background,android,harmonyos,unknown,unreviewed,,,unassessed,尚未逐条评估证据和适用范围,unassessed,unassessed
notifications.local,本地通知,lifecycle_background,android,ios,unknown,unreviewed,,,unassessed,尚未逐条评估证据和适用范围,unassessed,unassessed
notifications.local,本地通知,lifecycle_background,harmonyos,ios,unknown,unreviewed,,,unassessed,尚未逐条评估证据和适用范围,unassessed,unassessed
notifications.local,本地通知,permissions_privacy,android,harmonyos,unknown,unreviewed,,,unassessed,尚未逐条评估证据和适用范围,unassessed,unassessed
notifications.local,本地通知,permissions_privacy,android,ios,unknown,unreviewed,,,unassessed,尚未逐条评估证据和适用范围,unassessed,unassessed
notifications.local,本地通知,permissions_privacy,harmonyos,ios,unknown,unreviewed,,,unassessed,尚未逐条评估证据和适用范围,unassessed,unassessed
notifications.local,本地通知,limits_precision,android,harmonyos,unknown,unreviewed,,,unassessed,尚未逐条评估证据和适用范围,unassessed,unassessed
notifications.local,本地通知,limits_precision,android,ios,unknown,unreviewed,,,unassessed,尚未逐条评估证据和适用范围,unassessed,unassessed
notifications.local,本地通知,limits_precision,harmonyos,ios,unknown,unreviewed,,,unassessed,尚未逐条评估证据和适用范围,unassessed,unassessed
notifications.local,本地通知,device_forms,android,harmonyos,unknown,unreviewed,,,unassessed,尚未逐条评估证据和适用范围,unassessed,unassessed
notifications.local,本地通知,device_forms,android,ios,unknown,unreviewed,,,unassessed,尚未逐条评估证据和适用范围,unassessed,unassessed
notifications.local,本地通知,device_forms,harmonyos,ios,unknown,unreviewed,,,unassessed,尚未逐条评估证据和适用范围,unassessed,unassessed
notifications.local,本地通知,api_surface,android,harmonyos,unknown,unreviewed,,,unassessed,尚未逐条评估证据和适用范围,unassessed,unassessed
notifications.local,本地通知,api_surface,android,ios,unknown,unreviewed,,,unassessed,尚未逐条评估证据和适用范围,unassessed,unassessed
notifications.local,本地通知,api_surface,harmonyos,ios,unknown,unreviewed,,,unassessed,尚未逐条评估证据和适用范围,unassessed,unassessed
notifications.local.actions,通知操作按钮,availability,android,harmonyos,unknown,unreviewed,,,unassessed,尚未逐条评估证据和适用范围,unassessed,unassessed
notifications.local.actions,通知操作按钮,availability,android,ios,unknown,unreviewed,,,unassessed,尚未逐条评估证据和适用范围,unassessed,unassessed
notifications.local.actions,通知操作按钮,availability,harmonyos,ios,unknown,unreviewed,,,unassessed,尚未逐条评估证据和适用范围,unassessed,unassessed
notifications.local.actions,通知操作按钮,programming_model,android,harmonyos,unknown,unreviewed,,,unassessed,尚未逐条评估证据和适用范围,unassessed,unassessed
notifications.local.actions,通知操作按钮,programming_model,android,ios,unknown,unreviewed,,,unassessed,尚未逐条评估证据和适用范围,unassessed,unassessed
notifications.local.actions,通知操作按钮,programming_model,harmonyos,ios,unknown,unreviewed,,,unassessed,尚未逐条评估证据和适用范围,unassessed,unassessed
notifications.local.actions,通知操作按钮,lifecycle_background,android,harmonyos,unknown,unreviewed,,,unassessed,尚未逐条评估证据和适用范围,unassessed,unassessed
notifications.local.actions,通知操作按钮,lifecycle_background,android,ios,unknown,unreviewed,,,unassessed,尚未逐条评估证据和适用范围,unassessed,unassessed
notifications.local.actions,通知操作按钮,lifecycle_background,harmonyos,ios,unknown,unreviewed,,,unassessed,尚未逐条评估证据和适用范围,unassessed,unassessed
notifications.local.actions,通知操作按钮,permissions_privacy,android,harmonyos,unknown,unreviewed,,,unassessed,尚未逐条评估证据和适用范围,unassessed,unassessed
notifications.local.actions,通知操作按钮,permissions_privacy,android,ios,unknown,unreviewed,,,unassessed,尚未逐条评估证据和适用范围,unassessed,unassessed
notifications.local.actions,通知操作按钮,permissions_privacy,harmonyos,ios,unknown,unreviewed,,,unassessed,尚未逐条评估证据和适用范围,unassessed,unassessed
notifications.local.actions,通知操作按钮,limits_precision,android,harmonyos,unknown,unreviewed,,,unassessed,尚未逐条评估证据和适用范围,unassessed,unassessed
notifications.local.actions,通知操作按钮,limits_precision,android,ios,unknown,unreviewed,,,unassessed,尚未逐条评估证据和适用范围,unassessed,unassessed
notifications.local.actions,通知操作按钮,limits_precision,harmonyos,ios,unknown,unreviewed,,,unassessed,尚未逐条评估证据和适用范围,unassessed,unassessed
notifications.local.actions,通知操作按钮,device_forms,android,harmonyos,unknown,unreviewed,,,unassessed,尚未逐条评估证据和适用范围,unassessed,unassessed
notifications.local.actions,通知操作按钮,device_forms,android,ios,unknown,unreviewed,,,unassessed,尚未逐条评估证据和适用范围,unassessed,unassessed
notifications.local.actions,通知操作按钮,device_forms,harmonyos,ios,unknown,unreviewed,,,unassessed,尚未逐条评估证据和适用范围,unassessed,unassessed
notifications.local.actions,通知操作按钮,api_surface,android,harmonyos,unknown,unreviewed,,,unassessed,尚未逐条评估证据和适用范围,unassessed,unassessed
notifications.local.actions,通知操作按钮,api_surface,android,ios,unknown,unreviewed,,,unassessed,尚未逐条评估证据和适用范围,unassessed,unassessed
notifications.local.actions,通知操作按钮,api_surface,harmonyos,ios,unknown,unreviewed,,,unassessed,尚未逐条评估证据和适用范围,unassessed,unassessed
notifications.local.display,通知展示,availability,android,harmonyos,unknown,unreviewed,,,unassessed,尚未逐条评估证据和适用范围,unassessed,unassessed
notifications.local.display,通知展示,availability,android,ios,unknown,unreviewed,,,unassessed,尚未逐条评估证据和适用范围,unassessed,unassessed
notifications.local.display,通知展示,availability,harmonyos,ios,unknown,unreviewed,,,unassessed,尚未逐条评估证据和适用范围,unassessed,unassessed
notifications.local.display,通知展示,programming_model,android,harmonyos,unknown,unreviewed,,,unassessed,尚未逐条评估证据和适用范围,unassessed,unassessed
notifications.local.display,通知展示,programming_model,android,ios,unknown,unreviewed,,,unassessed,尚未逐条评估证据和适用范围,unassessed,unassessed
notifications.local.display,通知展示,programming_model,harmonyos,ios,unknown,unreviewed,,,unassessed,尚未逐条评估证据和适用范围,unassessed,unassessed
notifications.local.display,通知展示,lifecycle_background,android,harmonyos,unknown,unreviewed,,,unassessed,尚未逐条评估证据和适用范围,unassessed,unassessed
notifications.local.display,通知展示,lifecycle_background,android,ios,unknown,unreviewed,,,unassessed,尚未逐条评估证据和适用范围,unassessed,unassessed
notifications.local.display,通知展示,lifecycle_background,harmonyos,ios,unknown,unreviewed,,,unassessed,尚未逐条评估证据和适用范围,unassessed,unassessed
notifications.local.display,通知展示,permissions_privacy,android,harmonyos,unknown,unreviewed,,,unassessed,尚未逐条评估证据和适用范围,unassessed,unassessed
notifications.local.display,通知展示,permissions_privacy,android,ios,unknown,unreviewed,,,unassessed,尚未逐条评估证据和适用范围,unassessed,unassessed
notifications.local.display,通知展示,permissions_privacy,harmonyos,ios,unknown,unreviewed,,,unassessed,尚未逐条评估证据和适用范围,unassessed,unassessed
notifications.local.display,通知展示,limits_precision,android,harmonyos,unknown,unreviewed,,,unassessed,尚未逐条评估证据和适用范围,unassessed,unassessed
notifications.local.display,通知展示,limits_precision,android,ios,unknown,unreviewed,,,unassessed,尚未逐条评估证据和适用范围,unassessed,unassessed
notifications.local.display,通知展示,limits_precision,harmonyos,ios,unknown,unreviewed,,,unassessed,尚未逐条评估证据和适用范围,unassessed,unassessed
notifications.local.display,通知展示,device_forms,android,harmonyos,unknown,unreviewed,,,unassessed,尚未逐条评估证据和适用范围,unassessed,unassessed
notifications.local.display,通知展示,device_forms,android,ios,unknown,unreviewed,,,unassessed,尚未逐条评估证据和适用范围,unassessed,unassessed
notifications.local.display,通知展示,device_forms,harmonyos,ios,unknown,unreviewed,,,unassessed,尚未逐条评估证据和适用范围,unassessed,unassessed
notifications.local.display,通知展示,api_surface,android,harmonyos,unknown,unreviewed,,,unassessed,尚未逐条评估证据和适用范围,unassessed,unassessed
notifications.local.display,通知展示,api_surface,android,ios,unknown,unreviewed,,,unassessed,尚未逐条评估证据和适用范围,unassessed,unassessed
notifications.local.display,通知展示,api_surface,harmonyos,ios,unknown,unreviewed,,,unassessed,尚未逐条评估证据和适用范围,unassessed,unassessed
notifications.push,远程推送通道,availability,android,harmonyos,unknown,unreviewed,,,unassessed,尚未逐条评估证据和适用范围,unassessed,unassessed
notifications.push,远程推送通道,availability,android,ios,unknown,unreviewed,,,unassessed,尚未逐条评估证据和适用范围,unassessed,unassessed
notifications.push,远程推送通道,availability,harmonyos,ios,unknown,unreviewed,,,unassessed,尚未逐条评估证据和适用范围,unassessed,unassessed
notifications.push,远程推送通道,programming_model,android,harmonyos,unknown,unreviewed,,,unassessed,尚未逐条评估证据和适用范围,unassessed,unassessed
notifications.push,远程推送通道,programming_model,android,ios,unknown,unreviewed,,,unassessed,尚未逐条评估证据和适用范围,unassessed,unassessed
notifications.push,远程推送通道,programming_model,harmonyos,ios,unknown,unreviewed,,,unassessed,尚未逐条评估证据和适用范围,unassessed,unassessed
notifications.push,远程推送通道,lifecycle_background,android,harmonyos,unknown,unreviewed,,,unassessed,尚未逐条评估证据和适用范围,unassessed,unassessed
notifications.push,远程推送通道,lifecycle_background,android,ios,unknown,unreviewed,,,unassessed,尚未逐条评估证据和适用范围,unassessed,unassessed
notifications.push,远程推送通道,lifecycle_background,harmonyos,ios,unknown,unreviewed,,,unassessed,尚未逐条评估证据和适用范围,unassessed,unassessed
notifications.push,远程推送通道,permissions_privacy,android,harmonyos,unknown,unreviewed,,,unassessed,尚未逐条评估证据和适用范围,unassessed,unassessed
notifications.push,远程推送通道,permissions_privacy,android,ios,unknown,unreviewed,,,unassessed,尚未逐条评估证据和适用范围,unassessed,unassessed
notifications.push,远程推送通道,permissions_privacy,harmonyos,ios,unknown,unreviewed,,,unassessed,尚未逐条评估证据和适用范围,unassessed,unassessed
notifications.push,远程推送通道,limits_precision,android,harmonyos,unknown,unreviewed,,,unassessed,尚未逐条评估证据和适用范围,unassessed,unassessed
notifications.push,远程推送通道,limits_precision,android,ios,unknown,unreviewed,,,unassessed,尚未逐条评估证据和适用范围,unassessed,unassessed
notifications.push,远程推送通道,limits_precision,harmonyos,ios,unknown,unreviewed,,,unassessed,尚未逐条评估证据和适用范围,unassessed,unassessed
notifications.push,远程推送通道,device_forms,android,harmonyos,unknown,unreviewed,,,unassessed,尚未逐条评估证据和适用范围,unassessed,unassessed
notifications.push,远程推送通道,device_forms,android,ios,unknown,unreviewed,,,unassessed,尚未逐条评估证据和适用范围,unassessed,unassessed
notifications.push,远程推送通道,device_forms,harmonyos,ios,unknown,unreviewed,,,unassessed,尚未逐条评估证据和适用范围,unassessed,unassessed
notifications.push,远程推送通道,api_surface,android,harmonyos,unknown,unreviewed,,,unassessed,尚未逐条评估证据和适用范围,unassessed,unassessed
notifications.push,远程推送通道,api_surface,android,ios,unknown,unreviewed,,,unassessed,尚未逐条评估证据和适用范围,unassessed,unassessed
notifications.push,远程推送通道,api_surface,harmonyos,ios,unknown,unreviewed,,,unassessed,尚未逐条评估证据和适用范围,unassessed,unassessed
notifications.push.channel,推送通道,availability,android,harmonyos,unknown,unreviewed,,,unassessed,尚未逐条评估证据和适用范围,unassessed,unassessed
notifications.push.channel,推送通道,availability,android,ios,unknown,unreviewed,,,unassessed,尚未逐条评估证据和适用范围,unassessed,unassessed
notifications.push.channel,推送通道,availability,harmonyos,ios,unknown,unreviewed,,,unassessed,尚未逐条评估证据和适用范围,unassessed,unassessed
notifications.push.channel,推送通道,programming_model,android,harmonyos,unknown,unreviewed,,,unassessed,尚未逐条评估证据和适用范围,unassessed,unassessed
notifications.push.channel,推送通道,programming_model,android,ios,unknown,unreviewed,,,unassessed,尚未逐条评估证据和适用范围,unassessed,unassessed
notifications.push.channel,推送通道,programming_model,harmonyos,ios,unknown,unreviewed,,,unassessed,尚未逐条评估证据和适用范围,unassessed,unassessed
notifications.push.channel,推送通道,lifecycle_background,android,harmonyos,unknown,unreviewed,,,unassessed,尚未逐条评估证据和适用范围,unassessed,unassessed
notifications.push.channel,推送通道,lifecycle_background,android,ios,unknown,unreviewed,,,unassessed,尚未逐条评估证据和适用范围,unassessed,unassessed
notifications.push.channel,推送通道,lifecycle_background,harmonyos,ios,unknown,unreviewed,,,unassessed,尚未逐条评估证据和适用范围,unassessed,unassessed
notifications.push.channel,推送通道,permissions_privacy,android,harmonyos,unknown,unreviewed,,,unassessed,尚未逐条评估证据和适用范围,unassessed,unassessed
notifications.push.channel,推送通道,permissions_privacy,android,ios,unknown,unreviewed,,,unassessed,尚未逐条评估证据和适用范围,unassessed,unassessed
notifications.push.channel,推送通道,permissions_privacy,harmonyos,ios,unknown,unreviewed,,,unassessed,尚未逐条评估证据和适用范围,unassessed,unassessed
notifications.push.channel,推送通道,limits_precision,android,harmonyos,unknown,unreviewed,,,unassessed,尚未逐条评估证据和适用范围,unassessed,unassessed
notifications.push.channel,推送通道,limits_precision,android,ios,unknown,unreviewed,,,unassessed,尚未逐条评估证据和适用范围,unassessed,unassessed
notifications.push.channel,推送通道,limits_precision,harmonyos,ios,unknown,unreviewed,,,unassessed,尚未逐条评估证据和适用范围,unassessed,unassessed
notifications.push.channel,推送通道,device_forms,android,harmonyos,unknown,unreviewed,,,unassessed,尚未逐条评估证据和适用范围,unassessed,unassessed
notifications.push.channel,推送通道,device_forms,android,ios,unknown,unreviewed,,,unassessed,尚未逐条评估证据和适用范围,unassessed,unassessed
notifications.push.channel,推送通道,device_forms,harmonyos,ios,unknown,unreviewed,,,unassessed,尚未逐条评估证据和适用范围,unassessed,unassessed
notifications.push.channel,推送通道,api_surface,android,harmonyos,unknown,unreviewed,,,unassessed,尚未逐条评估证据和适用范围,unassessed,unassessed
notifications.push.channel,推送通道,api_surface,android,ios,unknown,unreviewed,,,unassessed,尚未逐条评估证据和适用范围,unassessed,unassessed
notifications.push.channel,推送通道,api_surface,harmonyos,ios,unknown,unreviewed,,,unassessed,尚未逐条评估证据和适用范围,unassessed,unassessed
observability,可观测与质量,availability,android,harmonyos,unknown,unreviewed,,,unassessed,尚未逐条评估证据和适用范围,unassessed,unassessed
observability,可观测与质量,availability,android,ios,unknown,unreviewed,,,unassessed,尚未逐条评估证据和适用范围,unassessed,unassessed
observability,可观测与质量,availability,harmonyos,ios,unknown,unreviewed,,,unassessed,尚未逐条评估证据和适用范围,unassessed,unassessed
observability,可观测与质量,programming_model,android,harmonyos,unknown,unreviewed,,,unassessed,尚未逐条评估证据和适用范围,unassessed,unassessed
observability,可观测与质量,programming_model,android,ios,unknown,unreviewed,,,unassessed,尚未逐条评估证据和适用范围,unassessed,unassessed
observability,可观测与质量,programming_model,harmonyos,ios,unknown,unreviewed,,,unassessed,尚未逐条评估证据和适用范围,unassessed,unassessed
observability,可观测与质量,lifecycle_background,android,harmonyos,unknown,unreviewed,,,unassessed,尚未逐条评估证据和适用范围,unassessed,unassessed
observability,可观测与质量,lifecycle_background,android,ios,unknown,unreviewed,,,unassessed,尚未逐条评估证据和适用范围,unassessed,unassessed
observability,可观测与质量,lifecycle_background,harmonyos,ios,unknown,unreviewed,,,unassessed,尚未逐条评估证据和适用范围,unassessed,unassessed
observability,可观测与质量,permissions_privacy,android,harmonyos,unknown,unreviewed,,,unassessed,尚未逐条评估证据和适用范围,unassessed,unassessed
observability,可观测与质量,permissions_privacy,android,ios,unknown,unreviewed,,,unassessed,尚未逐条评估证据和适用范围,unassessed,unassessed
observability,可观测与质量,permissions_privacy,harmonyos,ios,unknown,unreviewed,,,unassessed,尚未逐条评估证据和适用范围,unassessed,unassessed
observability,可观测与质量,limits_precision,android,harmonyos,unknown,unreviewed,,,unassessed,尚未逐条评估证据和适用范围,unassessed,unassessed
observability,可观测与质量,limits_precision,android,ios,unknown,unreviewed,,,unassessed,尚未逐条评估证据和适用范围,unassessed,unassessed
observability,可观测与质量,limits_precision,harmonyos,ios,unknown,unreviewed,,,unassessed,尚未逐条评估证据和适用范围,unassessed,unassessed
observability,可观测与质量,device_forms,android,harmonyos,unknown,unreviewed,,,unassessed,尚未逐条评估证据和适用范围,unassessed,unassessed
observability,可观测与质量,device_forms,android,ios,unknown,unreviewed,,,unassessed,尚未逐条评估证据和适用范围,unassessed,unassessed
observability,可观测与质量,device_forms,harmonyos,ios,unknown,unreviewed,,,unassessed,尚未逐条评估证据和适用范围,unassessed,unassessed
observability,可观测与质量,api_surface,android,harmonyos,unknown,unreviewed,,,unassessed,尚未逐条评估证据和适用范围,unassessed,unassessed
observability,可观测与质量,api_surface,android,ios,unknown,unreviewed,,,unassessed,尚未逐条评估证据和适用范围,unassessed,unassessed
observability,可观测与质量,api_surface,harmonyos,ios,unknown,unreviewed,,,unassessed,尚未逐条评估证据和适用范围,unassessed,unassessed
observability.crash,崩溃与ANR,availability,android,harmonyos,unknown,unreviewed,,,unassessed,尚未逐条评估证据和适用范围,unassessed,unassessed
observability.crash,崩溃与ANR,availability,android,ios,unknown,unreviewed,,,unassessed,尚未逐条评估证据和适用范围,unassessed,unassessed
observability.crash,崩溃与ANR,availability,harmonyos,ios,unknown,unreviewed,,,unassessed,尚未逐条评估证据和适用范围,unassessed,unassessed
observability.crash,崩溃与ANR,programming_model,android,harmonyos,unknown,unreviewed,,,unassessed,尚未逐条评估证据和适用范围,unassessed,unassessed
observability.crash,崩溃与ANR,programming_model,android,ios,unknown,unreviewed,,,unassessed,尚未逐条评估证据和适用范围,unassessed,unassessed
observability.crash,崩溃与ANR,programming_model,harmonyos,ios,unknown,unreviewed,,,unassessed,尚未逐条评估证据和适用范围,unassessed,unassessed
observability.crash,崩溃与ANR,lifecycle_background,android,harmonyos,unknown,unreviewed,,,unassessed,尚未逐条评估证据和适用范围,unassessed,unassessed
observability.crash,崩溃与ANR,lifecycle_background,android,ios,unknown,unreviewed,,,unassessed,尚未逐条评估证据和适用范围,unassessed,unassessed
observability.crash,崩溃与ANR,lifecycle_background,harmonyos,ios,unknown,unreviewed,,,unassessed,尚未逐条评估证据和适用范围,unassessed,unassessed
observability.crash,崩溃与ANR,permissions_privacy,android,harmonyos,unknown,unreviewed,,,unassessed,尚未逐条评估证据和适用范围,unassessed,unassessed
observability.crash,崩溃与ANR,permissions_privacy,android,ios,unknown,unreviewed,,,unassessed,尚未逐条评估证据和适用范围,unassessed,unassessed
observability.crash,崩溃与ANR,permissions_privacy,harmonyos,ios,unknown,unreviewed,,,unassessed,尚未逐条评估证据和适用范围,unassessed,unassessed
observability.crash,崩溃与ANR,limits_precision,android,harmonyos,unknown,unreviewed,,,unassessed,尚未逐条评估证据和适用范围,unassessed,unassessed
observability.crash,崩溃与ANR,limits_precision,android,ios,unknown,unreviewed,,,unassessed,尚未逐条评估证据和适用范围,unassessed,unassessed
observability.crash,崩溃与ANR,limits_precision,harmonyos,ios,unknown,unreviewed,,,unassessed,尚未逐条评估证据和适用范围,unassessed,unassessed
observability.crash,崩溃与ANR,device_forms,android,harmonyos,unknown,unreviewed,,,unassessed,尚未逐条评估证据和适用范围,unassessed,unassessed
observability.crash,崩溃与ANR,device_forms,android,ios,unknown,unreviewed,,,unassessed,尚未逐条评估证据和适用范围,unassessed,unassessed
observability.crash,崩溃与ANR,device_forms,harmonyos,ios,unknown,unreviewed,,,unassessed,尚未逐条评估证据和适用范围,unassessed,unassessed
observability.crash,崩溃与ANR,api_surface,android,harmonyos,unknown,unreviewed,,,unassessed,尚未逐条评估证据和适用范围,unassessed,unassessed
observability.crash,崩溃与ANR,api_surface,android,ios,unknown,unreviewed,,,unassessed,尚未逐条评估证据和适用范围,unassessed,unassessed
observability.crash,崩溃与ANR,api_surface,harmonyos,ios,unknown,unreviewed,,,unassessed,尚未逐条评估证据和适用范围,unassessed,unassessed
observability.crash.report,崩溃报告,availability,android,harmonyos,unknown,unreviewed,,,unassessed,尚未逐条评估证据和适用范围,unassessed,unassessed
observability.crash.report,崩溃报告,availability,android,ios,unknown,unreviewed,,,unassessed,尚未逐条评估证据和适用范围,unassessed,unassessed
observability.crash.report,崩溃报告,availability,harmonyos,ios,unknown,unreviewed,,,unassessed,尚未逐条评估证据和适用范围,unassessed,unassessed
observability.crash.report,崩溃报告,programming_model,android,harmonyos,unknown,unreviewed,,,unassessed,尚未逐条评估证据和适用范围,unassessed,unassessed
observability.crash.report,崩溃报告,programming_model,android,ios,unknown,unreviewed,,,unassessed,尚未逐条评估证据和适用范围,unassessed,unassessed
observability.crash.report,崩溃报告,programming_model,harmonyos,ios,unknown,unreviewed,,,unassessed,尚未逐条评估证据和适用范围,unassessed,unassessed
observability.crash.report,崩溃报告,lifecycle_background,android,harmonyos,unknown,unreviewed,,,unassessed,尚未逐条评估证据和适用范围,unassessed,unassessed
observability.crash.report,崩溃报告,lifecycle_background,android,ios,unknown,unreviewed,,,unassessed,尚未逐条评估证据和适用范围,unassessed,unassessed
observability.crash.report,崩溃报告,lifecycle_background,harmonyos,ios,unknown,unreviewed,,,unassessed,尚未逐条评估证据和适用范围,unassessed,unassessed
observability.crash.report,崩溃报告,permissions_privacy,android,harmonyos,unknown,unreviewed,,,unassessed,尚未逐条评估证据和适用范围,unassessed,unassessed
observability.crash.report,崩溃报告,permissions_privacy,android,ios,unknown,unreviewed,,,unassessed,尚未逐条评估证据和适用范围,unassessed,unassessed
observability.crash.report,崩溃报告,permissions_privacy,harmonyos,ios,unknown,unreviewed,,,unassessed,尚未逐条评估证据和适用范围,unassessed,unassessed
observability.crash.report,崩溃报告,limits_precision,android,harmonyos,unknown,unreviewed,,,unassessed,尚未逐条评估证据和适用范围,unassessed,unassessed
observability.crash.report,崩溃报告,limits_precision,android,ios,unknown,unreviewed,,,unassessed,尚未逐条评估证据和适用范围,unassessed,unassessed
observability.crash.report,崩溃报告,limits_precision,harmonyos,ios,unknown,unreviewed,,,unassessed,尚未逐条评估证据和适用范围,unassessed,unassessed
observability.crash.report,崩溃报告,device_forms,android,harmonyos,unknown,unreviewed,,,unassessed,尚未逐条评估证据和适用范围,unassessed,unassessed
observability.crash.report,崩溃报告,device_forms,android,ios,unknown,unreviewed,,,unassessed,尚未逐条评估证据和适用范围,unassessed,unassessed
observability.crash.report,崩溃报告,device_forms,harmonyos,ios,unknown,unreviewed,,,unassessed,尚未逐条评估证据和适用范围,unassessed,unassessed
observability.crash.report,崩溃报告,api_surface,android,harmonyos,unknown,unreviewed,,,unassessed,尚未逐条评估证据和适用范围,unassessed,unassessed
observability.crash.report,崩溃报告,api_surface,android,ios,unknown,unreviewed,,,unassessed,尚未逐条评估证据和适用范围,unassessed,unassessed
observability.crash.report,崩溃报告,api_surface,harmonyos,ios,unknown,unreviewed,,,unassessed,尚未逐条评估证据和适用范围,unassessed,unassessed
observability.logging,日志,availability,android,harmonyos,unknown,unreviewed,,,unassessed,尚未逐条评估证据和适用范围,unassessed,unassessed
observability.logging,日志,availability,android,ios,unknown,unreviewed,,,unassessed,尚未逐条评估证据和适用范围,unassessed,unassessed
observability.logging,日志,availability,harmonyos,ios,unknown,unreviewed,,,unassessed,尚未逐条评估证据和适用范围,unassessed,unassessed
observability.logging,日志,programming_model,android,harmonyos,unknown,unreviewed,,,unassessed,尚未逐条评估证据和适用范围,unassessed,unassessed
observability.logging,日志,programming_model,android,ios,unknown,unreviewed,,,unassessed,尚未逐条评估证据和适用范围,unassessed,unassessed
observability.logging,日志,programming_model,harmonyos,ios,unknown,unreviewed,,,unassessed,尚未逐条评估证据和适用范围,unassessed,unassessed
observability.logging,日志,lifecycle_background,android,harmonyos,unknown,unreviewed,,,unassessed,尚未逐条评估证据和适用范围,unassessed,unassessed
observability.logging,日志,lifecycle_background,android,ios,unknown,unreviewed,,,unassessed,尚未逐条评估证据和适用范围,unassessed,unassessed
observability.logging,日志,lifecycle_background,harmonyos,ios,unknown,unreviewed,,,unassessed,尚未逐条评估证据和适用范围,unassessed,unassessed
observability.logging,日志,permissions_privacy,android,harmonyos,unknown,unreviewed,,,unassessed,尚未逐条评估证据和适用范围,unassessed,unassessed
observability.logging,日志,permissions_privacy,android,ios,unknown,unreviewed,,,unassessed,尚未逐条评估证据和适用范围,unassessed,unassessed
observability.logging,日志,permissions_privacy,harmonyos,ios,unknown,unreviewed,,,unassessed,尚未逐条评估证据和适用范围,unassessed,unassessed
observability.logging,日志,limits_precision,android,harmonyos,unknown,unreviewed,,,unassessed,尚未逐条评估证据和适用范围,unassessed,unassessed
observability.logging,日志,limits_precision,android,ios,unknown,unreviewed,,,unassessed,尚未逐条评估证据和适用范围,unassessed,unassessed
observability.logging,日志,limits_precision,harmonyos,ios,unknown,unreviewed,,,unassessed,尚未逐条评估证据和适用范围,unassessed,unassessed
observability.logging,日志,device_forms,android,harmonyos,unknown,unreviewed,,,unassessed,尚未逐条评估证据和适用范围,unassessed,unassessed
observability.logging,日志,device_forms,android,ios,unknown,unreviewed,,,unassessed,尚未逐条评估证据和适用范围,unassessed,unassessed
observability.logging,日志,device_forms,harmonyos,ios,unknown,unreviewed,,,unassessed,尚未逐条评估证据和适用范围,unassessed,unassessed
observability.logging,日志,api_surface,android,harmonyos,unknown,unreviewed,,,unassessed,尚未逐条评估证据和适用范围,unassessed,unassessed
observability.logging,日志,api_surface,android,ios,unknown,unreviewed,,,unassessed,尚未逐条评估证据和适用范围,unassessed,unassessed
observability.logging,日志,api_surface,harmonyos,ios,unknown,unreviewed,,,unassessed,尚未逐条评估证据和适用范围,unassessed,unassessed
observability.logging.app,应用日志,availability,android,harmonyos,unknown,unreviewed,,,unassessed,尚未逐条评估证据和适用范围,unassessed,unassessed
observability.logging.app,应用日志,availability,android,ios,unknown,unreviewed,,,unassessed,尚未逐条评估证据和适用范围,unassessed,unassessed
observability.logging.app,应用日志,availability,harmonyos,ios,unknown,unreviewed,,,unassessed,尚未逐条评估证据和适用范围,unassessed,unassessed
observability.logging.app,应用日志,programming_model,android,harmonyos,unknown,unreviewed,,,unassessed,尚未逐条评估证据和适用范围,unassessed,unassessed
observability.logging.app,应用日志,programming_model,android,ios,unknown,unreviewed,,,unassessed,尚未逐条评估证据和适用范围,unassessed,unassessed
observability.logging.app,应用日志,programming_model,harmonyos,ios,unknown,unreviewed,,,unassessed,尚未逐条评估证据和适用范围,unassessed,unassessed
observability.logging.app,应用日志,lifecycle_background,android,harmonyos,unknown,unreviewed,,,unassessed,尚未逐条评估证据和适用范围,unassessed,unassessed
observability.logging.app,应用日志,lifecycle_background,android,ios,unknown,unreviewed,,,unassessed,尚未逐条评估证据和适用范围,unassessed,unassessed
observability.logging.app,应用日志,lifecycle_background,harmonyos,ios,unknown,unreviewed,,,unassessed,尚未逐条评估证据和适用范围,unassessed,unassessed
observability.logging.app,应用日志,permissions_privacy,android,harmonyos,unknown,unreviewed,,,unassessed,尚未逐条评估证据和适用范围,unassessed,unassessed
observability.logging.app,应用日志,permissions_privacy,android,ios,unknown,unreviewed,,,unassessed,尚未逐条评估证据和适用范围,unassessed,unassessed
observability.logging.app,应用日志,permissions_privacy,harmonyos,ios,unknown,unreviewed,,,unassessed,尚未逐条评估证据和适用范围,unassessed,unassessed
observability.logging.app,应用日志,limits_precision,android,harmonyos,unknown,unreviewed,,,unassessed,尚未逐条评估证据和适用范围,unassessed,unassessed
observability.logging.app,应用日志,limits_precision,android,ios,unknown,unreviewed,,,unassessed,尚未逐条评估证据和适用范围,unassessed,unassessed
observability.logging.app,应用日志,limits_precision,harmonyos,ios,unknown,unreviewed,,,unassessed,尚未逐条评估证据和适用范围,unassessed,unassessed
observability.logging.app,应用日志,device_forms,android,harmonyos,unknown,unreviewed,,,unassessed,尚未逐条评估证据和适用范围,unassessed,unassessed
observability.logging.app,应用日志,device_forms,android,ios,unknown,unreviewed,,,unassessed,尚未逐条评估证据和适用范围,unassessed,unassessed
observability.logging.app,应用日志,device_forms,harmonyos,ios,unknown,unreviewed,,,unassessed,尚未逐条评估证据和适用范围,unassessed,unassessed
observability.logging.app,应用日志,api_surface,android,harmonyos,unknown,unreviewed,,,unassessed,尚未逐条评估证据和适用范围,unassessed,unassessed
observability.logging.app,应用日志,api_surface,android,ios,unknown,unreviewed,,,unassessed,尚未逐条评估证据和适用范围,unassessed,unassessed
observability.logging.app,应用日志,api_surface,harmonyos,ios,unknown,unreviewed,,,unassessed,尚未逐条评估证据和适用范围,unassessed,unassessed
observability.perf,性能追踪,availability,android,harmonyos,unknown,unreviewed,,,unassessed,尚未逐条评估证据和适用范围,unassessed,unassessed
observability.perf,性能追踪,availability,android,ios,unknown,unreviewed,,,unassessed,尚未逐条评估证据和适用范围,unassessed,unassessed
observability.perf,性能追踪,availability,harmonyos,ios,unknown,unreviewed,,,unassessed,尚未逐条评估证据和适用范围,unassessed,unassessed
observability.perf,性能追踪,programming_model,android,harmonyos,unknown,unreviewed,,,unassessed,尚未逐条评估证据和适用范围,unassessed,unassessed
observability.perf,性能追踪,programming_model,android,ios,unknown,unreviewed,,,unassessed,尚未逐条评估证据和适用范围,unassessed,unassessed
observability.perf,性能追踪,programming_model,harmonyos,ios,unknown,unreviewed,,,unassessed,尚未逐条评估证据和适用范围,unassessed,unassessed
observability.perf,性能追踪,lifecycle_background,android,harmonyos,unknown,unreviewed,,,unassessed,尚未逐条评估证据和适用范围,unassessed,unassessed
observability.perf,性能追踪,lifecycle_background,android,ios,unknown,unreviewed,,,unassessed,尚未逐条评估证据和适用范围,unassessed,unassessed
observability.perf,性能追踪,lifecycle_background,harmonyos,ios,unknown,unreviewed,,,unassessed,尚未逐条评估证据和适用范围,unassessed,unassessed
observability.perf,性能追踪,permissions_privacy,android,harmonyos,unknown,unreviewed,,,unassessed,尚未逐条评估证据和适用范围,unassessed,unassessed
observability.perf,性能追踪,permissions_privacy,android,ios,unknown,unreviewed,,,unassessed,尚未逐条评估证据和适用范围,unassessed,unassessed
observability.perf,性能追踪,permissions_privacy,harmonyos,ios,unknown,unreviewed,,,unassessed,尚未逐条评估证据和适用范围,unassessed,unassessed
observability.perf,性能追踪,limits_precision,android,harmonyos,unknown,unreviewed,,,unassessed,尚未逐条评估证据和适用范围,unassessed,unassessed
observability.perf,性能追踪,limits_precision,android,ios,unknown,unreviewed,,,unassessed,尚未逐条评估证据和适用范围,unassessed,unassessed
observability.perf,性能追踪,limits_precision,harmonyos,ios,unknown,unreviewed,,,unassessed,尚未逐条评估证据和适用范围,unassessed,unassessed
observability.perf,性能追踪,device_forms,android,harmonyos,unknown,unreviewed,,,unassessed,尚未逐条评估证据和适用范围,unassessed,unassessed
observability.perf,性能追踪,device_forms,android,ios,unknown,unreviewed,,,unassessed,尚未逐条评估证据和适用范围,unassessed,unassessed
observability.perf,性能追踪,device_forms,harmonyos,ios,unknown,unreviewed,,,unassessed,尚未逐条评估证据和适用范围,unassessed,unassessed
observability.perf,性能追踪,api_surface,android,harmonyos,unknown,unreviewed,,,unassessed,尚未逐条评估证据和适用范围,unassessed,unassessed
observability.perf,性能追踪,api_surface,android,ios,unknown,unreviewed,,,unassessed,尚未逐条评估证据和适用范围,unassessed,unassessed
observability.perf,性能追踪,api_surface,harmonyos,ios,unknown,unreviewed,,,unassessed,尚未逐条评估证据和适用范围,unassessed,unassessed
observability.perf.trace,性能Trace,availability,android,harmonyos,unknown,unreviewed,,,unassessed,尚未逐条评估证据和适用范围,unassessed,unassessed
observability.perf.trace,性能Trace,availability,android,ios,unknown,unreviewed,,,unassessed,尚未逐条评估证据和适用范围,unassessed,unassessed
observability.perf.trace,性能Trace,availability,harmonyos,ios,unknown,unreviewed,,,unassessed,尚未逐条评估证据和适用范围,unassessed,unassessed
observability.perf.trace,性能Trace,programming_model,android,harmonyos,unknown,unreviewed,,,unassessed,尚未逐条评估证据和适用范围,unassessed,unassessed
observability.perf.trace,性能Trace,programming_model,android,ios,unknown,unreviewed,,,unassessed,尚未逐条评估证据和适用范围,unassessed,unassessed
observability.perf.trace,性能Trace,programming_model,harmonyos,ios,unknown,unreviewed,,,unassessed,尚未逐条评估证据和适用范围,unassessed,unassessed
observability.perf.trace,性能Trace,lifecycle_background,android,harmonyos,unknown,unreviewed,,,unassessed,尚未逐条评估证据和适用范围,unassessed,unassessed
observability.perf.trace,性能Trace,lifecycle_background,android,ios,unknown,unreviewed,,,unassessed,尚未逐条评估证据和适用范围,unassessed,unassessed
observability.perf.trace,性能Trace,lifecycle_background,harmonyos,ios,unknown,unreviewed,,,unassessed,尚未逐条评估证据和适用范围,unassessed,unassessed
observability.perf.trace,性能Trace,permissions_privacy,android,harmonyos,unknown,unreviewed,,,unassessed,尚未逐条评估证据和适用范围,unassessed,unassessed
observability.perf.trace,性能Trace,permissions_privacy,android,ios,unknown,unreviewed,,,unassessed,尚未逐条评估证据和适用范围,unassessed,unassessed
observability.perf.trace,性能Trace,permissions_privacy,harmonyos,ios,unknown,unreviewed,,,unassessed,尚未逐条评估证据和适用范围,unassessed,unassessed
observability.perf.trace,性能Trace,limits_precision,android,harmonyos,unknown,unreviewed,,,unassessed,尚未逐条评估证据和适用范围,unassessed,unassessed
observability.perf.trace,性能Trace,limits_precision,android,ios,unknown,unreviewed,,,unassessed,尚未逐条评估证据和适用范围,unassessed,unassessed
observability.perf.trace,性能Trace,limits_precision,harmonyos,ios,unknown,unreviewed,,,unassessed,尚未逐条评估证据和适用范围,unassessed,unassessed
observability.perf.trace,性能Trace,device_forms,android,harmonyos,unknown,unreviewed,,,unassessed,尚未逐条评估证据和适用范围,unassessed,unassessed
observability.perf.trace,性能Trace,device_forms,android,ios,unknown,unreviewed,,,unassessed,尚未逐条评估证据和适用范围,unassessed,unassessed
observability.perf.trace,性能Trace,device_forms,harmonyos,ios,unknown,unreviewed,,,unassessed,尚未逐条评估证据和适用范围,unassessed,unassessed
observability.perf.trace,性能Trace,api_surface,android,harmonyos,unknown,unreviewed,,,unassessed,尚未逐条评估证据和适用范围,unassessed,unassessed
observability.perf.trace,性能Trace,api_surface,android,ios,unknown,unreviewed,,,unassessed,尚未逐条评估证据和适用范围,unassessed,unassessed
observability.perf.trace,性能Trace,api_surface,harmonyos,ios,unknown,unreviewed,,,unassessed,尚未逐条评估证据和适用范围,unassessed,unassessed
runtime,运行时与国际化,availability,android,harmonyos,unknown,unreviewed,,,unassessed,尚未逐条评估证据和适用范围,unassessed,unassessed
runtime,运行时与国际化,availability,android,ios,unknown,unreviewed,,,unassessed,尚未逐条评估证据和适用范围,unassessed,unassessed
runtime,运行时与国际化,availability,harmonyos,ios,unknown,unreviewed,,,unassessed,尚未逐条评估证据和适用范围,unassessed,unassessed
runtime,运行时与国际化,programming_model,android,harmonyos,unknown,unreviewed,,,unassessed,尚未逐条评估证据和适用范围,unassessed,unassessed
runtime,运行时与国际化,programming_model,android,ios,unknown,unreviewed,,,unassessed,尚未逐条评估证据和适用范围,unassessed,unassessed
runtime,运行时与国际化,programming_model,harmonyos,ios,unknown,unreviewed,,,unassessed,尚未逐条评估证据和适用范围,unassessed,unassessed
runtime,运行时与国际化,lifecycle_background,android,harmonyos,unknown,unreviewed,,,unassessed,尚未逐条评估证据和适用范围,unassessed,unassessed
runtime,运行时与国际化,lifecycle_background,android,ios,unknown,unreviewed,,,unassessed,尚未逐条评估证据和适用范围,unassessed,unassessed
runtime,运行时与国际化,lifecycle_background,harmonyos,ios,unknown,unreviewed,,,unassessed,尚未逐条评估证据和适用范围,unassessed,unassessed
runtime,运行时与国际化,permissions_privacy,android,harmonyos,unknown,unreviewed,,,unassessed,尚未逐条评估证据和适用范围,unassessed,unassessed
runtime,运行时与国际化,permissions_privacy,android,ios,unknown,unreviewed,,,unassessed,尚未逐条评估证据和适用范围,unassessed,unassessed
runtime,运行时与国际化,permissions_privacy,harmonyos,ios,unknown,unreviewed,,,unassessed,尚未逐条评估证据和适用范围,unassessed,unassessed
runtime,运行时与国际化,limits_precision,android,harmonyos,unknown,unreviewed,,,unassessed,尚未逐条评估证据和适用范围,unassessed,unassessed
runtime,运行时与国际化,limits_precision,android,ios,unknown,unreviewed,,,unassessed,尚未逐条评估证据和适用范围,unassessed,unassessed
runtime,运行时与国际化,limits_precision,harmonyos,ios,unknown,unreviewed,,,unassessed,尚未逐条评估证据和适用范围,unassessed,unassessed
runtime,运行时与国际化,device_forms,android,harmonyos,unknown,unreviewed,,,unassessed,尚未逐条评估证据和适用范围,unassessed,unassessed
runtime,运行时与国际化,device_forms,android,ios,unknown,unreviewed,,,unassessed,尚未逐条评估证据和适用范围,unassessed,unassessed
runtime,运行时与国际化,device_forms,harmonyos,ios,unknown,unreviewed,,,unassessed,尚未逐条评估证据和适用范围,unassessed,unassessed
runtime,运行时与国际化,api_surface,android,harmonyos,unknown,unreviewed,,,unassessed,尚未逐条评估证据和适用范围,unassessed,unassessed
runtime,运行时与国际化,api_surface,android,ios,unknown,unreviewed,,,unassessed,尚未逐条评估证据和适用范围,unassessed,unassessed
runtime,运行时与国际化,api_surface,harmonyos,ios,unknown,unreviewed,,,unassessed,尚未逐条评估证据和适用范围,unassessed,unassessed
runtime.concurrency,并发模型,availability,android,harmonyos,unknown,unreviewed,,,unassessed,尚未逐条评估证据和适用范围,unassessed,unassessed
runtime.concurrency,并发模型,availability,android,ios,unknown,unreviewed,,,unassessed,尚未逐条评估证据和适用范围,unassessed,unassessed
runtime.concurrency,并发模型,availability,harmonyos,ios,unknown,unreviewed,,,unassessed,尚未逐条评估证据和适用范围,unassessed,unassessed
runtime.concurrency,并发模型,programming_model,android,harmonyos,unknown,unreviewed,,,unassessed,尚未逐条评估证据和适用范围,unassessed,unassessed
runtime.concurrency,并发模型,programming_model,android,ios,unknown,unreviewed,,,unassessed,尚未逐条评估证据和适用范围,unassessed,unassessed
runtime.concurrency,并发模型,programming_model,harmonyos,ios,unknown,unreviewed,,,unassessed,尚未逐条评估证据和适用范围,unassessed,unassessed
runtime.concurrency,并发模型,lifecycle_background,android,harmonyos,unknown,unreviewed,,,unassessed,尚未逐条评估证据和适用范围,unassessed,unassessed
runtime.concurrency,并发模型,lifecycle_background,android,ios,unknown,unreviewed,,,unassessed,尚未逐条评估证据和适用范围,unassessed,unassessed
runtime.concurrency,并发模型,lifecycle_background,harmonyos,ios,unknown,unreviewed,,,unassessed,尚未逐条评估证据和适用范围,unassessed,unassessed
runtime.concurrency,并发模型,permissions_privacy,android,harmonyos,unknown,unreviewed,,,unassessed,尚未逐条评估证据和适用范围,unassessed,unassessed
runtime.concurrency,并发模型,permissions_privacy,android,ios,unknown,unreviewed,,,unassessed,尚未逐条评估证据和适用范围,unassessed,unassessed
runtime.concurrency,并发模型,permissions_privacy,harmonyos,ios,unknown,unreviewed,,,unassessed,尚未逐条评估证据和适用范围,unassessed,unassessed
runtime.concurrency,并发模型,limits_precision,android,harmonyos,unknown,unreviewed,,,unassessed,尚未逐条评估证据和适用范围,unassessed,unassessed
runtime.concurrency,并发模型,limits_precision,android,ios,unknown,unreviewed,,,unassessed,尚未逐条评估证据和适用范围,unassessed,unassessed
runtime.concurrency,并发模型,limits_precision,harmonyos,ios,unknown,unreviewed,,,unassessed,尚未逐条评估证据和适用范围,unassessed,unassessed
runtime.concurrency,并发模型,device_forms,android,harmonyos,unknown,unreviewed,,,unassessed,尚未逐条评估证据和适用范围,unassessed,unassessed
runtime.concurrency,并发模型,device_forms,android,ios,unknown,unreviewed,,,unassessed,尚未逐条评估证据和适用范围,unassessed,unassessed
runtime.concurrency,并发模型,device_forms,harmonyos,ios,unknown,unreviewed,,,unassessed,尚未逐条评估证据和适用范围,unassessed,unassessed
runtime.concurrency,并发模型,api_surface,android,harmonyos,unknown,unreviewed,,,unassessed,尚未逐条评估证据和适用范围,unassessed,unassessed
runtime.concurrency,并发模型,api_surface,android,ios,unknown,unreviewed,,,unassessed,尚未逐条评估证据和适用范围,unassessed,unassessed
runtime.concurrency,并发模型,api_surface,harmonyos,ios,unknown,unreviewed,,,unassessed,尚未逐条评估证据和适用范围,unassessed,unassessed
runtime.concurrency.overview,异步任务调度与协作,availability,android,harmonyos,unknown,unreviewed,,,unassessed,尚未逐条评估证据和适用范围,unassessed,unassessed
runtime.concurrency.overview,异步任务调度与协作,availability,android,ios,unknown,unreviewed,,,unassessed,尚未逐条评估证据和适用范围,unassessed,unassessed
runtime.concurrency.overview,异步任务调度与协作,availability,harmonyos,ios,unknown,unreviewed,,,unassessed,尚未逐条评估证据和适用范围,unassessed,unassessed
runtime.concurrency.overview,异步任务调度与协作,programming_model,android,harmonyos,unknown,unreviewed,,,unassessed,尚未逐条评估证据和适用范围,unassessed,unassessed
runtime.concurrency.overview,异步任务调度与协作,programming_model,android,ios,unknown,unreviewed,,,unassessed,尚未逐条评估证据和适用范围,unassessed,unassessed
runtime.concurrency.overview,异步任务调度与协作,programming_model,harmonyos,ios,unknown,unreviewed,,,unassessed,尚未逐条评估证据和适用范围,unassessed,unassessed
runtime.concurrency.overview,异步任务调度与协作,lifecycle_background,android,harmonyos,unknown,unreviewed,,,unassessed,尚未逐条评估证据和适用范围,unassessed,unassessed
runtime.concurrency.overview,异步任务调度与协作,lifecycle_background,android,ios,unknown,unreviewed,,,unassessed,尚未逐条评估证据和适用范围,unassessed,unassessed
runtime.concurrency.overview,异步任务调度与协作,lifecycle_background,harmonyos,ios,unknown,unreviewed,,,unassessed,尚未逐条评估证据和适用范围,unassessed,unassessed
runtime.concurrency.overview,异步任务调度与协作,permissions_privacy,android,harmonyos,unknown,unreviewed,,,unassessed,尚未逐条评估证据和适用范围,unassessed,unassessed
runtime.concurrency.overview,异步任务调度与协作,permissions_privacy,android,ios,unknown,unreviewed,,,unassessed,尚未逐条评估证据和适用范围,unassessed,unassessed
runtime.concurrency.overview,异步任务调度与协作,permissions_privacy,harmonyos,ios,unknown,unreviewed,,,unassessed,尚未逐条评估证据和适用范围,unassessed,unassessed
runtime.concurrency.overview,异步任务调度与协作,limits_precision,android,harmonyos,unknown,unreviewed,,,unassessed,尚未逐条评估证据和适用范围,unassessed,unassessed
runtime.concurrency.overview,异步任务调度与协作,limits_precision,android,ios,unknown,unreviewed,,,unassessed,尚未逐条评估证据和适用范围,unassessed,unassessed
runtime.concurrency.overview,异步任务调度与协作,limits_precision,harmonyos,ios,unknown,unreviewed,,,unassessed,尚未逐条评估证据和适用范围,unassessed,unassessed
runtime.concurrency.overview,异步任务调度与协作,device_forms,android,harmonyos,unknown,unreviewed,,,unassessed,尚未逐条评估证据和适用范围,unassessed,unassessed
runtime.concurrency.overview,异步任务调度与协作,device_forms,android,ios,unknown,unreviewed,,,unassessed,尚未逐条评估证据和适用范围,unassessed,unassessed
runtime.concurrency.overview,异步任务调度与协作,device_forms,harmonyos,ios,unknown,unreviewed,,,unassessed,尚未逐条评估证据和适用范围,unassessed,unassessed
runtime.concurrency.overview,异步任务调度与协作,api_surface,android,harmonyos,unknown,unreviewed,,,unassessed,尚未逐条评估证据和适用范围,unassessed,unassessed
runtime.concurrency.overview,异步任务调度与协作,api_surface,android,ios,unknown,unreviewed,,,unassessed,尚未逐条评估证据和适用范围,unassessed,unassessed
runtime.concurrency.overview,异步任务调度与协作,api_surface,harmonyos,ios,unknown,unreviewed,,,unassessed,尚未逐条评估证据和适用范围,unassessed,unassessed
runtime.i18n,国际化,availability,android,harmonyos,unknown,unreviewed,,,unassessed,尚未逐条评估证据和适用范围,unassessed,unassessed
runtime.i18n,国际化,availability,android,ios,unknown,unreviewed,,,unassessed,尚未逐条评估证据和适用范围,unassessed,unassessed
runtime.i18n,国际化,availability,harmonyos,ios,unknown,unreviewed,,,unassessed,尚未逐条评估证据和适用范围,unassessed,unassessed
runtime.i18n,国际化,programming_model,android,harmonyos,unknown,unreviewed,,,unassessed,尚未逐条评估证据和适用范围,unassessed,unassessed
runtime.i18n,国际化,programming_model,android,ios,unknown,unreviewed,,,unassessed,尚未逐条评估证据和适用范围,unassessed,unassessed
runtime.i18n,国际化,programming_model,harmonyos,ios,unknown,unreviewed,,,unassessed,尚未逐条评估证据和适用范围,unassessed,unassessed
runtime.i18n,国际化,lifecycle_background,android,harmonyos,unknown,unreviewed,,,unassessed,尚未逐条评估证据和适用范围,unassessed,unassessed
runtime.i18n,国际化,lifecycle_background,android,ios,unknown,unreviewed,,,unassessed,尚未逐条评估证据和适用范围,unassessed,unassessed
runtime.i18n,国际化,lifecycle_background,harmonyos,ios,unknown,unreviewed,,,unassessed,尚未逐条评估证据和适用范围,unassessed,unassessed
runtime.i18n,国际化,permissions_privacy,android,harmonyos,unknown,unreviewed,,,unassessed,尚未逐条评估证据和适用范围,unassessed,unassessed
runtime.i18n,国际化,permissions_privacy,android,ios,unknown,unreviewed,,,unassessed,尚未逐条评估证据和适用范围,unassessed,unassessed
runtime.i18n,国际化,permissions_privacy,harmonyos,ios,unknown,unreviewed,,,unassessed,尚未逐条评估证据和适用范围,unassessed,unassessed
runtime.i18n,国际化,limits_precision,android,harmonyos,unknown,unreviewed,,,unassessed,尚未逐条评估证据和适用范围,unassessed,unassessed
runtime.i18n,国际化,limits_precision,android,ios,unknown,unreviewed,,,unassessed,尚未逐条评估证据和适用范围,unassessed,unassessed
runtime.i18n,国际化,limits_precision,harmonyos,ios,unknown,unreviewed,,,unassessed,尚未逐条评估证据和适用范围,unassessed,unassessed
runtime.i18n,国际化,device_forms,android,harmonyos,unknown,unreviewed,,,unassessed,尚未逐条评估证据和适用范围,unassessed,unassessed
runtime.i18n,国际化,device_forms,android,ios,unknown,unreviewed,,,unassessed,尚未逐条评估证据和适用范围,unassessed,unassessed
runtime.i18n,国际化,device_forms,harmonyos,ios,unknown,unreviewed,,,unassessed,尚未逐条评估证据和适用范围,unassessed,unassessed
runtime.i18n,国际化,api_surface,android,harmonyos,unknown,unreviewed,,,unassessed,尚未逐条评估证据和适用范围,unassessed,unassessed
runtime.i18n,国际化,api_surface,android,ios,unknown,unreviewed,,,unassessed,尚未逐条评估证据和适用范围,unassessed,unassessed
runtime.i18n,国际化,api_surface,harmonyos,ios,unknown,unreviewed,,,unassessed,尚未逐条评估证据和适用范围,unassessed,unassessed
runtime.i18n.locale,语言区域,availability,android,harmonyos,unknown,unreviewed,,,unassessed,尚未逐条评估证据和适用范围,unassessed,unassessed
runtime.i18n.locale,语言区域,availability,android,ios,unknown,unreviewed,,,unassessed,尚未逐条评估证据和适用范围,unassessed,unassessed
runtime.i18n.locale,语言区域,availability,harmonyos,ios,unknown,unreviewed,,,unassessed,尚未逐条评估证据和适用范围,unassessed,unassessed
runtime.i18n.locale,语言区域,programming_model,android,harmonyos,unknown,unreviewed,,,unassessed,尚未逐条评估证据和适用范围,unassessed,unassessed
runtime.i18n.locale,语言区域,programming_model,android,ios,unknown,unreviewed,,,unassessed,尚未逐条评估证据和适用范围,unassessed,unassessed
runtime.i18n.locale,语言区域,programming_model,harmonyos,ios,unknown,unreviewed,,,unassessed,尚未逐条评估证据和适用范围,unassessed,unassessed
runtime.i18n.locale,语言区域,lifecycle_background,android,harmonyos,unknown,unreviewed,,,unassessed,尚未逐条评估证据和适用范围,unassessed,unassessed
runtime.i18n.locale,语言区域,lifecycle_background,android,ios,unknown,unreviewed,,,unassessed,尚未逐条评估证据和适用范围,unassessed,unassessed
runtime.i18n.locale,语言区域,lifecycle_background,harmonyos,ios,unknown,unreviewed,,,unassessed,尚未逐条评估证据和适用范围,unassessed,unassessed
runtime.i18n.locale,语言区域,permissions_privacy,android,harmonyos,unknown,unreviewed,,,unassessed,尚未逐条评估证据和适用范围,unassessed,unassessed
runtime.i18n.locale,语言区域,permissions_privacy,android,ios,unknown,unreviewed,,,unassessed,尚未逐条评估证据和适用范围,unassessed,unassessed
runtime.i18n.locale,语言区域,permissions_privacy,harmonyos,ios,unknown,unreviewed,,,unassessed,尚未逐条评估证据和适用范围,unassessed,unassessed
runtime.i18n.locale,语言区域,limits_precision,android,harmonyos,unknown,unreviewed,,,unassessed,尚未逐条评估证据和适用范围,unassessed,unassessed
runtime.i18n.locale,语言区域,limits_precision,android,ios,unknown,unreviewed,,,unassessed,尚未逐条评估证据和适用范围,unassessed,unassessed
runtime.i18n.locale,语言区域,limits_precision,harmonyos,ios,unknown,unreviewed,,,unassessed,尚未逐条评估证据和适用范围,unassessed,unassessed
runtime.i18n.locale,语言区域,device_forms,android,harmonyos,unknown,unreviewed,,,unassessed,尚未逐条评估证据和适用范围,unassessed,unassessed
runtime.i18n.locale,语言区域,device_forms,android,ios,unknown,unreviewed,,,unassessed,尚未逐条评估证据和适用范围,unassessed,unassessed
runtime.i18n.locale,语言区域,device_forms,harmonyos,ios,unknown,unreviewed,,,unassessed,尚未逐条评估证据和适用范围,unassessed,unassessed
runtime.i18n.locale,语言区域,api_surface,android,harmonyos,unknown,unreviewed,,,unassessed,尚未逐条评估证据和适用范围,unassessed,unassessed
runtime.i18n.locale,语言区域,api_surface,android,ios,unknown,unreviewed,,,unassessed,尚未逐条评估证据和适用范围,unassessed,unassessed
runtime.i18n.locale,语言区域,api_surface,harmonyos,ios,unknown,unreviewed,,,unassessed,尚未逐条评估证据和适用范围,unassessed,unassessed
security,安全与隐私,availability,android,harmonyos,unknown,unreviewed,,,unassessed,尚未逐条评估证据和适用范围,unassessed,unassessed
security,安全与隐私,availability,android,ios,unknown,unreviewed,,,unassessed,尚未逐条评估证据和适用范围,unassessed,unassessed
security,安全与隐私,availability,harmonyos,ios,unknown,unreviewed,,,unassessed,尚未逐条评估证据和适用范围,unassessed,unassessed
security,安全与隐私,programming_model,android,harmonyos,unknown,unreviewed,,,unassessed,尚未逐条评估证据和适用范围,unassessed,unassessed
security,安全与隐私,programming_model,android,ios,unknown,unreviewed,,,unassessed,尚未逐条评估证据和适用范围,unassessed,unassessed
security,安全与隐私,programming_model,harmonyos,ios,unknown,unreviewed,,,unassessed,尚未逐条评估证据和适用范围,unassessed,unassessed
security,安全与隐私,lifecycle_background,android,harmonyos,unknown,unreviewed,,,unassessed,尚未逐条评估证据和适用范围,unassessed,unassessed
security,安全与隐私,lifecycle_background,android,ios,unknown,unreviewed,,,unassessed,尚未逐条评估证据和适用范围,unassessed,unassessed
security,安全与隐私,lifecycle_background,harmonyos,ios,unknown,unreviewed,,,unassessed,尚未逐条评估证据和适用范围,unassessed,unassessed
security,安全与隐私,permissions_privacy,android,harmonyos,unknown,unreviewed,,,unassessed,尚未逐条评估证据和适用范围,unassessed,unassessed
security,安全与隐私,permissions_privacy,android,ios,unknown,unreviewed,,,unassessed,尚未逐条评估证据和适用范围,unassessed,unassessed
security,安全与隐私,permissions_privacy,harmonyos,ios,unknown,unreviewed,,,unassessed,尚未逐条评估证据和适用范围,unassessed,unassessed
security,安全与隐私,limits_precision,android,harmonyos,unknown,unreviewed,,,unassessed,尚未逐条评估证据和适用范围,unassessed,unassessed
security,安全与隐私,limits_precision,android,ios,unknown,unreviewed,,,unassessed,尚未逐条评估证据和适用范围,unassessed,unassessed
security,安全与隐私,limits_precision,harmonyos,ios,unknown,unreviewed,,,unassessed,尚未逐条评估证据和适用范围,unassessed,unassessed
security,安全与隐私,device_forms,android,harmonyos,unknown,unreviewed,,,unassessed,尚未逐条评估证据和适用范围,unassessed,unassessed
security,安全与隐私,device_forms,android,ios,unknown,unreviewed,,,unassessed,尚未逐条评估证据和适用范围,unassessed,unassessed
security,安全与隐私,device_forms,harmonyos,ios,unknown,unreviewed,,,unassessed,尚未逐条评估证据和适用范围,unassessed,unassessed
security,安全与隐私,api_surface,android,harmonyos,unknown,unreviewed,,,unassessed,尚未逐条评估证据和适用范围,unassessed,unassessed
security,安全与隐私,api_surface,android,ios,unknown,unreviewed,,,unassessed,尚未逐条评估证据和适用范围,unassessed,unassessed
security,安全与隐私,api_surface,harmonyos,ios,unknown,unreviewed,,,unassessed,尚未逐条评估证据和适用范围,unassessed,unassessed
security.biometrics,生物识别,availability,android,harmonyos,unknown,unreviewed,,,unassessed,尚未逐条评估证据和适用范围,unassessed,unassessed
security.biometrics,生物识别,availability,android,ios,unknown,unreviewed,,,unassessed,尚未逐条评估证据和适用范围,unassessed,unassessed
security.biometrics,生物识别,availability,harmonyos,ios,unknown,unreviewed,,,unassessed,尚未逐条评估证据和适用范围,unassessed,unassessed
security.biometrics,生物识别,programming_model,android,harmonyos,unknown,unreviewed,,,unassessed,尚未逐条评估证据和适用范围,unassessed,unassessed
security.biometrics,生物识别,programming_model,android,ios,unknown,unreviewed,,,unassessed,尚未逐条评估证据和适用范围,unassessed,unassessed
security.biometrics,生物识别,programming_model,harmonyos,ios,unknown,unreviewed,,,unassessed,尚未逐条评估证据和适用范围,unassessed,unassessed
security.biometrics,生物识别,lifecycle_background,android,harmonyos,unknown,unreviewed,,,unassessed,尚未逐条评估证据和适用范围,unassessed,unassessed
security.biometrics,生物识别,lifecycle_background,android,ios,unknown,unreviewed,,,unassessed,尚未逐条评估证据和适用范围,unassessed,unassessed
security.biometrics,生物识别,lifecycle_background,harmonyos,ios,unknown,unreviewed,,,unassessed,尚未逐条评估证据和适用范围,unassessed,unassessed
security.biometrics,生物识别,permissions_privacy,android,harmonyos,unknown,unreviewed,,,unassessed,尚未逐条评估证据和适用范围,unassessed,unassessed
security.biometrics,生物识别,permissions_privacy,android,ios,unknown,unreviewed,,,unassessed,尚未逐条评估证据和适用范围,unassessed,unassessed
security.biometrics,生物识别,permissions_privacy,harmonyos,ios,unknown,unreviewed,,,unassessed,尚未逐条评估证据和适用范围,unassessed,unassessed
security.biometrics,生物识别,limits_precision,android,harmonyos,unknown,unreviewed,,,unassessed,尚未逐条评估证据和适用范围,unassessed,unassessed
security.biometrics,生物识别,limits_precision,android,ios,unknown,unreviewed,,,unassessed,尚未逐条评估证据和适用范围,unassessed,unassessed
security.biometrics,生物识别,limits_precision,harmonyos,ios,unknown,unreviewed,,,unassessed,尚未逐条评估证据和适用范围,unassessed,unassessed
security.biometrics,生物识别,device_forms,android,harmonyos,unknown,unreviewed,,,unassessed,尚未逐条评估证据和适用范围,unassessed,unassessed
security.biometrics,生物识别,device_forms,android,ios,unknown,unreviewed,,,unassessed,尚未逐条评估证据和适用范围,unassessed,unassessed
security.biometrics,生物识别,device_forms,harmonyos,ios,unknown,unreviewed,,,unassessed,尚未逐条评估证据和适用范围,unassessed,unassessed
security.biometrics,生物识别,api_surface,android,harmonyos,unknown,unreviewed,,,unassessed,尚未逐条评估证据和适用范围,unassessed,unassessed
security.biometrics,生物识别,api_surface,android,ios,unknown,unreviewed,,,unassessed,尚未逐条评估证据和适用范围,unassessed,unassessed
security.biometrics,生物识别,api_surface,harmonyos,ios,unknown,unreviewed,,,unassessed,尚未逐条评估证据和适用范围,unassessed,unassessed
security.biometrics.local_auth,本地生物认证,availability,android,harmonyos,unknown,unreviewed,,,unassessed,尚未逐条评估证据和适用范围,unassessed,unassessed
security.biometrics.local_auth,本地生物认证,availability,android,ios,unknown,unreviewed,,,unassessed,尚未逐条评估证据和适用范围,unassessed,unassessed
security.biometrics.local_auth,本地生物认证,availability,harmonyos,ios,unknown,unreviewed,,,unassessed,尚未逐条评估证据和适用范围,unassessed,unassessed
security.biometrics.local_auth,本地生物认证,programming_model,android,harmonyos,unknown,unreviewed,,,unassessed,尚未逐条评估证据和适用范围,unassessed,unassessed
security.biometrics.local_auth,本地生物认证,programming_model,android,ios,unknown,unreviewed,,,unassessed,尚未逐条评估证据和适用范围,unassessed,unassessed
security.biometrics.local_auth,本地生物认证,programming_model,harmonyos,ios,unknown,unreviewed,,,unassessed,尚未逐条评估证据和适用范围,unassessed,unassessed
security.biometrics.local_auth,本地生物认证,lifecycle_background,android,harmonyos,unknown,unreviewed,,,unassessed,尚未逐条评估证据和适用范围,unassessed,unassessed
security.biometrics.local_auth,本地生物认证,lifecycle_background,android,ios,unknown,unreviewed,,,unassessed,尚未逐条评估证据和适用范围,unassessed,unassessed
security.biometrics.local_auth,本地生物认证,lifecycle_background,harmonyos,ios,unknown,unreviewed,,,unassessed,尚未逐条评估证据和适用范围,unassessed,unassessed
security.biometrics.local_auth,本地生物认证,permissions_privacy,android,harmonyos,unknown,unreviewed,,,unassessed,尚未逐条评估证据和适用范围,unassessed,unassessed
security.biometrics.local_auth,本地生物认证,permissions_privacy,android,ios,unknown,unreviewed,,,unassessed,尚未逐条评估证据和适用范围,unassessed,unassessed
security.biometrics.local_auth,本地生物认证,permissions_privacy,harmonyos,ios,unknown,unreviewed,,,unassessed,尚未逐条评估证据和适用范围,unassessed,unassessed
security.biometrics.local_auth,本地生物认证,limits_precision,android,harmonyos,unknown,unreviewed,,,unassessed,尚未逐条评估证据和适用范围,unassessed,unassessed
security.biometrics.local_auth,本地生物认证,limits_precision,android,ios,unknown,unreviewed,,,unassessed,尚未逐条评估证据和适用范围,unassessed,unassessed
security.biometrics.local_auth,本地生物认证,limits_precision,harmonyos,ios,unknown,unreviewed,,,unassessed,尚未逐条评估证据和适用范围,unassessed,unassessed
security.biometrics.local_auth,本地生物认证,device_forms,android,harmonyos,unknown,unreviewed,,,unassessed,尚未逐条评估证据和适用范围,unassessed,unassessed
security.biometrics.local_auth,本地生物认证,device_forms,android,ios,unknown,unreviewed,,,unassessed,尚未逐条评估证据和适用范围,unassessed,unassessed
security.biometrics.local_auth,本地生物认证,device_forms,harmonyos,ios,unknown,unreviewed,,,unassessed,尚未逐条评估证据和适用范围,unassessed,unassessed
security.biometrics.local_auth,本地生物认证,api_surface,android,harmonyos,unknown,unreviewed,,,unassessed,尚未逐条评估证据和适用范围,unassessed,unassessed
security.biometrics.local_auth,本地生物认证,api_surface,android,ios,unknown,unreviewed,,,unassessed,尚未逐条评估证据和适用范围,unassessed,unassessed
security.biometrics.local_auth,本地生物认证,api_surface,harmonyos,ios,unknown,unreviewed,,,unassessed,尚未逐条评估证据和适用范围,unassessed,unassessed
security.crypto,密钥与密码学,availability,android,harmonyos,unknown,unreviewed,,,unassessed,尚未逐条评估证据和适用范围,unassessed,unassessed
security.crypto,密钥与密码学,availability,android,ios,unknown,unreviewed,,,unassessed,尚未逐条评估证据和适用范围,unassessed,unassessed
security.crypto,密钥与密码学,availability,harmonyos,ios,unknown,unreviewed,,,unassessed,尚未逐条评估证据和适用范围,unassessed,unassessed
security.crypto,密钥与密码学,programming_model,android,harmonyos,unknown,unreviewed,,,unassessed,尚未逐条评估证据和适用范围,unassessed,unassessed
security.crypto,密钥与密码学,programming_model,android,ios,unknown,unreviewed,,,unassessed,尚未逐条评估证据和适用范围,unassessed,unassessed
security.crypto,密钥与密码学,programming_model,harmonyos,ios,unknown,unreviewed,,,unassessed,尚未逐条评估证据和适用范围,unassessed,unassessed
security.crypto,密钥与密码学,lifecycle_background,android,harmonyos,unknown,unreviewed,,,unassessed,尚未逐条评估证据和适用范围,unassessed,unassessed
security.crypto,密钥与密码学,lifecycle_background,android,ios,unknown,unreviewed,,,unassessed,尚未逐条评估证据和适用范围,unassessed,unassessed
security.crypto,密钥与密码学,lifecycle_background,harmonyos,ios,unknown,unreviewed,,,unassessed,尚未逐条评估证据和适用范围,unassessed,unassessed
security.crypto,密钥与密码学,permissions_privacy,android,harmonyos,unknown,unreviewed,,,unassessed,尚未逐条评估证据和适用范围,unassessed,unassessed
security.crypto,密钥与密码学,permissions_privacy,android,ios,unknown,unreviewed,,,unassessed,尚未逐条评估证据和适用范围,unassessed,unassessed
security.crypto,密钥与密码学,permissions_privacy,harmonyos,ios,unknown,unreviewed,,,unassessed,尚未逐条评估证据和适用范围,unassessed,unassessed
security.crypto,密钥与密码学,limits_precision,android,harmonyos,unknown,unreviewed,,,unassessed,尚未逐条评估证据和适用范围,unassessed,unassessed
security.crypto,密钥与密码学,limits_precision,android,ios,unknown,unreviewed,,,unassessed,尚未逐条评估证据和适用范围,unassessed,unassessed
security.crypto,密钥与密码学,limits_precision,harmonyos,ios,unknown,unreviewed,,,unassessed,尚未逐条评估证据和适用范围,unassessed,unassessed
security.crypto,密钥与密码学,device_forms,android,harmonyos,unknown,unreviewed,,,unassessed,尚未逐条评估证据和适用范围,unassessed,unassessed
security.crypto,密钥与密码学,device_forms,android,ios,unknown,unreviewed,,,unassessed,尚未逐条评估证据和适用范围,unassessed,unassessed
security.crypto,密钥与密码学,device_forms,harmonyos,ios,unknown,unreviewed,,,unassessed,尚未逐条评估证据和适用范围,unassessed,unassessed
security.crypto,密钥与密码学,api_surface,android,harmonyos,unknown,unreviewed,,,unassessed,尚未逐条评估证据和适用范围,unassessed,unassessed
security.crypto,密钥与密码学,api_surface,android,ios,unknown,unreviewed,,,unassessed,尚未逐条评估证据和适用范围,unassessed,unassessed
security.crypto,密钥与密码学,api_surface,harmonyos,ios,unknown,unreviewed,,,unassessed,尚未逐条评估证据和适用范围,unassessed,unassessed
security.crypto.keystore,硬件支持密钥库,availability,android,harmonyos,unknown,unreviewed,,,unassessed,尚未逐条评估证据和适用范围,unassessed,unassessed
security.crypto.keystore,硬件支持密钥库,availability,android,ios,unknown,unreviewed,,,unassessed,尚未逐条评估证据和适用范围,unassessed,unassessed
security.crypto.keystore,硬件支持密钥库,availability,harmonyos,ios,unknown,unreviewed,,,unassessed,尚未逐条评估证据和适用范围,unassessed,unassessed
security.crypto.keystore,硬件支持密钥库,programming_model,android,harmonyos,unknown,unreviewed,,,unassessed,尚未逐条评估证据和适用范围,unassessed,unassessed
security.crypto.keystore,硬件支持密钥库,programming_model,android,ios,unknown,unreviewed,,,unassessed,尚未逐条评估证据和适用范围,unassessed,unassessed
security.crypto.keystore,硬件支持密钥库,programming_model,harmonyos,ios,unknown,unreviewed,,,unassessed,尚未逐条评估证据和适用范围,unassessed,unassessed
security.crypto.keystore,硬件支持密钥库,lifecycle_background,android,harmonyos,unknown,unreviewed,,,unassessed,尚未逐条评估证据和适用范围,unassessed,unassessed
security.crypto.keystore,硬件支持密钥库,lifecycle_background,android,ios,unknown,unreviewed,,,unassessed,尚未逐条评估证据和适用范围,unassessed,unassessed
security.crypto.keystore,硬件支持密钥库,lifecycle_background,harmonyos,ios,unknown,unreviewed,,,unassessed,尚未逐条评估证据和适用范围,unassessed,unassessed
security.crypto.keystore,硬件支持密钥库,permissions_privacy,android,harmonyos,unknown,unreviewed,,,unassessed,尚未逐条评估证据和适用范围,unassessed,unassessed
security.crypto.keystore,硬件支持密钥库,permissions_privacy,android,ios,unknown,unreviewed,,,unassessed,尚未逐条评估证据和适用范围,unassessed,unassessed
security.crypto.keystore,硬件支持密钥库,permissions_privacy,harmonyos,ios,unknown,unreviewed,,,unassessed,尚未逐条评估证据和适用范围,unassessed,unassessed
security.crypto.keystore,硬件支持密钥库,limits_precision,android,harmonyos,unknown,unreviewed,,,unassessed,尚未逐条评估证据和适用范围,unassessed,unassessed
security.crypto.keystore,硬件支持密钥库,limits_precision,android,ios,unknown,unreviewed,,,unassessed,尚未逐条评估证据和适用范围,unassessed,unassessed
security.crypto.keystore,硬件支持密钥库,limits_precision,harmonyos,ios,unknown,unreviewed,,,unassessed,尚未逐条评估证据和适用范围,unassessed,unassessed
security.crypto.keystore,硬件支持密钥库,device_forms,android,harmonyos,unknown,unreviewed,,,unassessed,尚未逐条评估证据和适用范围,unassessed,unassessed
security.crypto.keystore,硬件支持密钥库,device_forms,android,ios,unknown,unreviewed,,,unassessed,尚未逐条评估证据和适用范围,unassessed,unassessed
security.crypto.keystore,硬件支持密钥库,device_forms,harmonyos,ios,unknown,unreviewed,,,unassessed,尚未逐条评估证据和适用范围,unassessed,unassessed
security.crypto.keystore,硬件支持密钥库,api_surface,android,harmonyos,unknown,unreviewed,,,unassessed,尚未逐条评估证据和适用范围,unassessed,unassessed
security.crypto.keystore,硬件支持密钥库,api_surface,android,ios,unknown,unreviewed,,,unassessed,尚未逐条评估证据和适用范围,unassessed,unassessed
security.crypto.keystore,硬件支持密钥库,api_surface,harmonyos,ios,unknown,unreviewed,,,unassessed,尚未逐条评估证据和适用范围,unassessed,unassessed
security.permissions,权限模型,availability,android,harmonyos,unknown,unreviewed,,,unassessed,尚未逐条评估证据和适用范围,unassessed,unassessed
security.permissions,权限模型,availability,android,ios,unknown,unreviewed,,,unassessed,尚未逐条评估证据和适用范围,unassessed,unassessed
security.permissions,权限模型,availability,harmonyos,ios,unknown,unreviewed,,,unassessed,尚未逐条评估证据和适用范围,unassessed,unassessed
security.permissions,权限模型,programming_model,android,harmonyos,unknown,unreviewed,,,unassessed,尚未逐条评估证据和适用范围,unassessed,unassessed
security.permissions,权限模型,programming_model,android,ios,unknown,unreviewed,,,unassessed,尚未逐条评估证据和适用范围,unassessed,unassessed
security.permissions,权限模型,programming_model,harmonyos,ios,unknown,unreviewed,,,unassessed,尚未逐条评估证据和适用范围,unassessed,unassessed
security.permissions,权限模型,lifecycle_background,android,harmonyos,unknown,unreviewed,,,unassessed,尚未逐条评估证据和适用范围,unassessed,unassessed
security.permissions,权限模型,lifecycle_background,android,ios,unknown,unreviewed,,,unassessed,尚未逐条评估证据和适用范围,unassessed,unassessed
security.permissions,权限模型,lifecycle_background,harmonyos,ios,unknown,unreviewed,,,unassessed,尚未逐条评估证据和适用范围,unassessed,unassessed
security.permissions,权限模型,permissions_privacy,android,harmonyos,unknown,unreviewed,,,unassessed,尚未逐条评估证据和适用范围,unassessed,unassessed
security.permissions,权限模型,permissions_privacy,android,ios,unknown,unreviewed,,,unassessed,尚未逐条评估证据和适用范围,unassessed,unassessed
security.permissions,权限模型,permissions_privacy,harmonyos,ios,unknown,unreviewed,,,unassessed,尚未逐条评估证据和适用范围,unassessed,unassessed
security.permissions,权限模型,limits_precision,android,harmonyos,unknown,unreviewed,,,unassessed,尚未逐条评估证据和适用范围,unassessed,unassessed
security.permissions,权限模型,limits_precision,android,ios,unknown,unreviewed,,,unassessed,尚未逐条评估证据和适用范围,unassessed,unassessed
security.permissions,权限模型,limits_precision,harmonyos,ios,unknown,unreviewed,,,unassessed,尚未逐条评估证据和适用范围,unassessed,unassessed
security.permissions,权限模型,device_forms,android,harmonyos,unknown,unreviewed,,,unassessed,尚未逐条评估证据和适用范围,unassessed,unassessed
security.permissions,权限模型,device_forms,android,ios,unknown,unreviewed,,,unassessed,尚未逐条评估证据和适用范围,unassessed,unassessed
security.permissions,权限模型,device_forms,harmonyos,ios,unknown,unreviewed,,,unassessed,尚未逐条评估证据和适用范围,unassessed,unassessed
security.permissions,权限模型,api_surface,android,harmonyos,unknown,unreviewed,,,unassessed,尚未逐条评估证据和适用范围,unassessed,unassessed
security.permissions,权限模型,api_surface,android,ios,unknown,unreviewed,,,unassessed,尚未逐条评估证据和适用范围,unassessed,unassessed
security.permissions,权限模型,api_surface,harmonyos,ios,unknown,unreviewed,,,unassessed,尚未逐条评估证据和适用范围,unassessed,unassessed
security.permissions.runtime,运行时权限请求,availability,android,harmonyos,unknown,unreviewed,,,unassessed,尚未逐条评估证据和适用范围,unassessed,unassessed
security.permissions.runtime,运行时权限请求,availability,android,ios,unknown,unreviewed,,,unassessed,尚未逐条评估证据和适用范围,unassessed,unassessed
security.permissions.runtime,运行时权限请求,availability,harmonyos,ios,unknown,unreviewed,,,unassessed,尚未逐条评估证据和适用范围,unassessed,unassessed
security.permissions.runtime,运行时权限请求,programming_model,android,harmonyos,unknown,unreviewed,,,unassessed,尚未逐条评估证据和适用范围,unassessed,unassessed
security.permissions.runtime,运行时权限请求,programming_model,android,ios,unknown,unreviewed,,,unassessed,尚未逐条评估证据和适用范围,unassessed,unassessed
security.permissions.runtime,运行时权限请求,programming_model,harmonyos,ios,unknown,unreviewed,,,unassessed,尚未逐条评估证据和适用范围,unassessed,unassessed
security.permissions.runtime,运行时权限请求,lifecycle_background,android,harmonyos,unknown,unreviewed,,,unassessed,尚未逐条评估证据和适用范围,unassessed,unassessed
security.permissions.runtime,运行时权限请求,lifecycle_background,android,ios,unknown,unreviewed,,,unassessed,尚未逐条评估证据和适用范围,unassessed,unassessed
security.permissions.runtime,运行时权限请求,lifecycle_background,harmonyos,ios,unknown,unreviewed,,,unassessed,尚未逐条评估证据和适用范围,unassessed,unassessed
security.permissions.runtime,运行时权限请求,permissions_privacy,android,harmonyos,unknown,unreviewed,,,unassessed,尚未逐条评估证据和适用范围,unassessed,unassessed
security.permissions.runtime,运行时权限请求,permissions_privacy,android,ios,unknown,unreviewed,,,unassessed,尚未逐条评估证据和适用范围,unassessed,unassessed
security.permissions.runtime,运行时权限请求,permissions_privacy,harmonyos,ios,unknown,unreviewed,,,unassessed,尚未逐条评估证据和适用范围,unassessed,unassessed
security.permissions.runtime,运行时权限请求,limits_precision,android,harmonyos,unknown,unreviewed,,,unassessed,尚未逐条评估证据和适用范围,unassessed,unassessed
security.permissions.runtime,运行时权限请求,limits_precision,android,ios,unknown,unreviewed,,,unassessed,尚未逐条评估证据和适用范围,unassessed,unassessed
security.permissions.runtime,运行时权限请求,limits_precision,harmonyos,ios,unknown,unreviewed,,,unassessed,尚未逐条评估证据和适用范围,unassessed,unassessed
security.permissions.runtime,运行时权限请求,device_forms,android,harmonyos,unknown,unreviewed,,,unassessed,尚未逐条评估证据和适用范围,unassessed,unassessed
security.permissions.runtime,运行时权限请求,device_forms,android,ios,unknown,unreviewed,,,unassessed,尚未逐条评估证据和适用范围,unassessed,unassessed
security.permissions.runtime,运行时权限请求,device_forms,harmonyos,ios,unknown,unreviewed,,,unassessed,尚未逐条评估证据和适用范围,unassessed,unassessed
security.permissions.runtime,运行时权限请求,api_surface,android,harmonyos,unknown,unreviewed,,,unassessed,尚未逐条评估证据和适用范围,unassessed,unassessed
security.permissions.runtime,运行时权限请求,api_surface,android,ios,unknown,unreviewed,,,unassessed,尚未逐条评估证据和适用范围,unassessed,unassessed
security.permissions.runtime,运行时权限请求,api_surface,harmonyos,ios,unknown,unreviewed,,,unassessed,尚未逐条评估证据和适用范围,unassessed,unassessed
security.permissions.special,特殊权限与设置页,availability,android,harmonyos,unknown,unreviewed,,,unassessed,尚未逐条评估证据和适用范围,unassessed,unassessed
security.permissions.special,特殊权限与设置页,availability,android,ios,unknown,unreviewed,,,unassessed,尚未逐条评估证据和适用范围,unassessed,unassessed
security.permissions.special,特殊权限与设置页,availability,harmonyos,ios,unknown,unreviewed,,,unassessed,尚未逐条评估证据和适用范围,unassessed,unassessed
security.permissions.special,特殊权限与设置页,programming_model,android,harmonyos,unknown,unreviewed,,,unassessed,尚未逐条评估证据和适用范围,unassessed,unassessed
security.permissions.special,特殊权限与设置页,programming_model,android,ios,unknown,unreviewed,,,unassessed,尚未逐条评估证据和适用范围,unassessed,unassessed
security.permissions.special,特殊权限与设置页,programming_model,harmonyos,ios,unknown,unreviewed,,,unassessed,尚未逐条评估证据和适用范围,unassessed,unassessed
security.permissions.special,特殊权限与设置页,lifecycle_background,android,harmonyos,unknown,unreviewed,,,unassessed,尚未逐条评估证据和适用范围,unassessed,unassessed
security.permissions.special,特殊权限与设置页,lifecycle_background,android,ios,unknown,unreviewed,,,unassessed,尚未逐条评估证据和适用范围,unassessed,unassessed
security.permissions.special,特殊权限与设置页,lifecycle_background,harmonyos,ios,unknown,unreviewed,,,unassessed,尚未逐条评估证据和适用范围,unassessed,unassessed
security.permissions.special,特殊权限与设置页,permissions_privacy,android,harmonyos,unknown,unreviewed,,,unassessed,尚未逐条评估证据和适用范围,unassessed,unassessed
security.permissions.special,特殊权限与设置页,permissions_privacy,android,ios,unknown,unreviewed,,,unassessed,尚未逐条评估证据和适用范围,unassessed,unassessed
security.permissions.special,特殊权限与设置页,permissions_privacy,harmonyos,ios,unknown,unreviewed,,,unassessed,尚未逐条评估证据和适用范围,unassessed,unassessed
security.permissions.special,特殊权限与设置页,limits_precision,android,harmonyos,unknown,unreviewed,,,unassessed,尚未逐条评估证据和适用范围,unassessed,unassessed
security.permissions.special,特殊权限与设置页,limits_precision,android,ios,unknown,unreviewed,,,unassessed,尚未逐条评估证据和适用范围,unassessed,unassessed
security.permissions.special,特殊权限与设置页,limits_precision,harmonyos,ios,unknown,unreviewed,,,unassessed,尚未逐条评估证据和适用范围,unassessed,unassessed
security.permissions.special,特殊权限与设置页,device_forms,android,harmonyos,unknown,unreviewed,,,unassessed,尚未逐条评估证据和适用范围,unassessed,unassessed
security.permissions.special,特殊权限与设置页,device_forms,android,ios,unknown,unreviewed,,,unassessed,尚未逐条评估证据和适用范围,unassessed,unassessed
security.permissions.special,特殊权限与设置页,device_forms,harmonyos,ios,unknown,unreviewed,,,unassessed,尚未逐条评估证据和适用范围,unassessed,unassessed
security.permissions.special,特殊权限与设置页,api_surface,android,harmonyos,unknown,unreviewed,,,unassessed,尚未逐条评估证据和适用范围,unassessed,unassessed
security.permissions.special,特殊权限与设置页,api_surface,android,ios,unknown,unreviewed,,,unassessed,尚未逐条评估证据和适用范围,unassessed,unassessed
security.permissions.special,特殊权限与设置页,api_surface,harmonyos,ios,unknown,unreviewed,,,unassessed,尚未逐条评估证据和适用范围,unassessed,unassessed
security.secure_storage,安全存储,availability,android,harmonyos,unknown,unreviewed,,,unassessed,尚未逐条评估证据和适用范围,unassessed,unassessed
security.secure_storage,安全存储,availability,android,ios,unknown,unreviewed,,,unassessed,尚未逐条评估证据和适用范围,unassessed,unassessed
security.secure_storage,安全存储,availability,harmonyos,ios,unknown,unreviewed,,,unassessed,尚未逐条评估证据和适用范围,unassessed,unassessed
security.secure_storage,安全存储,programming_model,android,harmonyos,unknown,unreviewed,,,unassessed,尚未逐条评估证据和适用范围,unassessed,unassessed
security.secure_storage,安全存储,programming_model,android,ios,unknown,unreviewed,,,unassessed,尚未逐条评估证据和适用范围,unassessed,unassessed
security.secure_storage,安全存储,programming_model,harmonyos,ios,unknown,unreviewed,,,unassessed,尚未逐条评估证据和适用范围,unassessed,unassessed
security.secure_storage,安全存储,lifecycle_background,android,harmonyos,unknown,unreviewed,,,unassessed,尚未逐条评估证据和适用范围,unassessed,unassessed
security.secure_storage,安全存储,lifecycle_background,android,ios,unknown,unreviewed,,,unassessed,尚未逐条评估证据和适用范围,unassessed,unassessed
security.secure_storage,安全存储,lifecycle_background,harmonyos,ios,unknown,unreviewed,,,unassessed,尚未逐条评估证据和适用范围,unassessed,unassessed
security.secure_storage,安全存储,permissions_privacy,android,harmonyos,unknown,unreviewed,,,unassessed,尚未逐条评估证据和适用范围,unassessed,unassessed
security.secure_storage,安全存储,permissions_privacy,android,ios,unknown,unreviewed,,,unassessed,尚未逐条评估证据和适用范围,unassessed,unassessed
security.secure_storage,安全存储,permissions_privacy,harmonyos,ios,unknown,unreviewed,,,unassessed,尚未逐条评估证据和适用范围,unassessed,unassessed
security.secure_storage,安全存储,limits_precision,android,harmonyos,unknown,unreviewed,,,unassessed,尚未逐条评估证据和适用范围,unassessed,unassessed
security.secure_storage,安全存储,limits_precision,android,ios,unknown,unreviewed,,,unassessed,尚未逐条评估证据和适用范围,unassessed,unassessed
security.secure_storage,安全存储,limits_precision,harmonyos,ios,unknown,unreviewed,,,unassessed,尚未逐条评估证据和适用范围,unassessed,unassessed
security.secure_storage,安全存储,device_forms,android,harmonyos,unknown,unreviewed,,,unassessed,尚未逐条评估证据和适用范围,unassessed,unassessed
security.secure_storage,安全存储,device_forms,android,ios,unknown,unreviewed,,,unassessed,尚未逐条评估证据和适用范围,unassessed,unassessed
security.secure_storage,安全存储,device_forms,harmonyos,ios,unknown,unreviewed,,,unassessed,尚未逐条评估证据和适用范围,unassessed,unassessed
security.secure_storage,安全存储,api_surface,android,harmonyos,unknown,unreviewed,,,unassessed,尚未逐条评估证据和适用范围,unassessed,unassessed
security.secure_storage,安全存储,api_surface,android,ios,unknown,unreviewed,,,unassessed,尚未逐条评估证据和适用范围,unassessed,unassessed
security.secure_storage,安全存储,api_surface,harmonyos,ios,unknown,unreviewed,,,unassessed,尚未逐条评估证据和适用范围,unassessed,unassessed
security.secure_storage.credentials,凭据安全存储,availability,android,harmonyos,unknown,unreviewed,,,unassessed,尚未逐条评估证据和适用范围,unassessed,unassessed
security.secure_storage.credentials,凭据安全存储,availability,android,ios,unknown,unreviewed,,,unassessed,尚未逐条评估证据和适用范围,unassessed,unassessed
security.secure_storage.credentials,凭据安全存储,availability,harmonyos,ios,unknown,unreviewed,,,unassessed,尚未逐条评估证据和适用范围,unassessed,unassessed
security.secure_storage.credentials,凭据安全存储,programming_model,android,harmonyos,unknown,unreviewed,,,unassessed,尚未逐条评估证据和适用范围,unassessed,unassessed
security.secure_storage.credentials,凭据安全存储,programming_model,android,ios,unknown,unreviewed,,,unassessed,尚未逐条评估证据和适用范围,unassessed,unassessed
security.secure_storage.credentials,凭据安全存储,programming_model,harmonyos,ios,unknown,unreviewed,,,unassessed,尚未逐条评估证据和适用范围,unassessed,unassessed
security.secure_storage.credentials,凭据安全存储,lifecycle_background,android,harmonyos,unknown,unreviewed,,,unassessed,尚未逐条评估证据和适用范围,unassessed,unassessed
security.secure_storage.credentials,凭据安全存储,lifecycle_background,android,ios,unknown,unreviewed,,,unassessed,尚未逐条评估证据和适用范围,unassessed,unassessed
security.secure_storage.credentials,凭据安全存储,lifecycle_background,harmonyos,ios,unknown,unreviewed,,,unassessed,尚未逐条评估证据和适用范围,unassessed,unassessed
security.secure_storage.credentials,凭据安全存储,permissions_privacy,android,harmonyos,unknown,unreviewed,,,unassessed,尚未逐条评估证据和适用范围,unassessed,unassessed
security.secure_storage.credentials,凭据安全存储,permissions_privacy,android,ios,unknown,unreviewed,,,unassessed,尚未逐条评估证据和适用范围,unassessed,unassessed
security.secure_storage.credentials,凭据安全存储,permissions_privacy,harmonyos,ios,unknown,unreviewed,,,unassessed,尚未逐条评估证据和适用范围,unassessed,unassessed
security.secure_storage.credentials,凭据安全存储,limits_precision,android,harmonyos,unknown,unreviewed,,,unassessed,尚未逐条评估证据和适用范围,unassessed,unassessed
security.secure_storage.credentials,凭据安全存储,limits_precision,android,ios,unknown,unreviewed,,,unassessed,尚未逐条评估证据和适用范围,unassessed,unassessed
security.secure_storage.credentials,凭据安全存储,limits_precision,harmonyos,ios,unknown,unreviewed,,,unassessed,尚未逐条评估证据和适用范围,unassessed,unassessed
security.secure_storage.credentials,凭据安全存储,device_forms,android,harmonyos,unknown,unreviewed,,,unassessed,尚未逐条评估证据和适用范围,unassessed,unassessed
security.secure_storage.credentials,凭据安全存储,device_forms,android,ios,unknown,unreviewed,,,unassessed,尚未逐条评估证据和适用范围,unassessed,unassessed
security.secure_storage.credentials,凭据安全存储,device_forms,harmonyos,ios,unknown,unreviewed,,,unassessed,尚未逐条评估证据和适用范围,unassessed,unassessed
security.secure_storage.credentials,凭据安全存储,api_surface,android,harmonyos,unknown,unreviewed,,,unassessed,尚未逐条评估证据和适用范围,unassessed,unassessed
security.secure_storage.credentials,凭据安全存储,api_surface,android,ios,unknown,unreviewed,,,unassessed,尚未逐条评估证据和适用范围,unassessed,unassessed
security.secure_storage.credentials,凭据安全存储,api_surface,harmonyos,ios,unknown,unreviewed,,,unassessed,尚未逐条评估证据和适用范围,unassessed,unassessed
sensors,传感器与运动,availability,android,harmonyos,unknown,unreviewed,,,unassessed,尚未逐条评估证据和适用范围,unassessed,unassessed
sensors,传感器与运动,availability,android,ios,unknown,unreviewed,,,unassessed,尚未逐条评估证据和适用范围,unassessed,unassessed
sensors,传感器与运动,availability,harmonyos,ios,unknown,unreviewed,,,unassessed,尚未逐条评估证据和适用范围,unassessed,unassessed
sensors,传感器与运动,programming_model,android,harmonyos,unknown,unreviewed,,,unassessed,尚未逐条评估证据和适用范围,unassessed,unassessed
sensors,传感器与运动,programming_model,android,ios,unknown,unreviewed,,,unassessed,尚未逐条评估证据和适用范围,unassessed,unassessed
sensors,传感器与运动,programming_model,harmonyos,ios,unknown,unreviewed,,,unassessed,尚未逐条评估证据和适用范围,unassessed,unassessed
sensors,传感器与运动,lifecycle_background,android,harmonyos,unknown,unreviewed,,,unassessed,尚未逐条评估证据和适用范围,unassessed,unassessed
sensors,传感器与运动,lifecycle_background,android,ios,unknown,unreviewed,,,unassessed,尚未逐条评估证据和适用范围,unassessed,unassessed
sensors,传感器与运动,lifecycle_background,harmonyos,ios,unknown,unreviewed,,,unassessed,尚未逐条评估证据和适用范围,unassessed,unassessed
sensors,传感器与运动,permissions_privacy,android,harmonyos,unknown,unreviewed,,,unassessed,尚未逐条评估证据和适用范围,unassessed,unassessed
sensors,传感器与运动,permissions_privacy,android,ios,unknown,unreviewed,,,unassessed,尚未逐条评估证据和适用范围,unassessed,unassessed
sensors,传感器与运动,permissions_privacy,harmonyos,ios,unknown,unreviewed,,,unassessed,尚未逐条评估证据和适用范围,unassessed,unassessed
sensors,传感器与运动,limits_precision,android,harmonyos,unknown,unreviewed,,,unassessed,尚未逐条评估证据和适用范围,unassessed,unassessed
sensors,传感器与运动,limits_precision,android,ios,unknown,unreviewed,,,unassessed,尚未逐条评估证据和适用范围,unassessed,unassessed
sensors,传感器与运动,limits_precision,harmonyos,ios,unknown,unreviewed,,,unassessed,尚未逐条评估证据和适用范围,unassessed,unassessed
sensors,传感器与运动,device_forms,android,harmonyos,unknown,unreviewed,,,unassessed,尚未逐条评估证据和适用范围,unassessed,unassessed
sensors,传感器与运动,device_forms,android,ios,unknown,unreviewed,,,unassessed,尚未逐条评估证据和适用范围,unassessed,unassessed
sensors,传感器与运动,device_forms,harmonyos,ios,unknown,unreviewed,,,unassessed,尚未逐条评估证据和适用范围,unassessed,unassessed
sensors,传感器与运动,api_surface,android,harmonyos,unknown,unreviewed,,,unassessed,尚未逐条评估证据和适用范围,unassessed,unassessed
sensors,传感器与运动,api_surface,android,ios,unknown,unreviewed,,,unassessed,尚未逐条评估证据和适用范围,unassessed,unassessed
sensors,传感器与运动,api_surface,harmonyos,ios,unknown,unreviewed,,,unassessed,尚未逐条评估证据和适用范围,unassessed,unassessed
sensors.environment,环境传感器,availability,android,harmonyos,unknown,unreviewed,,,unassessed,尚未逐条评估证据和适用范围,unassessed,unassessed
sensors.environment,环境传感器,availability,android,ios,unknown,unreviewed,,,unassessed,尚未逐条评估证据和适用范围,unassessed,unassessed
sensors.environment,环境传感器,availability,harmonyos,ios,unknown,unreviewed,,,unassessed,尚未逐条评估证据和适用范围,unassessed,unassessed
sensors.environment,环境传感器,programming_model,android,harmonyos,unknown,unreviewed,,,unassessed,尚未逐条评估证据和适用范围,unassessed,unassessed
sensors.environment,环境传感器,programming_model,android,ios,unknown,unreviewed,,,unassessed,尚未逐条评估证据和适用范围,unassessed,unassessed
sensors.environment,环境传感器,programming_model,harmonyos,ios,unknown,unreviewed,,,unassessed,尚未逐条评估证据和适用范围,unassessed,unassessed
sensors.environment,环境传感器,lifecycle_background,android,harmonyos,unknown,unreviewed,,,unassessed,尚未逐条评估证据和适用范围,unassessed,unassessed
sensors.environment,环境传感器,lifecycle_background,android,ios,unknown,unreviewed,,,unassessed,尚未逐条评估证据和适用范围,unassessed,unassessed
sensors.environment,环境传感器,lifecycle_background,harmonyos,ios,unknown,unreviewed,,,unassessed,尚未逐条评估证据和适用范围,unassessed,unassessed
sensors.environment,环境传感器,permissions_privacy,android,harmonyos,unknown,unreviewed,,,unassessed,尚未逐条评估证据和适用范围,unassessed,unassessed
sensors.environment,环境传感器,permissions_privacy,android,ios,unknown,unreviewed,,,unassessed,尚未逐条评估证据和适用范围,unassessed,unassessed
sensors.environment,环境传感器,permissions_privacy,harmonyos,ios,unknown,unreviewed,,,unassessed,尚未逐条评估证据和适用范围,unassessed,unassessed
sensors.environment,环境传感器,limits_precision,android,harmonyos,unknown,unreviewed,,,unassessed,尚未逐条评估证据和适用范围,unassessed,unassessed
sensors.environment,环境传感器,limits_precision,android,ios,unknown,unreviewed,,,unassessed,尚未逐条评估证据和适用范围,unassessed,unassessed
sensors.environment,环境传感器,limits_precision,harmonyos,ios,unknown,unreviewed,,,unassessed,尚未逐条评估证据和适用范围,unassessed,unassessed
sensors.environment,环境传感器,device_forms,android,harmonyos,unknown,unreviewed,,,unassessed,尚未逐条评估证据和适用范围,unassessed,unassessed
sensors.environment,环境传感器,device_forms,android,ios,unknown,unreviewed,,,unassessed,尚未逐条评估证据和适用范围,unassessed,unassessed
sensors.environment,环境传感器,device_forms,harmonyos,ios,unknown,unreviewed,,,unassessed,尚未逐条评估证据和适用范围,unassessed,unassessed
sensors.environment,环境传感器,api_surface,android,harmonyos,unknown,unreviewed,,,unassessed,尚未逐条评估证据和适用范围,unassessed,unassessed
sensors.environment,环境传感器,api_surface,android,ios,unknown,unreviewed,,,unassessed,尚未逐条评估证据和适用范围,unassessed,unassessed
sensors.environment,环境传感器,api_surface,harmonyos,ios,unknown,unreviewed,,,unassessed,尚未逐条评估证据和适用范围,unassessed,unassessed
sensors.environment.ambient,环境读数,availability,android,harmonyos,unknown,unreviewed,,,unassessed,尚未逐条评估证据和适用范围,unassessed,unassessed
sensors.environment.ambient,环境读数,availability,android,ios,unknown,unreviewed,,,unassessed,尚未逐条评估证据和适用范围,unassessed,unassessed
sensors.environment.ambient,环境读数,availability,harmonyos,ios,unknown,unreviewed,,,unassessed,尚未逐条评估证据和适用范围,unassessed,unassessed
sensors.environment.ambient,环境读数,programming_model,android,harmonyos,unknown,unreviewed,,,unassessed,尚未逐条评估证据和适用范围,unassessed,unassessed
sensors.environment.ambient,环境读数,programming_model,android,ios,unknown,unreviewed,,,unassessed,尚未逐条评估证据和适用范围,unassessed,unassessed
sensors.environment.ambient,环境读数,programming_model,harmonyos,ios,unknown,unreviewed,,,unassessed,尚未逐条评估证据和适用范围,unassessed,unassessed
sensors.environment.ambient,环境读数,lifecycle_background,android,harmonyos,unknown,unreviewed,,,unassessed,尚未逐条评估证据和适用范围,unassessed,unassessed
sensors.environment.ambient,环境读数,lifecycle_background,android,ios,unknown,unreviewed,,,unassessed,尚未逐条评估证据和适用范围,unassessed,unassessed
sensors.environment.ambient,环境读数,lifecycle_background,harmonyos,ios,unknown,unreviewed,,,unassessed,尚未逐条评估证据和适用范围,unassessed,unassessed
sensors.environment.ambient,环境读数,permissions_privacy,android,harmonyos,unknown,unreviewed,,,unassessed,尚未逐条评估证据和适用范围,unassessed,unassessed
sensors.environment.ambient,环境读数,permissions_privacy,android,ios,unknown,unreviewed,,,unassessed,尚未逐条评估证据和适用范围,unassessed,unassessed
sensors.environment.ambient,环境读数,permissions_privacy,harmonyos,ios,unknown,unreviewed,,,unassessed,尚未逐条评估证据和适用范围,unassessed,unassessed
sensors.environment.ambient,环境读数,limits_precision,android,harmonyos,unknown,unreviewed,,,unassessed,尚未逐条评估证据和适用范围,unassessed,unassessed
sensors.environment.ambient,环境读数,limits_precision,android,ios,unknown,unreviewed,,,unassessed,尚未逐条评估证据和适用范围,unassessed,unassessed
sensors.environment.ambient,环境读数,limits_precision,harmonyos,ios,unknown,unreviewed,,,unassessed,尚未逐条评估证据和适用范围,unassessed,unassessed
sensors.environment.ambient,环境读数,device_forms,android,harmonyos,unknown,unreviewed,,,unassessed,尚未逐条评估证据和适用范围,unassessed,unassessed
sensors.environment.ambient,环境读数,device_forms,android,ios,unknown,unreviewed,,,unassessed,尚未逐条评估证据和适用范围,unassessed,unassessed
sensors.environment.ambient,环境读数,device_forms,harmonyos,ios,unknown,unreviewed,,,unassessed,尚未逐条评估证据和适用范围,unassessed,unassessed
sensors.environment.ambient,环境读数,api_surface,android,harmonyos,unknown,unreviewed,,,unassessed,尚未逐条评估证据和适用范围,unassessed,unassessed
sensors.environment.ambient,环境读数,api_surface,android,ios,unknown,unreviewed,,,unassessed,尚未逐条评估证据和适用范围,unassessed,unassessed
sensors.environment.ambient,环境读数,api_surface,harmonyos,ios,unknown,unreviewed,,,unassessed,尚未逐条评估证据和适用范围,unassessed,unassessed
sensors.motion,运动传感器,availability,android,harmonyos,unknown,unreviewed,,,unassessed,尚未逐条评估证据和适用范围,unassessed,unassessed
sensors.motion,运动传感器,availability,android,ios,unknown,unreviewed,,,unassessed,尚未逐条评估证据和适用范围,unassessed,unassessed
sensors.motion,运动传感器,availability,harmonyos,ios,unknown,unreviewed,,,unassessed,尚未逐条评估证据和适用范围,unassessed,unassessed
sensors.motion,运动传感器,programming_model,android,harmonyos,unknown,unreviewed,,,unassessed,尚未逐条评估证据和适用范围,unassessed,unassessed
sensors.motion,运动传感器,programming_model,android,ios,unknown,unreviewed,,,unassessed,尚未逐条评估证据和适用范围,unassessed,unassessed
sensors.motion,运动传感器,programming_model,harmonyos,ios,unknown,unreviewed,,,unassessed,尚未逐条评估证据和适用范围,unassessed,unassessed
sensors.motion,运动传感器,lifecycle_background,android,harmonyos,unknown,unreviewed,,,unassessed,尚未逐条评估证据和适用范围,unassessed,unassessed
sensors.motion,运动传感器,lifecycle_background,android,ios,unknown,unreviewed,,,unassessed,尚未逐条评估证据和适用范围,unassessed,unassessed
sensors.motion,运动传感器,lifecycle_background,harmonyos,ios,unknown,unreviewed,,,unassessed,尚未逐条评估证据和适用范围,unassessed,unassessed
sensors.motion,运动传感器,permissions_privacy,android,harmonyos,unknown,unreviewed,,,unassessed,尚未逐条评估证据和适用范围,unassessed,unassessed
sensors.motion,运动传感器,permissions_privacy,android,ios,unknown,unreviewed,,,unassessed,尚未逐条评估证据和适用范围,unassessed,unassessed
sensors.motion,运动传感器,permissions_privacy,harmonyos,ios,unknown,unreviewed,,,unassessed,尚未逐条评估证据和适用范围,unassessed,unassessed
sensors.motion,运动传感器,limits_precision,android,harmonyos,unknown,unreviewed,,,unassessed,尚未逐条评估证据和适用范围,unassessed,unassessed
sensors.motion,运动传感器,limits_precision,android,ios,unknown,unreviewed,,,unassessed,尚未逐条评估证据和适用范围,unassessed,unassessed
sensors.motion,运动传感器,limits_precision,harmonyos,ios,unknown,unreviewed,,,unassessed,尚未逐条评估证据和适用范围,unassessed,unassessed
sensors.motion,运动传感器,device_forms,android,harmonyos,unknown,unreviewed,,,unassessed,尚未逐条评估证据和适用范围,unassessed,unassessed
sensors.motion,运动传感器,device_forms,android,ios,unknown,unreviewed,,,unassessed,尚未逐条评估证据和适用范围,unassessed,unassessed
sensors.motion,运动传感器,device_forms,harmonyos,ios,unknown,unreviewed,,,unassessed,尚未逐条评估证据和适用范围,unassessed,unassessed
sensors.motion,运动传感器,api_surface,android,harmonyos,unknown,unreviewed,,,unassessed,尚未逐条评估证据和适用范围,unassessed,unassessed
sensors.motion,运动传感器,api_surface,android,ios,unknown,unreviewed,,,unassessed,尚未逐条评估证据和适用范围,unassessed,unassessed
sensors.motion,运动传感器,api_surface,harmonyos,ios,unknown,unreviewed,,,unassessed,尚未逐条评估证据和适用范围,unassessed,unassessed
sensors.motion.accel_gyro,加速度与陀螺仪,availability,android,harmonyos,unknown,unreviewed,,,unassessed,尚未逐条评估证据和适用范围,unassessed,unassessed
sensors.motion.accel_gyro,加速度与陀螺仪,availability,android,ios,unknown,unreviewed,,,unassessed,尚未逐条评估证据和适用范围,unassessed,unassessed
sensors.motion.accel_gyro,加速度与陀螺仪,availability,harmonyos,ios,unknown,unreviewed,,,unassessed,尚未逐条评估证据和适用范围,unassessed,unassessed
sensors.motion.accel_gyro,加速度与陀螺仪,programming_model,android,harmonyos,unknown,unreviewed,,,unassessed,尚未逐条评估证据和适用范围,unassessed,unassessed
sensors.motion.accel_gyro,加速度与陀螺仪,programming_model,android,ios,unknown,unreviewed,,,unassessed,尚未逐条评估证据和适用范围,unassessed,unassessed
sensors.motion.accel_gyro,加速度与陀螺仪,programming_model,harmonyos,ios,unknown,unreviewed,,,unassessed,尚未逐条评估证据和适用范围,unassessed,unassessed
sensors.motion.accel_gyro,加速度与陀螺仪,lifecycle_background,android,harmonyos,unknown,unreviewed,,,unassessed,尚未逐条评估证据和适用范围,unassessed,unassessed
sensors.motion.accel_gyro,加速度与陀螺仪,lifecycle_background,android,ios,unknown,unreviewed,,,unassessed,尚未逐条评估证据和适用范围,unassessed,unassessed
sensors.motion.accel_gyro,加速度与陀螺仪,lifecycle_background,harmonyos,ios,unknown,unreviewed,,,unassessed,尚未逐条评估证据和适用范围,unassessed,unassessed
sensors.motion.accel_gyro,加速度与陀螺仪,permissions_privacy,android,harmonyos,unknown,unreviewed,,,unassessed,尚未逐条评估证据和适用范围,unassessed,unassessed
sensors.motion.accel_gyro,加速度与陀螺仪,permissions_privacy,android,ios,unknown,unreviewed,,,unassessed,尚未逐条评估证据和适用范围,unassessed,unassessed
sensors.motion.accel_gyro,加速度与陀螺仪,permissions_privacy,harmonyos,ios,unknown,unreviewed,,,unassessed,尚未逐条评估证据和适用范围,unassessed,unassessed
sensors.motion.accel_gyro,加速度与陀螺仪,limits_precision,android,harmonyos,unknown,unreviewed,,,unassessed,尚未逐条评估证据和适用范围,unassessed,unassessed
sensors.motion.accel_gyro,加速度与陀螺仪,limits_precision,android,ios,unknown,unreviewed,,,unassessed,尚未逐条评估证据和适用范围,unassessed,unassessed
sensors.motion.accel_gyro,加速度与陀螺仪,limits_precision,harmonyos,ios,unknown,unreviewed,,,unassessed,尚未逐条评估证据和适用范围,unassessed,unassessed
sensors.motion.accel_gyro,加速度与陀螺仪,device_forms,android,harmonyos,unknown,unreviewed,,,unassessed,尚未逐条评估证据和适用范围,unassessed,unassessed
sensors.motion.accel_gyro,加速度与陀螺仪,device_forms,android,ios,unknown,unreviewed,,,unassessed,尚未逐条评估证据和适用范围,unassessed,unassessed
sensors.motion.accel_gyro,加速度与陀螺仪,device_forms,harmonyos,ios,unknown,unreviewed,,,unassessed,尚未逐条评估证据和适用范围,unassessed,unassessed
sensors.motion.accel_gyro,加速度与陀螺仪,api_surface,android,harmonyos,unknown,unreviewed,,,unassessed,尚未逐条评估证据和适用范围,unassessed,unassessed
sensors.motion.accel_gyro,加速度与陀螺仪,api_surface,android,ios,unknown,unreviewed,,,unassessed,尚未逐条评估证据和适用范围,unassessed,unassessed
sensors.motion.accel_gyro,加速度与陀螺仪,api_surface,harmonyos,ios,unknown,unreviewed,,,unassessed,尚未逐条评估证据和适用范围,unassessed,unassessed
storage,数据与存储,availability,android,harmonyos,unknown,unreviewed,,,unassessed,尚未逐条评估证据和适用范围,unassessed,unassessed
storage,数据与存储,availability,android,ios,unknown,unreviewed,,,unassessed,尚未逐条评估证据和适用范围,unassessed,unassessed
storage,数据与存储,availability,harmonyos,ios,unknown,unreviewed,,,unassessed,尚未逐条评估证据和适用范围,unassessed,unassessed
storage,数据与存储,programming_model,android,harmonyos,unknown,unreviewed,,,unassessed,尚未逐条评估证据和适用范围,unassessed,unassessed
storage,数据与存储,programming_model,android,ios,unknown,unreviewed,,,unassessed,尚未逐条评估证据和适用范围,unassessed,unassessed
storage,数据与存储,programming_model,harmonyos,ios,unknown,unreviewed,,,unassessed,尚未逐条评估证据和适用范围,unassessed,unassessed
storage,数据与存储,lifecycle_background,android,harmonyos,unknown,unreviewed,,,unassessed,尚未逐条评估证据和适用范围,unassessed,unassessed
storage,数据与存储,lifecycle_background,android,ios,unknown,unreviewed,,,unassessed,尚未逐条评估证据和适用范围,unassessed,unassessed
storage,数据与存储,lifecycle_background,harmonyos,ios,unknown,unreviewed,,,unassessed,尚未逐条评估证据和适用范围,unassessed,unassessed
storage,数据与存储,permissions_privacy,android,harmonyos,unknown,unreviewed,,,unassessed,尚未逐条评估证据和适用范围,unassessed,unassessed
storage,数据与存储,permissions_privacy,android,ios,unknown,unreviewed,,,unassessed,尚未逐条评估证据和适用范围,unassessed,unassessed
storage,数据与存储,permissions_privacy,harmonyos,ios,unknown,unreviewed,,,unassessed,尚未逐条评估证据和适用范围,unassessed,unassessed
storage,数据与存储,limits_precision,android,harmonyos,unknown,unreviewed,,,unassessed,尚未逐条评估证据和适用范围,unassessed,unassessed
storage,数据与存储,limits_precision,android,ios,unknown,unreviewed,,,unassessed,尚未逐条评估证据和适用范围,unassessed,unassessed
storage,数据与存储,limits_precision,harmonyos,ios,unknown,unreviewed,,,unassessed,尚未逐条评估证据和适用范围,unassessed,unassessed
storage,数据与存储,device_forms,android,harmonyos,unknown,unreviewed,,,unassessed,尚未逐条评估证据和适用范围,unassessed,unassessed
storage,数据与存储,device_forms,android,ios,unknown,unreviewed,,,unassessed,尚未逐条评估证据和适用范围,unassessed,unassessed
storage,数据与存储,device_forms,harmonyos,ios,unknown,unreviewed,,,unassessed,尚未逐条评估证据和适用范围,unassessed,unassessed
storage,数据与存储,api_surface,android,harmonyos,unknown,unreviewed,,,unassessed,尚未逐条评估证据和适用范围,unassessed,unassessed
storage,数据与存储,api_surface,android,ios,unknown,unreviewed,,,unassessed,尚未逐条评估证据和适用范围,unassessed,unassessed
storage,数据与存储,api_surface,harmonyos,ios,unknown,unreviewed,,,unassessed,尚未逐条评估证据和适用范围,unassessed,unassessed
storage.cloud,云端同步存储,availability,android,harmonyos,unknown,unreviewed,,,unassessed,尚未逐条评估证据和适用范围,unassessed,unassessed
storage.cloud,云端同步存储,availability,android,ios,unknown,unreviewed,,,unassessed,尚未逐条评估证据和适用范围,unassessed,unassessed
storage.cloud,云端同步存储,availability,harmonyos,ios,unknown,unreviewed,,,unassessed,尚未逐条评估证据和适用范围,unassessed,unassessed
storage.cloud,云端同步存储,programming_model,android,harmonyos,unknown,unreviewed,,,unassessed,尚未逐条评估证据和适用范围,unassessed,unassessed
storage.cloud,云端同步存储,programming_model,android,ios,unknown,unreviewed,,,unassessed,尚未逐条评估证据和适用范围,unassessed,unassessed
storage.cloud,云端同步存储,programming_model,harmonyos,ios,unknown,unreviewed,,,unassessed,尚未逐条评估证据和适用范围,unassessed,unassessed
storage.cloud,云端同步存储,lifecycle_background,android,harmonyos,unknown,unreviewed,,,unassessed,尚未逐条评估证据和适用范围,unassessed,unassessed
storage.cloud,云端同步存储,lifecycle_background,android,ios,unknown,unreviewed,,,unassessed,尚未逐条评估证据和适用范围,unassessed,unassessed
storage.cloud,云端同步存储,lifecycle_background,harmonyos,ios,unknown,unreviewed,,,unassessed,尚未逐条评估证据和适用范围,unassessed,unassessed
storage.cloud,云端同步存储,permissions_privacy,android,harmonyos,unknown,unreviewed,,,unassessed,尚未逐条评估证据和适用范围,unassessed,unassessed
storage.cloud,云端同步存储,permissions_privacy,android,ios,unknown,unreviewed,,,unassessed,尚未逐条评估证据和适用范围,unassessed,unassessed
storage.cloud,云端同步存储,permissions_privacy,harmonyos,ios,unknown,unreviewed,,,unassessed,尚未逐条评估证据和适用范围,unassessed,unassessed
storage.cloud,云端同步存储,limits_precision,android,harmonyos,unknown,unreviewed,,,unassessed,尚未逐条评估证据和适用范围,unassessed,unassessed
storage.cloud,云端同步存储,limits_precision,android,ios,unknown,unreviewed,,,unassessed,尚未逐条评估证据和适用范围,unassessed,unassessed
storage.cloud,云端同步存储,limits_precision,harmonyos,ios,unknown,unreviewed,,,unassessed,尚未逐条评估证据和适用范围,unassessed,unassessed
storage.cloud,云端同步存储,device_forms,android,harmonyos,unknown,unreviewed,,,unassessed,尚未逐条评估证据和适用范围,unassessed,unassessed
storage.cloud,云端同步存储,device_forms,android,ios,unknown,unreviewed,,,unassessed,尚未逐条评估证据和适用范围,unassessed,unassessed
storage.cloud,云端同步存储,device_forms,harmonyos,ios,unknown,unreviewed,,,unassessed,尚未逐条评估证据和适用范围,unassessed,unassessed
storage.cloud,云端同步存储,api_surface,android,harmonyos,unknown,unreviewed,,,unassessed,尚未逐条评估证据和适用范围,unassessed,unassessed
storage.cloud,云端同步存储,api_surface,android,ios,unknown,unreviewed,,,unassessed,尚未逐条评估证据和适用范围,unassessed,unassessed
storage.cloud,云端同步存储,api_surface,harmonyos,ios,unknown,unreviewed,,,unassessed,尚未逐条评估证据和适用范围,unassessed,unassessed
storage.cloud.records,云记录同步,availability,android,harmonyos,unknown,unreviewed,,,unassessed,尚未逐条评估证据和适用范围,unassessed,unassessed
storage.cloud.records,云记录同步,availability,android,ios,unknown,unreviewed,,,unassessed,尚未逐条评估证据和适用范围,unassessed,unassessed
storage.cloud.records,云记录同步,availability,harmonyos,ios,unknown,unreviewed,,,unassessed,尚未逐条评估证据和适用范围,unassessed,unassessed
storage.cloud.records,云记录同步,programming_model,android,harmonyos,unknown,unreviewed,,,unassessed,尚未逐条评估证据和适用范围,unassessed,unassessed
storage.cloud.records,云记录同步,programming_model,android,ios,unknown,unreviewed,,,unassessed,尚未逐条评估证据和适用范围,unassessed,unassessed
storage.cloud.records,云记录同步,programming_model,harmonyos,ios,unknown,unreviewed,,,unassessed,尚未逐条评估证据和适用范围,unassessed,unassessed
storage.cloud.records,云记录同步,lifecycle_background,android,harmonyos,unknown,unreviewed,,,unassessed,尚未逐条评估证据和适用范围,unassessed,unassessed
storage.cloud.records,云记录同步,lifecycle_background,android,ios,unknown,unreviewed,,,unassessed,尚未逐条评估证据和适用范围,unassessed,unassessed
storage.cloud.records,云记录同步,lifecycle_background,harmonyos,ios,unknown,unreviewed,,,unassessed,尚未逐条评估证据和适用范围,unassessed,unassessed
storage.cloud.records,云记录同步,permissions_privacy,android,harmonyos,unknown,unreviewed,,,unassessed,尚未逐条评估证据和适用范围,unassessed,unassessed
storage.cloud.records,云记录同步,permissions_privacy,android,ios,unknown,unreviewed,,,unassessed,尚未逐条评估证据和适用范围,unassessed,unassessed
storage.cloud.records,云记录同步,permissions_privacy,harmonyos,ios,unknown,unreviewed,,,unassessed,尚未逐条评估证据和适用范围,unassessed,unassessed
storage.cloud.records,云记录同步,limits_precision,android,harmonyos,unknown,unreviewed,,,unassessed,尚未逐条评估证据和适用范围,unassessed,unassessed
storage.cloud.records,云记录同步,limits_precision,android,ios,unknown,unreviewed,,,unassessed,尚未逐条评估证据和适用范围,unassessed,unassessed
storage.cloud.records,云记录同步,limits_precision,harmonyos,ios,unknown,unreviewed,,,unassessed,尚未逐条评估证据和适用范围,unassessed,unassessed
storage.cloud.records,云记录同步,device_forms,android,harmonyos,unknown,unreviewed,,,unassessed,尚未逐条评估证据和适用范围,unassessed,unassessed
storage.cloud.records,云记录同步,device_forms,android,ios,unknown,unreviewed,,,unassessed,尚未逐条评估证据和适用范围,unassessed,unassessed
storage.cloud.records,云记录同步,device_forms,harmonyos,ios,unknown,unreviewed,,,unassessed,尚未逐条评估证据和适用范围,unassessed,unassessed
storage.cloud.records,云记录同步,api_surface,android,harmonyos,unknown,unreviewed,,,unassessed,尚未逐条评估证据和适用范围,unassessed,unassessed
storage.cloud.records,云记录同步,api_surface,android,ios,unknown,unreviewed,,,unassessed,尚未逐条评估证据和适用范围,unassessed,unassessed
storage.cloud.records,云记录同步,api_surface,harmonyos,ios,unknown,unreviewed,,,unassessed,尚未逐条评估证据和适用范围,unassessed,unassessed
storage.db,结构化存储,availability,android,harmonyos,unknown,unreviewed,,,unassessed,尚未逐条评估证据和适用范围,unassessed,unassessed
storage.db,结构化存储,availability,android,ios,unknown,unreviewed,,,unassessed,尚未逐条评估证据和适用范围,unassessed,unassessed
storage.db,结构化存储,availability,harmonyos,ios,unknown,unreviewed,,,unassessed,尚未逐条评估证据和适用范围,unassessed,unassessed
storage.db,结构化存储,programming_model,android,harmonyos,unknown,unreviewed,,,unassessed,尚未逐条评估证据和适用范围,unassessed,unassessed
storage.db,结构化存储,programming_model,android,ios,unknown,unreviewed,,,unassessed,尚未逐条评估证据和适用范围,unassessed,unassessed
storage.db,结构化存储,programming_model,harmonyos,ios,unknown,unreviewed,,,unassessed,尚未逐条评估证据和适用范围,unassessed,unassessed
storage.db,结构化存储,lifecycle_background,android,harmonyos,unknown,unreviewed,,,unassessed,尚未逐条评估证据和适用范围,unassessed,unassessed
storage.db,结构化存储,lifecycle_background,android,ios,unknown,unreviewed,,,unassessed,尚未逐条评估证据和适用范围,unassessed,unassessed
storage.db,结构化存储,lifecycle_background,harmonyos,ios,unknown,unreviewed,,,unassessed,尚未逐条评估证据和适用范围,unassessed,unassessed
storage.db,结构化存储,permissions_privacy,android,harmonyos,unknown,unreviewed,,,unassessed,尚未逐条评估证据和适用范围,unassessed,unassessed
storage.db,结构化存储,permissions_privacy,android,ios,unknown,unreviewed,,,unassessed,尚未逐条评估证据和适用范围,unassessed,unassessed
storage.db,结构化存储,permissions_privacy,harmonyos,ios,unknown,unreviewed,,,unassessed,尚未逐条评估证据和适用范围,unassessed,unassessed
storage.db,结构化存储,limits_precision,android,harmonyos,unknown,unreviewed,,,unassessed,尚未逐条评估证据和适用范围,unassessed,unassessed
storage.db,结构化存储,limits_precision,android,ios,unknown,unreviewed,,,unassessed,尚未逐条评估证据和适用范围,unassessed,unassessed
storage.db,结构化存储,limits_precision,harmonyos,ios,unknown,unreviewed,,,unassessed,尚未逐条评估证据和适用范围,unassessed,unassessed
storage.db,结构化存储,device_forms,android,harmonyos,unknown,unreviewed,,,unassessed,尚未逐条评估证据和适用范围,unassessed,unassessed
storage.db,结构化存储,device_forms,android,ios,unknown,unreviewed,,,unassessed,尚未逐条评估证据和适用范围,unassessed,unassessed
storage.db,结构化存储,device_forms,harmonyos,ios,unknown,unreviewed,,,unassessed,尚未逐条评估证据和适用范围,unassessed,unassessed
storage.db,结构化存储,api_surface,android,harmonyos,unknown,unreviewed,,,unassessed,尚未逐条评估证据和适用范围,unassessed,unassessed
storage.db,结构化存储,api_surface,android,ios,unknown,unreviewed,,,unassessed,尚未逐条评估证据和适用范围,unassessed,unassessed
storage.db,结构化存储,api_surface,harmonyos,ios,unknown,unreviewed,,,unassessed,尚未逐条评估证据和适用范围,unassessed,unassessed
storage.db.relational,关系数据库,availability,android,harmonyos,unknown,unreviewed,,,unassessed,尚未逐条评估证据和适用范围,unassessed,unassessed
storage.db.relational,关系数据库,availability,android,ios,unknown,unreviewed,,,unassessed,尚未逐条评估证据和适用范围,unassessed,unassessed
storage.db.relational,关系数据库,availability,harmonyos,ios,unknown,unreviewed,,,unassessed,尚未逐条评估证据和适用范围,unassessed,unassessed
storage.db.relational,关系数据库,programming_model,android,harmonyos,unknown,unreviewed,,,unassessed,尚未逐条评估证据和适用范围,unassessed,unassessed
storage.db.relational,关系数据库,programming_model,android,ios,unknown,unreviewed,,,unassessed,尚未逐条评估证据和适用范围,unassessed,unassessed
storage.db.relational,关系数据库,programming_model,harmonyos,ios,unknown,unreviewed,,,unassessed,尚未逐条评估证据和适用范围,unassessed,unassessed
storage.db.relational,关系数据库,lifecycle_background,android,harmonyos,unknown,unreviewed,,,unassessed,尚未逐条评估证据和适用范围,unassessed,unassessed
storage.db.relational,关系数据库,lifecycle_background,android,ios,unknown,unreviewed,,,unassessed,尚未逐条评估证据和适用范围,unassessed,unassessed
storage.db.relational,关系数据库,lifecycle_background,harmonyos,ios,unknown,unreviewed,,,unassessed,尚未逐条评估证据和适用范围,unassessed,unassessed
storage.db.relational,关系数据库,permissions_privacy,android,harmonyos,unknown,unreviewed,,,unassessed,尚未逐条评估证据和适用范围,unassessed,unassessed
storage.db.relational,关系数据库,permissions_privacy,android,ios,unknown,unreviewed,,,unassessed,尚未逐条评估证据和适用范围,unassessed,unassessed
storage.db.relational,关系数据库,permissions_privacy,harmonyos,ios,unknown,unreviewed,,,unassessed,尚未逐条评估证据和适用范围,unassessed,unassessed
storage.db.relational,关系数据库,limits_precision,android,harmonyos,unknown,unreviewed,,,unassessed,尚未逐条评估证据和适用范围,unassessed,unassessed
storage.db.relational,关系数据库,limits_precision,android,ios,unknown,unreviewed,,,unassessed,尚未逐条评估证据和适用范围,unassessed,unassessed
storage.db.relational,关系数据库,limits_precision,harmonyos,ios,unknown,unreviewed,,,unassessed,尚未逐条评估证据和适用范围,unassessed,unassessed
storage.db.relational,关系数据库,device_forms,android,harmonyos,unknown,unreviewed,,,unassessed,尚未逐条评估证据和适用范围,unassessed,unassessed
storage.db.relational,关系数据库,device_forms,android,ios,unknown,unreviewed,,,unassessed,尚未逐条评估证据和适用范围,unassessed,unassessed
storage.db.relational,关系数据库,device_forms,harmonyos,ios,unknown,unreviewed,,,unassessed,尚未逐条评估证据和适用范围,unassessed,unassessed
storage.db.relational,关系数据库,api_surface,android,harmonyos,unknown,unreviewed,,,unassessed,尚未逐条评估证据和适用范围,unassessed,unassessed
storage.db.relational,关系数据库,api_surface,android,ios,unknown,unreviewed,,,unassessed,尚未逐条评估证据和适用范围,unassessed,unassessed
storage.db.relational,关系数据库,api_surface,harmonyos,ios,unknown,unreviewed,,,unassessed,尚未逐条评估证据和适用范围,unassessed,unassessed
storage.kv,键值存储,availability,android,harmonyos,unknown,unreviewed,,,unassessed,尚未逐条评估证据和适用范围,unassessed,unassessed
storage.kv,键值存储,availability,android,ios,unknown,unreviewed,,,unassessed,尚未逐条评估证据和适用范围,unassessed,unassessed
storage.kv,键值存储,availability,harmonyos,ios,unknown,unreviewed,,,unassessed,尚未逐条评估证据和适用范围,unassessed,unassessed
storage.kv,键值存储,programming_model,android,harmonyos,unknown,unreviewed,,,unassessed,尚未逐条评估证据和适用范围,unassessed,unassessed
storage.kv,键值存储,programming_model,android,ios,unknown,unreviewed,,,unassessed,尚未逐条评估证据和适用范围,unassessed,unassessed
storage.kv,键值存储,programming_model,harmonyos,ios,unknown,unreviewed,,,unassessed,尚未逐条评估证据和适用范围,unassessed,unassessed
storage.kv,键值存储,lifecycle_background,android,harmonyos,unknown,unreviewed,,,unassessed,尚未逐条评估证据和适用范围,unassessed,unassessed
storage.kv,键值存储,lifecycle_background,android,ios,unknown,unreviewed,,,unassessed,尚未逐条评估证据和适用范围,unassessed,unassessed
storage.kv,键值存储,lifecycle_background,harmonyos,ios,unknown,unreviewed,,,unassessed,尚未逐条评估证据和适用范围,unassessed,unassessed
storage.kv,键值存储,permissions_privacy,android,harmonyos,unknown,unreviewed,,,unassessed,尚未逐条评估证据和适用范围,unassessed,unassessed
storage.kv,键值存储,permissions_privacy,android,ios,unknown,unreviewed,,,unassessed,尚未逐条评估证据和适用范围,unassessed,unassessed
storage.kv,键值存储,permissions_privacy,harmonyos,ios,unknown,unreviewed,,,unassessed,尚未逐条评估证据和适用范围,unassessed,unassessed
storage.kv,键值存储,limits_precision,android,harmonyos,unknown,unreviewed,,,unassessed,尚未逐条评估证据和适用范围,unassessed,unassessed
storage.kv,键值存储,limits_precision,android,ios,unknown,unreviewed,,,unassessed,尚未逐条评估证据和适用范围,unassessed,unassessed
storage.kv,键值存储,limits_precision,harmonyos,ios,unknown,unreviewed,,,unassessed,尚未逐条评估证据和适用范围,unassessed,unassessed
storage.kv,键值存储,device_forms,android,harmonyos,unknown,unreviewed,,,unassessed,尚未逐条评估证据和适用范围,unassessed,unassessed
storage.kv,键值存储,device_forms,android,ios,unknown,unreviewed,,,unassessed,尚未逐条评估证据和适用范围,unassessed,unassessed
storage.kv,键值存储,device_forms,harmonyos,ios,unknown,unreviewed,,,unassessed,尚未逐条评估证据和适用范围,unassessed,unassessed
storage.kv,键值存储,api_surface,android,harmonyos,unknown,unreviewed,,,unassessed,尚未逐条评估证据和适用范围,unassessed,unassessed
storage.kv,键值存储,api_surface,android,ios,unknown,unreviewed,,,unassessed,尚未逐条评估证据和适用范围,unassessed,unassessed
storage.kv,键值存储,api_surface,harmonyos,ios,unknown,unreviewed,,,unassessed,尚未逐条评估证据和适用范围,unassessed,unassessed
storage.kv.preferences,偏好键值,availability,android,harmonyos,unknown,unreviewed,,,unassessed,尚未逐条评估证据和适用范围,unassessed,unassessed
storage.kv.preferences,偏好键值,availability,android,ios,unknown,unreviewed,,,unassessed,尚未逐条评估证据和适用范围,unassessed,unassessed
storage.kv.preferences,偏好键值,availability,harmonyos,ios,unknown,unreviewed,,,unassessed,尚未逐条评估证据和适用范围,unassessed,unassessed
storage.kv.preferences,偏好键值,programming_model,android,harmonyos,unknown,unreviewed,,,unassessed,尚未逐条评估证据和适用范围,unassessed,unassessed
storage.kv.preferences,偏好键值,programming_model,android,ios,unknown,unreviewed,,,unassessed,尚未逐条评估证据和适用范围,unassessed,unassessed
storage.kv.preferences,偏好键值,programming_model,harmonyos,ios,unknown,unreviewed,,,unassessed,尚未逐条评估证据和适用范围,unassessed,unassessed
storage.kv.preferences,偏好键值,lifecycle_background,android,harmonyos,unknown,unreviewed,,,unassessed,尚未逐条评估证据和适用范围,unassessed,unassessed
storage.kv.preferences,偏好键值,lifecycle_background,android,ios,unknown,unreviewed,,,unassessed,尚未逐条评估证据和适用范围,unassessed,unassessed
storage.kv.preferences,偏好键值,lifecycle_background,harmonyos,ios,unknown,unreviewed,,,unassessed,尚未逐条评估证据和适用范围,unassessed,unassessed
storage.kv.preferences,偏好键值,permissions_privacy,android,harmonyos,unknown,unreviewed,,,unassessed,尚未逐条评估证据和适用范围,unassessed,unassessed
storage.kv.preferences,偏好键值,permissions_privacy,android,ios,unknown,unreviewed,,,unassessed,尚未逐条评估证据和适用范围,unassessed,unassessed
storage.kv.preferences,偏好键值,permissions_privacy,harmonyos,ios,unknown,unreviewed,,,unassessed,尚未逐条评估证据和适用范围,unassessed,unassessed
storage.kv.preferences,偏好键值,limits_precision,android,harmonyos,unknown,unreviewed,,,unassessed,尚未逐条评估证据和适用范围,unassessed,unassessed
storage.kv.preferences,偏好键值,limits_precision,android,ios,unknown,unreviewed,,,unassessed,尚未逐条评估证据和适用范围,unassessed,unassessed
storage.kv.preferences,偏好键值,limits_precision,harmonyos,ios,unknown,unreviewed,,,unassessed,尚未逐条评估证据和适用范围,unassessed,unassessed
storage.kv.preferences,偏好键值,device_forms,android,harmonyos,unknown,unreviewed,,,unassessed,尚未逐条评估证据和适用范围,unassessed,unassessed
storage.kv.preferences,偏好键值,device_forms,android,ios,unknown,unreviewed,,,unassessed,尚未逐条评估证据和适用范围,unassessed,unassessed
storage.kv.preferences,偏好键值,device_forms,harmonyos,ios,unknown,unreviewed,,,unassessed,尚未逐条评估证据和适用范围,unassessed,unassessed
storage.kv.preferences,偏好键值,api_surface,android,harmonyos,unknown,unreviewed,,,unassessed,尚未逐条评估证据和适用范围,unassessed,unassessed
storage.kv.preferences,偏好键值,api_surface,android,ios,unknown,unreviewed,,,unassessed,尚未逐条评估证据和适用范围,unassessed,unassessed
storage.kv.preferences,偏好键值,api_surface,harmonyos,ios,unknown,unreviewed,,,unassessed,尚未逐条评估证据和适用范围,unassessed,unassessed
storage.sandbox,应用沙箱文件,availability,android,harmonyos,unknown,unreviewed,,,unassessed,尚未逐条评估证据和适用范围,unassessed,unassessed
storage.sandbox,应用沙箱文件,availability,android,ios,unknown,unreviewed,,,unassessed,尚未逐条评估证据和适用范围,unassessed,unassessed
storage.sandbox,应用沙箱文件,availability,harmonyos,ios,unknown,unreviewed,,,unassessed,尚未逐条评估证据和适用范围,unassessed,unassessed
storage.sandbox,应用沙箱文件,programming_model,android,harmonyos,unknown,unreviewed,,,unassessed,尚未逐条评估证据和适用范围,unassessed,unassessed
storage.sandbox,应用沙箱文件,programming_model,android,ios,unknown,unreviewed,,,unassessed,尚未逐条评估证据和适用范围,unassessed,unassessed
storage.sandbox,应用沙箱文件,programming_model,harmonyos,ios,unknown,unreviewed,,,unassessed,尚未逐条评估证据和适用范围,unassessed,unassessed
storage.sandbox,应用沙箱文件,lifecycle_background,android,harmonyos,unknown,unreviewed,,,unassessed,尚未逐条评估证据和适用范围,unassessed,unassessed
storage.sandbox,应用沙箱文件,lifecycle_background,android,ios,unknown,unreviewed,,,unassessed,尚未逐条评估证据和适用范围,unassessed,unassessed
storage.sandbox,应用沙箱文件,lifecycle_background,harmonyos,ios,unknown,unreviewed,,,unassessed,尚未逐条评估证据和适用范围,unassessed,unassessed
storage.sandbox,应用沙箱文件,permissions_privacy,android,harmonyos,unknown,unreviewed,,,unassessed,尚未逐条评估证据和适用范围,unassessed,unassessed
storage.sandbox,应用沙箱文件,permissions_privacy,android,ios,unknown,unreviewed,,,unassessed,尚未逐条评估证据和适用范围,unassessed,unassessed
storage.sandbox,应用沙箱文件,permissions_privacy,harmonyos,ios,unknown,unreviewed,,,unassessed,尚未逐条评估证据和适用范围,unassessed,unassessed
storage.sandbox,应用沙箱文件,limits_precision,android,harmonyos,unknown,unreviewed,,,unassessed,尚未逐条评估证据和适用范围,unassessed,unassessed
storage.sandbox,应用沙箱文件,limits_precision,android,ios,unknown,unreviewed,,,unassessed,尚未逐条评估证据和适用范围,unassessed,unassessed
storage.sandbox,应用沙箱文件,limits_precision,harmonyos,ios,unknown,unreviewed,,,unassessed,尚未逐条评估证据和适用范围,unassessed,unassessed
storage.sandbox,应用沙箱文件,device_forms,android,harmonyos,unknown,unreviewed,,,unassessed,尚未逐条评估证据和适用范围,unassessed,unassessed
storage.sandbox,应用沙箱文件,device_forms,android,ios,unknown,unreviewed,,,unassessed,尚未逐条评估证据和适用范围,unassessed,unassessed
storage.sandbox,应用沙箱文件,device_forms,harmonyos,ios,unknown,unreviewed,,,unassessed,尚未逐条评估证据和适用范围,unassessed,unassessed
storage.sandbox,应用沙箱文件,api_surface,android,harmonyos,unknown,unreviewed,,,unassessed,尚未逐条评估证据和适用范围,unassessed,unassessed
storage.sandbox,应用沙箱文件,api_surface,android,ios,unknown,unreviewed,,,unassessed,尚未逐条评估证据和适用范围,unassessed,unassessed
storage.sandbox,应用沙箱文件,api_surface,harmonyos,ios,unknown,unreviewed,,,unassessed,尚未逐条评估证据和适用范围,unassessed,unassessed
storage.sandbox.private_files,私有文件读写,availability,android,harmonyos,unknown,unreviewed,,,unassessed,尚未逐条评估证据和适用范围,unassessed,unassessed
storage.sandbox.private_files,私有文件读写,availability,android,ios,unknown,unreviewed,,,unassessed,尚未逐条评估证据和适用范围,unassessed,unassessed
storage.sandbox.private_files,私有文件读写,availability,harmonyos,ios,unknown,unreviewed,,,unassessed,尚未逐条评估证据和适用范围,unassessed,unassessed
storage.sandbox.private_files,私有文件读写,programming_model,android,harmonyos,unknown,unreviewed,,,unassessed,尚未逐条评估证据和适用范围,unassessed,unassessed
storage.sandbox.private_files,私有文件读写,programming_model,android,ios,unknown,unreviewed,,,unassessed,尚未逐条评估证据和适用范围,unassessed,unassessed
storage.sandbox.private_files,私有文件读写,programming_model,harmonyos,ios,unknown,unreviewed,,,unassessed,尚未逐条评估证据和适用范围,unassessed,unassessed
storage.sandbox.private_files,私有文件读写,lifecycle_background,android,harmonyos,unknown,unreviewed,,,unassessed,尚未逐条评估证据和适用范围,unassessed,unassessed
storage.sandbox.private_files,私有文件读写,lifecycle_background,android,ios,unknown,unreviewed,,,unassessed,尚未逐条评估证据和适用范围,unassessed,unassessed
storage.sandbox.private_files,私有文件读写,lifecycle_background,harmonyos,ios,unknown,unreviewed,,,unassessed,尚未逐条评估证据和适用范围,unassessed,unassessed
storage.sandbox.private_files,私有文件读写,permissions_privacy,android,harmonyos,unknown,unreviewed,,,unassessed,尚未逐条评估证据和适用范围,unassessed,unassessed
storage.sandbox.private_files,私有文件读写,permissions_privacy,android,ios,unknown,unreviewed,,,unassessed,尚未逐条评估证据和适用范围,unassessed,unassessed
storage.sandbox.private_files,私有文件读写,permissions_privacy,harmonyos,ios,unknown,unreviewed,,,unassessed,尚未逐条评估证据和适用范围,unassessed,unassessed
storage.sandbox.private_files,私有文件读写,limits_precision,android,harmonyos,unknown,unreviewed,,,unassessed,尚未逐条评估证据和适用范围,unassessed,unassessed
storage.sandbox.private_files,私有文件读写,limits_precision,android,ios,unknown,unreviewed,,,unassessed,尚未逐条评估证据和适用范围,unassessed,unassessed
storage.sandbox.private_files,私有文件读写,limits_precision,harmonyos,ios,unknown,unreviewed,,,unassessed,尚未逐条评估证据和适用范围,unassessed,unassessed
storage.sandbox.private_files,私有文件读写,device_forms,android,harmonyos,unknown,unreviewed,,,unassessed,尚未逐条评估证据和适用范围,unassessed,unassessed
storage.sandbox.private_files,私有文件读写,device_forms,android,ios,unknown,unreviewed,,,unassessed,尚未逐条评估证据和适用范围,unassessed,unassessed
storage.sandbox.private_files,私有文件读写,device_forms,harmonyos,ios,unknown,unreviewed,,,unassessed,尚未逐条评估证据和适用范围,unassessed,unassessed
storage.sandbox.private_files,私有文件读写,api_surface,android,harmonyos,unknown,unreviewed,,,unassessed,尚未逐条评估证据和适用范围,unassessed,unassessed
storage.sandbox.private_files,私有文件读写,api_surface,android,ios,unknown,unreviewed,,,unassessed,尚未逐条评估证据和适用范围,unassessed,unassessed
storage.sandbox.private_files,私有文件读写,api_surface,harmonyos,ios,unknown,unreviewed,,,unassessed,尚未逐条评估证据和适用范围,unassessed,unassessed
storage.user_files,用户文件访问,availability,android,harmonyos,unknown,unreviewed,,,unassessed,尚未逐条评估证据和适用范围,unassessed,unassessed
storage.user_files,用户文件访问,availability,android,ios,unknown,unreviewed,,,unassessed,尚未逐条评估证据和适用范围,unassessed,unassessed
storage.user_files,用户文件访问,availability,harmonyos,ios,unknown,unreviewed,,,unassessed,尚未逐条评估证据和适用范围,unassessed,unassessed
storage.user_files,用户文件访问,programming_model,android,harmonyos,unknown,unreviewed,,,unassessed,尚未逐条评估证据和适用范围,unassessed,unassessed
storage.user_files,用户文件访问,programming_model,android,ios,unknown,unreviewed,,,unassessed,尚未逐条评估证据和适用范围,unassessed,unassessed
storage.user_files,用户文件访问,programming_model,harmonyos,ios,unknown,unreviewed,,,unassessed,尚未逐条评估证据和适用范围,unassessed,unassessed
storage.user_files,用户文件访问,lifecycle_background,android,harmonyos,unknown,unreviewed,,,unassessed,尚未逐条评估证据和适用范围,unassessed,unassessed
storage.user_files,用户文件访问,lifecycle_background,android,ios,unknown,unreviewed,,,unassessed,尚未逐条评估证据和适用范围,unassessed,unassessed
storage.user_files,用户文件访问,lifecycle_background,harmonyos,ios,unknown,unreviewed,,,unassessed,尚未逐条评估证据和适用范围,unassessed,unassessed
storage.user_files,用户文件访问,permissions_privacy,android,harmonyos,unknown,unreviewed,,,unassessed,尚未逐条评估证据和适用范围,unassessed,unassessed
storage.user_files,用户文件访问,permissions_privacy,android,ios,unknown,unreviewed,,,unassessed,尚未逐条评估证据和适用范围,unassessed,unassessed
storage.user_files,用户文件访问,permissions_privacy,harmonyos,ios,unknown,unreviewed,,,unassessed,尚未逐条评估证据和适用范围,unassessed,unassessed
storage.user_files,用户文件访问,limits_precision,android,harmonyos,unknown,unreviewed,,,unassessed,尚未逐条评估证据和适用范围,unassessed,unassessed
storage.user_files,用户文件访问,limits_precision,android,ios,unknown,unreviewed,,,unassessed,尚未逐条评估证据和适用范围,unassessed,unassessed
storage.user_files,用户文件访问,limits_precision,harmonyos,ios,unknown,unreviewed,,,unassessed,尚未逐条评估证据和适用范围,unassessed,unassessed
storage.user_files,用户文件访问,device_forms,android,harmonyos,unknown,unreviewed,,,unassessed,尚未逐条评估证据和适用范围,unassessed,unassessed
storage.user_files,用户文件访问,device_forms,android,ios,unknown,unreviewed,,,unassessed,尚未逐条评估证据和适用范围,unassessed,unassessed
storage.user_files,用户文件访问,device_forms,harmonyos,ios,unknown,unreviewed,,,unassessed,尚未逐条评估证据和适用范围,unassessed,unassessed
storage.user_files,用户文件访问,api_surface,android,harmonyos,unknown,unreviewed,,,unassessed,尚未逐条评估证据和适用范围,unassessed,unassessed
storage.user_files,用户文件访问,api_surface,android,ios,unknown,unreviewed,,,unassessed,尚未逐条评估证据和适用范围,unassessed,unassessed
storage.user_files,用户文件访问,api_surface,harmonyos,ios,unknown,unreviewed,,,unassessed,尚未逐条评估证据和适用范围,unassessed,unassessed
storage.user_files.picker,文档选择器,availability,android,harmonyos,unknown,unreviewed,,,unassessed,尚未逐条评估证据和适用范围,unassessed,unassessed
storage.user_files.picker,文档选择器,availability,android,ios,unknown,unreviewed,,,unassessed,尚未逐条评估证据和适用范围,unassessed,unassessed
storage.user_files.picker,文档选择器,availability,harmonyos,ios,unknown,unreviewed,,,unassessed,尚未逐条评估证据和适用范围,unassessed,unassessed
storage.user_files.picker,文档选择器,programming_model,android,harmonyos,unknown,unreviewed,,,unassessed,尚未逐条评估证据和适用范围,unassessed,unassessed
storage.user_files.picker,文档选择器,programming_model,android,ios,unknown,unreviewed,,,unassessed,尚未逐条评估证据和适用范围,unassessed,unassessed
storage.user_files.picker,文档选择器,programming_model,harmonyos,ios,unknown,unreviewed,,,unassessed,尚未逐条评估证据和适用范围,unassessed,unassessed
storage.user_files.picker,文档选择器,lifecycle_background,android,harmonyos,unknown,unreviewed,,,unassessed,尚未逐条评估证据和适用范围,unassessed,unassessed
storage.user_files.picker,文档选择器,lifecycle_background,android,ios,unknown,unreviewed,,,unassessed,尚未逐条评估证据和适用范围,unassessed,unassessed
storage.user_files.picker,文档选择器,lifecycle_background,harmonyos,ios,unknown,unreviewed,,,unassessed,尚未逐条评估证据和适用范围,unassessed,unassessed
storage.user_files.picker,文档选择器,permissions_privacy,android,harmonyos,unknown,unreviewed,,,unassessed,尚未逐条评估证据和适用范围,unassessed,unassessed
storage.user_files.picker,文档选择器,permissions_privacy,android,ios,unknown,unreviewed,,,unassessed,尚未逐条评估证据和适用范围,unassessed,unassessed
storage.user_files.picker,文档选择器,permissions_privacy,harmonyos,ios,unknown,unreviewed,,,unassessed,尚未逐条评估证据和适用范围,unassessed,unassessed
storage.user_files.picker,文档选择器,limits_precision,android,harmonyos,unknown,unreviewed,,,unassessed,尚未逐条评估证据和适用范围,unassessed,unassessed
storage.user_files.picker,文档选择器,limits_precision,android,ios,unknown,unreviewed,,,unassessed,尚未逐条评估证据和适用范围,unassessed,unassessed
storage.user_files.picker,文档选择器,limits_precision,harmonyos,ios,unknown,unreviewed,,,unassessed,尚未逐条评估证据和适用范围,unassessed,unassessed
storage.user_files.picker,文档选择器,device_forms,android,harmonyos,unknown,unreviewed,,,unassessed,尚未逐条评估证据和适用范围,unassessed,unassessed
storage.user_files.picker,文档选择器,device_forms,android,ios,unknown,unreviewed,,,unassessed,尚未逐条评估证据和适用范围,unassessed,unassessed
storage.user_files.picker,文档选择器,device_forms,harmonyos,ios,unknown,unreviewed,,,unassessed,尚未逐条评估证据和适用范围,unassessed,unassessed
storage.user_files.picker,文档选择器,api_surface,android,harmonyos,unknown,unreviewed,,,unassessed,尚未逐条评估证据和适用范围,unassessed,unassessed
storage.user_files.picker,文档选择器,api_surface,android,ios,unknown,unreviewed,,,unassessed,尚未逐条评估证据和适用范围,unassessed,unassessed
storage.user_files.picker,文档选择器,api_surface,harmonyos,ios,unknown,unreviewed,,,unassessed,尚未逐条评估证据和适用范围,unassessed,unassessed
telecom,通信与内容,availability,android,harmonyos,unknown,unreviewed,,,unassessed,尚未逐条评估证据和适用范围,unassessed,unassessed
telecom,通信与内容,availability,android,ios,unknown,unreviewed,,,unassessed,尚未逐条评估证据和适用范围,unassessed,unassessed
telecom,通信与内容,availability,harmonyos,ios,unknown,unreviewed,,,unassessed,尚未逐条评估证据和适用范围,unassessed,unassessed
telecom,通信与内容,programming_model,android,harmonyos,unknown,unreviewed,,,unassessed,尚未逐条评估证据和适用范围,unassessed,unassessed
telecom,通信与内容,programming_model,android,ios,unknown,unreviewed,,,unassessed,尚未逐条评估证据和适用范围,unassessed,unassessed
telecom,通信与内容,programming_model,harmonyos,ios,unknown,unreviewed,,,unassessed,尚未逐条评估证据和适用范围,unassessed,unassessed
telecom,通信与内容,lifecycle_background,android,harmonyos,unknown,unreviewed,,,unassessed,尚未逐条评估证据和适用范围,unassessed,unassessed
telecom,通信与内容,lifecycle_background,android,ios,unknown,unreviewed,,,unassessed,尚未逐条评估证据和适用范围,unassessed,unassessed
telecom,通信与内容,lifecycle_background,harmonyos,ios,unknown,unreviewed,,,unassessed,尚未逐条评估证据和适用范围,unassessed,unassessed
telecom,通信与内容,permissions_privacy,android,harmonyos,unknown,unreviewed,,,unassessed,尚未逐条评估证据和适用范围,unassessed,unassessed
telecom,通信与内容,permissions_privacy,android,ios,unknown,unreviewed,,,unassessed,尚未逐条评估证据和适用范围,unassessed,unassessed
telecom,通信与内容,permissions_privacy,harmonyos,ios,unknown,unreviewed,,,unassessed,尚未逐条评估证据和适用范围,unassessed,unassessed
telecom,通信与内容,limits_precision,android,harmonyos,unknown,unreviewed,,,unassessed,尚未逐条评估证据和适用范围,unassessed,unassessed
telecom,通信与内容,limits_precision,android,ios,unknown,unreviewed,,,unassessed,尚未逐条评估证据和适用范围,unassessed,unassessed
telecom,通信与内容,limits_precision,harmonyos,ios,unknown,unreviewed,,,unassessed,尚未逐条评估证据和适用范围,unassessed,unassessed
telecom,通信与内容,device_forms,android,harmonyos,unknown,unreviewed,,,unassessed,尚未逐条评估证据和适用范围,unassessed,unassessed
telecom,通信与内容,device_forms,android,ios,unknown,unreviewed,,,unassessed,尚未逐条评估证据和适用范围,unassessed,unassessed
telecom,通信与内容,device_forms,harmonyos,ios,unknown,unreviewed,,,unassessed,尚未逐条评估证据和适用范围,unassessed,unassessed
telecom,通信与内容,api_surface,android,harmonyos,unknown,unreviewed,,,unassessed,尚未逐条评估证据和适用范围,unassessed,unassessed
telecom,通信与内容,api_surface,android,ios,unknown,unreviewed,,,unassessed,尚未逐条评估证据和适用范围,unassessed,unassessed
telecom,通信与内容,api_surface,harmonyos,ios,unknown,unreviewed,,,unassessed,尚未逐条评估证据和适用范围,unassessed,unassessed
telecom.calendar,日历,availability,android,harmonyos,unknown,unreviewed,,,unassessed,尚未逐条评估证据和适用范围,unassessed,unassessed
telecom.calendar,日历,availability,android,ios,unknown,unreviewed,,,unassessed,尚未逐条评估证据和适用范围,unassessed,unassessed
telecom.calendar,日历,availability,harmonyos,ios,unknown,unreviewed,,,unassessed,尚未逐条评估证据和适用范围,unassessed,unassessed
telecom.calendar,日历,programming_model,android,harmonyos,unknown,unreviewed,,,unassessed,尚未逐条评估证据和适用范围,unassessed,unassessed
telecom.calendar,日历,programming_model,android,ios,unknown,unreviewed,,,unassessed,尚未逐条评估证据和适用范围,unassessed,unassessed
telecom.calendar,日历,programming_model,harmonyos,ios,unknown,unreviewed,,,unassessed,尚未逐条评估证据和适用范围,unassessed,unassessed
telecom.calendar,日历,lifecycle_background,android,harmonyos,unknown,unreviewed,,,unassessed,尚未逐条评估证据和适用范围,unassessed,unassessed
telecom.calendar,日历,lifecycle_background,android,ios,unknown,unreviewed,,,unassessed,尚未逐条评估证据和适用范围,unassessed,unassessed
telecom.calendar,日历,lifecycle_background,harmonyos,ios,unknown,unreviewed,,,unassessed,尚未逐条评估证据和适用范围,unassessed,unassessed
telecom.calendar,日历,permissions_privacy,android,harmonyos,unknown,unreviewed,,,unassessed,尚未逐条评估证据和适用范围,unassessed,unassessed
telecom.calendar,日历,permissions_privacy,android,ios,unknown,unreviewed,,,unassessed,尚未逐条评估证据和适用范围,unassessed,unassessed
telecom.calendar,日历,permissions_privacy,harmonyos,ios,unknown,unreviewed,,,unassessed,尚未逐条评估证据和适用范围,unassessed,unassessed
telecom.calendar,日历,limits_precision,android,harmonyos,unknown,unreviewed,,,unassessed,尚未逐条评估证据和适用范围,unassessed,unassessed
telecom.calendar,日历,limits_precision,android,ios,unknown,unreviewed,,,unassessed,尚未逐条评估证据和适用范围,unassessed,unassessed
telecom.calendar,日历,limits_precision,harmonyos,ios,unknown,unreviewed,,,unassessed,尚未逐条评估证据和适用范围,unassessed,unassessed
telecom.calendar,日历,device_forms,android,harmonyos,unknown,unreviewed,,,unassessed,尚未逐条评估证据和适用范围,unassessed,unassessed
telecom.calendar,日历,device_forms,android,ios,unknown,unreviewed,,,unassessed,尚未逐条评估证据和适用范围,unassessed,unassessed
telecom.calendar,日历,device_forms,harmonyos,ios,unknown,unreviewed,,,unassessed,尚未逐条评估证据和适用范围,unassessed,unassessed
telecom.calendar,日历,api_surface,android,harmonyos,unknown,unreviewed,,,unassessed,尚未逐条评估证据和适用范围,unassessed,unassessed
telecom.calendar,日历,api_surface,android,ios,unknown,unreviewed,,,unassessed,尚未逐条评估证据和适用范围,unassessed,unassessed
telecom.calendar,日历,api_surface,harmonyos,ios,unknown,unreviewed,,,unassessed,尚未逐条评估证据和适用范围,unassessed,unassessed
telecom.calendar.events,日历事件,availability,android,harmonyos,unknown,unreviewed,,,unassessed,尚未逐条评估证据和适用范围,unassessed,unassessed
telecom.calendar.events,日历事件,availability,android,ios,unknown,unreviewed,,,unassessed,尚未逐条评估证据和适用范围,unassessed,unassessed
telecom.calendar.events,日历事件,availability,harmonyos,ios,unknown,unreviewed,,,unassessed,尚未逐条评估证据和适用范围,unassessed,unassessed
telecom.calendar.events,日历事件,programming_model,android,harmonyos,unknown,unreviewed,,,unassessed,尚未逐条评估证据和适用范围,unassessed,unassessed
telecom.calendar.events,日历事件,programming_model,android,ios,unknown,unreviewed,,,unassessed,尚未逐条评估证据和适用范围,unassessed,unassessed
telecom.calendar.events,日历事件,programming_model,harmonyos,ios,unknown,unreviewed,,,unassessed,尚未逐条评估证据和适用范围,unassessed,unassessed
telecom.calendar.events,日历事件,lifecycle_background,android,harmonyos,unknown,unreviewed,,,unassessed,尚未逐条评估证据和适用范围,unassessed,unassessed
telecom.calendar.events,日历事件,lifecycle_background,android,ios,unknown,unreviewed,,,unassessed,尚未逐条评估证据和适用范围,unassessed,unassessed
telecom.calendar.events,日历事件,lifecycle_background,harmonyos,ios,unknown,unreviewed,,,unassessed,尚未逐条评估证据和适用范围,unassessed,unassessed
telecom.calendar.events,日历事件,permissions_privacy,android,harmonyos,unknown,unreviewed,,,unassessed,尚未逐条评估证据和适用范围,unassessed,unassessed
telecom.calendar.events,日历事件,permissions_privacy,android,ios,unknown,unreviewed,,,unassessed,尚未逐条评估证据和适用范围,unassessed,unassessed
telecom.calendar.events,日历事件,permissions_privacy,harmonyos,ios,unknown,unreviewed,,,unassessed,尚未逐条评估证据和适用范围,unassessed,unassessed
telecom.calendar.events,日历事件,limits_precision,android,harmonyos,unknown,unreviewed,,,unassessed,尚未逐条评估证据和适用范围,unassessed,unassessed
telecom.calendar.events,日历事件,limits_precision,android,ios,unknown,unreviewed,,,unassessed,尚未逐条评估证据和适用范围,unassessed,unassessed
telecom.calendar.events,日历事件,limits_precision,harmonyos,ios,unknown,unreviewed,,,unassessed,尚未逐条评估证据和适用范围,unassessed,unassessed
telecom.calendar.events,日历事件,device_forms,android,harmonyos,unknown,unreviewed,,,unassessed,尚未逐条评估证据和适用范围,unassessed,unassessed
telecom.calendar.events,日历事件,device_forms,android,ios,unknown,unreviewed,,,unassessed,尚未逐条评估证据和适用范围,unassessed,unassessed
telecom.calendar.events,日历事件,device_forms,harmonyos,ios,unknown,unreviewed,,,unassessed,尚未逐条评估证据和适用范围,unassessed,unassessed
telecom.calendar.events,日历事件,api_surface,android,harmonyos,unknown,unreviewed,,,unassessed,尚未逐条评估证据和适用范围,unassessed,unassessed
telecom.calendar.events,日历事件,api_surface,android,ios,unknown,unreviewed,,,unassessed,尚未逐条评估证据和适用范围,unassessed,unassessed
telecom.calendar.events,日历事件,api_surface,harmonyos,ios,unknown,unreviewed,,,unassessed,尚未逐条评估证据和适用范围,unassessed,unassessed
telecom.contacts,联系人,availability,android,harmonyos,unknown,unreviewed,,,unassessed,尚未逐条评估证据和适用范围,unassessed,unassessed
telecom.contacts,联系人,availability,android,ios,unknown,unreviewed,,,unassessed,尚未逐条评估证据和适用范围,unassessed,unassessed
telecom.contacts,联系人,availability,harmonyos,ios,unknown,unreviewed,,,unassessed,尚未逐条评估证据和适用范围,unassessed,unassessed
telecom.contacts,联系人,programming_model,android,harmonyos,unknown,unreviewed,,,unassessed,尚未逐条评估证据和适用范围,unassessed,unassessed
telecom.contacts,联系人,programming_model,android,ios,unknown,unreviewed,,,unassessed,尚未逐条评估证据和适用范围,unassessed,unassessed
telecom.contacts,联系人,programming_model,harmonyos,ios,unknown,unreviewed,,,unassessed,尚未逐条评估证据和适用范围,unassessed,unassessed
telecom.contacts,联系人,lifecycle_background,android,harmonyos,unknown,unreviewed,,,unassessed,尚未逐条评估证据和适用范围,unassessed,unassessed
telecom.contacts,联系人,lifecycle_background,android,ios,unknown,unreviewed,,,unassessed,尚未逐条评估证据和适用范围,unassessed,unassessed
telecom.contacts,联系人,lifecycle_background,harmonyos,ios,unknown,unreviewed,,,unassessed,尚未逐条评估证据和适用范围,unassessed,unassessed
telecom.contacts,联系人,permissions_privacy,android,harmonyos,unknown,unreviewed,,,unassessed,尚未逐条评估证据和适用范围,unassessed,unassessed
telecom.contacts,联系人,permissions_privacy,android,ios,unknown,unreviewed,,,unassessed,尚未逐条评估证据和适用范围,unassessed,unassessed
telecom.contacts,联系人,permissions_privacy,harmonyos,ios,unknown,unreviewed,,,unassessed,尚未逐条评估证据和适用范围,unassessed,unassessed
telecom.contacts,联系人,limits_precision,android,harmonyos,unknown,unreviewed,,,unassessed,尚未逐条评估证据和适用范围,unassessed,unassessed
telecom.contacts,联系人,limits_precision,android,ios,unknown,unreviewed,,,unassessed,尚未逐条评估证据和适用范围,unassessed,unassessed
telecom.contacts,联系人,limits_precision,harmonyos,ios,unknown,unreviewed,,,unassessed,尚未逐条评估证据和适用范围,unassessed,unassessed
telecom.contacts,联系人,device_forms,android,harmonyos,unknown,unreviewed,,,unassessed,尚未逐条评估证据和适用范围,unassessed,unassessed
telecom.contacts,联系人,device_forms,android,ios,unknown,unreviewed,,,unassessed,尚未逐条评估证据和适用范围,unassessed,unassessed
telecom.contacts,联系人,device_forms,harmonyos,ios,unknown,unreviewed,,,unassessed,尚未逐条评估证据和适用范围,unassessed,unassessed
telecom.contacts,联系人,api_surface,android,harmonyos,unknown,unreviewed,,,unassessed,尚未逐条评估证据和适用范围,unassessed,unassessed
telecom.contacts,联系人,api_surface,android,ios,unknown,unreviewed,,,unassessed,尚未逐条评估证据和适用范围,unassessed,unassessed
telecom.contacts,联系人,api_surface,harmonyos,ios,unknown,unreviewed,,,unassessed,尚未逐条评估证据和适用范围,unassessed,unassessed
telecom.contacts.read,读取联系人,availability,android,harmonyos,unknown,unreviewed,,,unassessed,尚未逐条评估证据和适用范围,unassessed,unassessed
telecom.contacts.read,读取联系人,availability,android,ios,unknown,unreviewed,,,unassessed,尚未逐条评估证据和适用范围,unassessed,unassessed
telecom.contacts.read,读取联系人,availability,harmonyos,ios,unknown,unreviewed,,,unassessed,尚未逐条评估证据和适用范围,unassessed,unassessed
telecom.contacts.read,读取联系人,programming_model,android,harmonyos,unknown,unreviewed,,,unassessed,尚未逐条评估证据和适用范围,unassessed,unassessed
telecom.contacts.read,读取联系人,programming_model,android,ios,unknown,unreviewed,,,unassessed,尚未逐条评估证据和适用范围,unassessed,unassessed
telecom.contacts.read,读取联系人,programming_model,harmonyos,ios,unknown,unreviewed,,,unassessed,尚未逐条评估证据和适用范围,unassessed,unassessed
telecom.contacts.read,读取联系人,lifecycle_background,android,harmonyos,unknown,unreviewed,,,unassessed,尚未逐条评估证据和适用范围,unassessed,unassessed
telecom.contacts.read,读取联系人,lifecycle_background,android,ios,unknown,unreviewed,,,unassessed,尚未逐条评估证据和适用范围,unassessed,unassessed
telecom.contacts.read,读取联系人,lifecycle_background,harmonyos,ios,unknown,unreviewed,,,unassessed,尚未逐条评估证据和适用范围,unassessed,unassessed
telecom.contacts.read,读取联系人,permissions_privacy,android,harmonyos,unknown,unreviewed,,,unassessed,尚未逐条评估证据和适用范围,unassessed,unassessed
telecom.contacts.read,读取联系人,permissions_privacy,android,ios,unknown,unreviewed,,,unassessed,尚未逐条评估证据和适用范围,unassessed,unassessed
telecom.contacts.read,读取联系人,permissions_privacy,harmonyos,ios,unknown,unreviewed,,,unassessed,尚未逐条评估证据和适用范围,unassessed,unassessed
telecom.contacts.read,读取联系人,limits_precision,android,harmonyos,unknown,unreviewed,,,unassessed,尚未逐条评估证据和适用范围,unassessed,unassessed
telecom.contacts.read,读取联系人,limits_precision,android,ios,unknown,unreviewed,,,unassessed,尚未逐条评估证据和适用范围,unassessed,unassessed
telecom.contacts.read,读取联系人,limits_precision,harmonyos,ios,unknown,unreviewed,,,unassessed,尚未逐条评估证据和适用范围,unassessed,unassessed
telecom.contacts.read,读取联系人,device_forms,android,harmonyos,unknown,unreviewed,,,unassessed,尚未逐条评估证据和适用范围,unassessed,unassessed
telecom.contacts.read,读取联系人,device_forms,android,ios,unknown,unreviewed,,,unassessed,尚未逐条评估证据和适用范围,unassessed,unassessed
telecom.contacts.read,读取联系人,device_forms,harmonyos,ios,unknown,unreviewed,,,unassessed,尚未逐条评估证据和适用范围,unassessed,unassessed
telecom.contacts.read,读取联系人,api_surface,android,harmonyos,unknown,unreviewed,,,unassessed,尚未逐条评估证据和适用范围,unassessed,unassessed
telecom.contacts.read,读取联系人,api_surface,android,ios,unknown,unreviewed,,,unassessed,尚未逐条评估证据和适用范围,unassessed,unassessed
telecom.contacts.read,读取联系人,api_surface,harmonyos,ios,unknown,unreviewed,,,unassessed,尚未逐条评估证据和适用范围,unassessed,unassessed
telecom.phone,电话,availability,android,harmonyos,unknown,unreviewed,,,unassessed,尚未逐条评估证据和适用范围,unassessed,unassessed
telecom.phone,电话,availability,android,ios,unknown,unreviewed,,,unassessed,尚未逐条评估证据和适用范围,unassessed,unassessed
telecom.phone,电话,availability,harmonyos,ios,unknown,unreviewed,,,unassessed,尚未逐条评估证据和适用范围,unassessed,unassessed
telecom.phone,电话,programming_model,android,harmonyos,unknown,unreviewed,,,unassessed,尚未逐条评估证据和适用范围,unassessed,unassessed
telecom.phone,电话,programming_model,android,ios,unknown,unreviewed,,,unassessed,尚未逐条评估证据和适用范围,unassessed,unassessed
telecom.phone,电话,programming_model,harmonyos,ios,unknown,unreviewed,,,unassessed,尚未逐条评估证据和适用范围,unassessed,unassessed
telecom.phone,电话,lifecycle_background,android,harmonyos,unknown,unreviewed,,,unassessed,尚未逐条评估证据和适用范围,unassessed,unassessed
telecom.phone,电话,lifecycle_background,android,ios,unknown,unreviewed,,,unassessed,尚未逐条评估证据和适用范围,unassessed,unassessed
telecom.phone,电话,lifecycle_background,harmonyos,ios,unknown,unreviewed,,,unassessed,尚未逐条评估证据和适用范围,unassessed,unassessed
telecom.phone,电话,permissions_privacy,android,harmonyos,unknown,unreviewed,,,unassessed,尚未逐条评估证据和适用范围,unassessed,unassessed
telecom.phone,电话,permissions_privacy,android,ios,unknown,unreviewed,,,unassessed,尚未逐条评估证据和适用范围,unassessed,unassessed
telecom.phone,电话,permissions_privacy,harmonyos,ios,unknown,unreviewed,,,unassessed,尚未逐条评估证据和适用范围,unassessed,unassessed
telecom.phone,电话,limits_precision,android,harmonyos,unknown,unreviewed,,,unassessed,尚未逐条评估证据和适用范围,unassessed,unassessed
telecom.phone,电话,limits_precision,android,ios,unknown,unreviewed,,,unassessed,尚未逐条评估证据和适用范围,unassessed,unassessed
telecom.phone,电话,limits_precision,harmonyos,ios,unknown,unreviewed,,,unassessed,尚未逐条评估证据和适用范围,unassessed,unassessed
telecom.phone,电话,device_forms,android,harmonyos,unknown,unreviewed,,,unassessed,尚未逐条评估证据和适用范围,unassessed,unassessed
telecom.phone,电话,device_forms,android,ios,unknown,unreviewed,,,unassessed,尚未逐条评估证据和适用范围,unassessed,unassessed
telecom.phone,电话,device_forms,harmonyos,ios,unknown,unreviewed,,,unassessed,尚未逐条评估证据和适用范围,unassessed,unassessed
telecom.phone,电话,api_surface,android,harmonyos,unknown,unreviewed,,,unassessed,尚未逐条评估证据和适用范围,unassessed,unassessed
telecom.phone,电话,api_surface,android,ios,unknown,unreviewed,,,unassessed,尚未逐条评估证据和适用范围,unassessed,unassessed
telecom.phone,电话,api_surface,harmonyos,ios,unknown,unreviewed,,,unassessed,尚未逐条评估证据和适用范围,unassessed,unassessed
telecom.phone.dial,发起通话,availability,android,harmonyos,unknown,unreviewed,,,unassessed,尚未逐条评估证据和适用范围,unassessed,unassessed
telecom.phone.dial,发起通话,availability,android,ios,unknown,unreviewed,,,unassessed,尚未逐条评估证据和适用范围,unassessed,unassessed
telecom.phone.dial,发起通话,availability,harmonyos,ios,unknown,unreviewed,,,unassessed,尚未逐条评估证据和适用范围,unassessed,unassessed
telecom.phone.dial,发起通话,programming_model,android,harmonyos,unknown,unreviewed,,,unassessed,尚未逐条评估证据和适用范围,unassessed,unassessed
telecom.phone.dial,发起通话,programming_model,android,ios,unknown,unreviewed,,,unassessed,尚未逐条评估证据和适用范围,unassessed,unassessed
telecom.phone.dial,发起通话,programming_model,harmonyos,ios,unknown,unreviewed,,,unassessed,尚未逐条评估证据和适用范围,unassessed,unassessed
telecom.phone.dial,发起通话,lifecycle_background,android,harmonyos,unknown,unreviewed,,,unassessed,尚未逐条评估证据和适用范围,unassessed,unassessed
telecom.phone.dial,发起通话,lifecycle_background,android,ios,unknown,unreviewed,,,unassessed,尚未逐条评估证据和适用范围,unassessed,unassessed
telecom.phone.dial,发起通话,lifecycle_background,harmonyos,ios,unknown,unreviewed,,,unassessed,尚未逐条评估证据和适用范围,unassessed,unassessed
telecom.phone.dial,发起通话,permissions_privacy,android,harmonyos,unknown,unreviewed,,,unassessed,尚未逐条评估证据和适用范围,unassessed,unassessed
telecom.phone.dial,发起通话,permissions_privacy,android,ios,unknown,unreviewed,,,unassessed,尚未逐条评估证据和适用范围,unassessed,unassessed
telecom.phone.dial,发起通话,permissions_privacy,harmonyos,ios,unknown,unreviewed,,,unassessed,尚未逐条评估证据和适用范围,unassessed,unassessed
telecom.phone.dial,发起通话,limits_precision,android,harmonyos,unknown,unreviewed,,,unassessed,尚未逐条评估证据和适用范围,unassessed,unassessed
telecom.phone.dial,发起通话,limits_precision,android,ios,unknown,unreviewed,,,unassessed,尚未逐条评估证据和适用范围,unassessed,unassessed
telecom.phone.dial,发起通话,limits_precision,harmonyos,ios,unknown,unreviewed,,,unassessed,尚未逐条评估证据和适用范围,unassessed,unassessed
telecom.phone.dial,发起通话,device_forms,android,harmonyos,unknown,unreviewed,,,unassessed,尚未逐条评估证据和适用范围,unassessed,unassessed
telecom.phone.dial,发起通话,device_forms,android,ios,unknown,unreviewed,,,unassessed,尚未逐条评估证据和适用范围,unassessed,unassessed
telecom.phone.dial,发起通话,device_forms,harmonyos,ios,unknown,unreviewed,,,unassessed,尚未逐条评估证据和适用范围,unassessed,unassessed
telecom.phone.dial,发起通话,api_surface,android,harmonyos,unknown,unreviewed,,,unassessed,尚未逐条评估证据和适用范围,unassessed,unassessed
telecom.phone.dial,发起通话,api_surface,android,ios,unknown,unreviewed,,,unassessed,尚未逐条评估证据和适用范围,unassessed,unassessed
telecom.phone.dial,发起通话,api_surface,harmonyos,ios,unknown,unreviewed,,,unassessed,尚未逐条评估证据和适用范围,unassessed,unassessed
telecom.sms,短信,availability,android,harmonyos,unknown,unreviewed,,,unassessed,尚未逐条评估证据和适用范围,unassessed,unassessed
telecom.sms,短信,availability,android,ios,unknown,unreviewed,,,unassessed,尚未逐条评估证据和适用范围,unassessed,unassessed
telecom.sms,短信,availability,harmonyos,ios,unknown,unreviewed,,,unassessed,尚未逐条评估证据和适用范围,unassessed,unassessed
telecom.sms,短信,programming_model,android,harmonyos,unknown,unreviewed,,,unassessed,尚未逐条评估证据和适用范围,unassessed,unassessed
telecom.sms,短信,programming_model,android,ios,unknown,unreviewed,,,unassessed,尚未逐条评估证据和适用范围,unassessed,unassessed
telecom.sms,短信,programming_model,harmonyos,ios,unknown,unreviewed,,,unassessed,尚未逐条评估证据和适用范围,unassessed,unassessed
telecom.sms,短信,lifecycle_background,android,harmonyos,unknown,unreviewed,,,unassessed,尚未逐条评估证据和适用范围,unassessed,unassessed
telecom.sms,短信,lifecycle_background,android,ios,unknown,unreviewed,,,unassessed,尚未逐条评估证据和适用范围,unassessed,unassessed
telecom.sms,短信,lifecycle_background,harmonyos,ios,unknown,unreviewed,,,unassessed,尚未逐条评估证据和适用范围,unassessed,unassessed
telecom.sms,短信,permissions_privacy,android,harmonyos,unknown,unreviewed,,,unassessed,尚未逐条评估证据和适用范围,unassessed,unassessed
telecom.sms,短信,permissions_privacy,android,ios,unknown,unreviewed,,,unassessed,尚未逐条评估证据和适用范围,unassessed,unassessed
telecom.sms,短信,permissions_privacy,harmonyos,ios,unknown,unreviewed,,,unassessed,尚未逐条评估证据和适用范围,unassessed,unassessed
telecom.sms,短信,limits_precision,android,harmonyos,unknown,unreviewed,,,unassessed,尚未逐条评估证据和适用范围,unassessed,unassessed
telecom.sms,短信,limits_precision,android,ios,unknown,unreviewed,,,unassessed,尚未逐条评估证据和适用范围,unassessed,unassessed
telecom.sms,短信,limits_precision,harmonyos,ios,unknown,unreviewed,,,unassessed,尚未逐条评估证据和适用范围,unassessed,unassessed
telecom.sms,短信,device_forms,android,harmonyos,unknown,unreviewed,,,unassessed,尚未逐条评估证据和适用范围,unassessed,unassessed
telecom.sms,短信,device_forms,android,ios,unknown,unreviewed,,,unassessed,尚未逐条评估证据和适用范围,unassessed,unassessed
telecom.sms,短信,device_forms,harmonyos,ios,unknown,unreviewed,,,unassessed,尚未逐条评估证据和适用范围,unassessed,unassessed
telecom.sms,短信,api_surface,android,harmonyos,unknown,unreviewed,,,unassessed,尚未逐条评估证据和适用范围,unassessed,unassessed
telecom.sms,短信,api_surface,android,ios,unknown,unreviewed,,,unassessed,尚未逐条评估证据和适用范围,unassessed,unassessed
telecom.sms,短信,api_surface,harmonyos,ios,unknown,unreviewed,,,unassessed,尚未逐条评估证据和适用范围,unassessed,unassessed
telecom.sms.send,发送短信,availability,android,harmonyos,unknown,unreviewed,,,unassessed,尚未逐条评估证据和适用范围,unassessed,unassessed
telecom.sms.send,发送短信,availability,android,ios,unknown,unreviewed,,,unassessed,尚未逐条评估证据和适用范围,unassessed,unassessed
telecom.sms.send,发送短信,availability,harmonyos,ios,unknown,unreviewed,,,unassessed,尚未逐条评估证据和适用范围,unassessed,unassessed
telecom.sms.send,发送短信,programming_model,android,harmonyos,unknown,unreviewed,,,unassessed,尚未逐条评估证据和适用范围,unassessed,unassessed
telecom.sms.send,发送短信,programming_model,android,ios,unknown,unreviewed,,,unassessed,尚未逐条评估证据和适用范围,unassessed,unassessed
telecom.sms.send,发送短信,programming_model,harmonyos,ios,unknown,unreviewed,,,unassessed,尚未逐条评估证据和适用范围,unassessed,unassessed
telecom.sms.send,发送短信,lifecycle_background,android,harmonyos,unknown,unreviewed,,,unassessed,尚未逐条评估证据和适用范围,unassessed,unassessed
telecom.sms.send,发送短信,lifecycle_background,android,ios,unknown,unreviewed,,,unassessed,尚未逐条评估证据和适用范围,unassessed,unassessed
telecom.sms.send,发送短信,lifecycle_background,harmonyos,ios,unknown,unreviewed,,,unassessed,尚未逐条评估证据和适用范围,unassessed,unassessed
telecom.sms.send,发送短信,permissions_privacy,android,harmonyos,unknown,unreviewed,,,unassessed,尚未逐条评估证据和适用范围,unassessed,unassessed
telecom.sms.send,发送短信,permissions_privacy,android,ios,unknown,unreviewed,,,unassessed,尚未逐条评估证据和适用范围,unassessed,unassessed
telecom.sms.send,发送短信,permissions_privacy,harmonyos,ios,unknown,unreviewed,,,unassessed,尚未逐条评估证据和适用范围,unassessed,unassessed
telecom.sms.send,发送短信,limits_precision,android,harmonyos,unknown,unreviewed,,,unassessed,尚未逐条评估证据和适用范围,unassessed,unassessed
telecom.sms.send,发送短信,limits_precision,android,ios,unknown,unreviewed,,,unassessed,尚未逐条评估证据和适用范围,unassessed,unassessed
telecom.sms.send,发送短信,limits_precision,harmonyos,ios,unknown,unreviewed,,,unassessed,尚未逐条评估证据和适用范围,unassessed,unassessed
telecom.sms.send,发送短信,device_forms,android,harmonyos,unknown,unreviewed,,,unassessed,尚未逐条评估证据和适用范围,unassessed,unassessed
telecom.sms.send,发送短信,device_forms,android,ios,unknown,unreviewed,,,unassessed,尚未逐条评估证据和适用范围,unassessed,unassessed
telecom.sms.send,发送短信,device_forms,harmonyos,ios,unknown,unreviewed,,,unassessed,尚未逐条评估证据和适用范围,unassessed,unassessed
telecom.sms.send,发送短信,api_surface,android,harmonyos,unknown,unreviewed,,,unassessed,尚未逐条评估证据和适用范围,unassessed,unassessed
telecom.sms.send,发送短信,api_surface,android,ios,unknown,unreviewed,,,unassessed,尚未逐条评估证据和适用范围,unassessed,unassessed
telecom.sms.send,发送短信,api_surface,harmonyos,ios,unknown,unreviewed,,,unassessed,尚未逐条评估证据和适用范围,unassessed,unassessed
ui,界面与窗口,availability,android,harmonyos,unknown,unreviewed,,,unassessed,尚未逐条评估证据和适用范围,unassessed,unassessed
ui,界面与窗口,availability,android,ios,unknown,unreviewed,,,unassessed,尚未逐条评估证据和适用范围,unassessed,unassessed
ui,界面与窗口,availability,harmonyos,ios,unknown,unreviewed,,,unassessed,尚未逐条评估证据和适用范围,unassessed,unassessed
ui,界面与窗口,programming_model,android,harmonyos,unknown,unreviewed,,,unassessed,尚未逐条评估证据和适用范围,unassessed,unassessed
ui,界面与窗口,programming_model,android,ios,unknown,unreviewed,,,unassessed,尚未逐条评估证据和适用范围,unassessed,unassessed
ui,界面与窗口,programming_model,harmonyos,ios,unknown,unreviewed,,,unassessed,尚未逐条评估证据和适用范围,unassessed,unassessed
ui,界面与窗口,lifecycle_background,android,harmonyos,unknown,unreviewed,,,unassessed,尚未逐条评估证据和适用范围,unassessed,unassessed
ui,界面与窗口,lifecycle_background,android,ios,unknown,unreviewed,,,unassessed,尚未逐条评估证据和适用范围,unassessed,unassessed
ui,界面与窗口,lifecycle_background,harmonyos,ios,unknown,unreviewed,,,unassessed,尚未逐条评估证据和适用范围,unassessed,unassessed
ui,界面与窗口,permissions_privacy,android,harmonyos,unknown,unreviewed,,,unassessed,尚未逐条评估证据和适用范围,unassessed,unassessed
ui,界面与窗口,permissions_privacy,android,ios,unknown,unreviewed,,,unassessed,尚未逐条评估证据和适用范围,unassessed,unassessed
ui,界面与窗口,permissions_privacy,harmonyos,ios,unknown,unreviewed,,,unassessed,尚未逐条评估证据和适用范围,unassessed,unassessed
ui,界面与窗口,limits_precision,android,harmonyos,unknown,unreviewed,,,unassessed,尚未逐条评估证据和适用范围,unassessed,unassessed
ui,界面与窗口,limits_precision,android,ios,unknown,unreviewed,,,unassessed,尚未逐条评估证据和适用范围,unassessed,unassessed
ui,界面与窗口,limits_precision,harmonyos,ios,unknown,unreviewed,,,unassessed,尚未逐条评估证据和适用范围,unassessed,unassessed
ui,界面与窗口,device_forms,android,harmonyos,unknown,unreviewed,,,unassessed,尚未逐条评估证据和适用范围,unassessed,unassessed
ui,界面与窗口,device_forms,android,ios,unknown,unreviewed,,,unassessed,尚未逐条评估证据和适用范围,unassessed,unassessed
ui,界面与窗口,device_forms,harmonyos,ios,unknown,unreviewed,,,unassessed,尚未逐条评估证据和适用范围,unassessed,unassessed
ui,界面与窗口,api_surface,android,harmonyos,unknown,unreviewed,,,unassessed,尚未逐条评估证据和适用范围,unassessed,unassessed
ui,界面与窗口,api_surface,android,ios,unknown,unreviewed,,,unassessed,尚未逐条评估证据和适用范围,unassessed,unassessed
ui,界面与窗口,api_surface,harmonyos,ios,unknown,unreviewed,,,unassessed,尚未逐条评估证据和适用范围,unassessed,unassessed
ui.controls,控件类别,availability,android,harmonyos,unknown,unreviewed,,,unassessed,尚未逐条评估证据和适用范围,unassessed,unassessed
ui.controls,控件类别,availability,android,ios,unknown,unreviewed,,,unassessed,尚未逐条评估证据和适用范围,unassessed,unassessed
ui.controls,控件类别,availability,harmonyos,ios,unknown,unreviewed,,,unassessed,尚未逐条评估证据和适用范围,unassessed,unassessed
ui.controls,控件类别,programming_model,android,harmonyos,unknown,unreviewed,,,unassessed,尚未逐条评估证据和适用范围,unassessed,unassessed
ui.controls,控件类别,programming_model,android,ios,unknown,unreviewed,,,unassessed,尚未逐条评估证据和适用范围,unassessed,unassessed
ui.controls,控件类别,programming_model,harmonyos,ios,unknown,unreviewed,,,unassessed,尚未逐条评估证据和适用范围,unassessed,unassessed
ui.controls,控件类别,lifecycle_background,android,harmonyos,unknown,unreviewed,,,unassessed,尚未逐条评估证据和适用范围,unassessed,unassessed
ui.controls,控件类别,lifecycle_background,android,ios,unknown,unreviewed,,,unassessed,尚未逐条评估证据和适用范围,unassessed,unassessed
ui.controls,控件类别,lifecycle_background,harmonyos,ios,unknown,unreviewed,,,unassessed,尚未逐条评估证据和适用范围,unassessed,unassessed
ui.controls,控件类别,permissions_privacy,android,harmonyos,unknown,unreviewed,,,unassessed,尚未逐条评估证据和适用范围,unassessed,unassessed
ui.controls,控件类别,permissions_privacy,android,ios,unknown,unreviewed,,,unassessed,尚未逐条评估证据和适用范围,unassessed,unassessed
ui.controls,控件类别,permissions_privacy,harmonyos,ios,unknown,unreviewed,,,unassessed,尚未逐条评估证据和适用范围,unassessed,unassessed
ui.controls,控件类别,limits_precision,android,harmonyos,unknown,unreviewed,,,unassessed,尚未逐条评估证据和适用范围,unassessed,unassessed
ui.controls,控件类别,limits_precision,android,ios,unknown,unreviewed,,,unassessed,尚未逐条评估证据和适用范围,unassessed,unassessed
ui.controls,控件类别,limits_precision,harmonyos,ios,unknown,unreviewed,,,unassessed,尚未逐条评估证据和适用范围,unassessed,unassessed
ui.controls,控件类别,device_forms,android,harmonyos,unknown,unreviewed,,,unassessed,尚未逐条评估证据和适用范围,unassessed,unassessed
ui.controls,控件类别,device_forms,android,ios,unknown,unreviewed,,,unassessed,尚未逐条评估证据和适用范围,unassessed,unassessed
ui.controls,控件类别,device_forms,harmonyos,ios,unknown,unreviewed,,,unassessed,尚未逐条评估证据和适用范围,unassessed,unassessed
ui.controls,控件类别,api_surface,android,harmonyos,unknown,unreviewed,,,unassessed,尚未逐条评估证据和适用范围,unassessed,unassessed
ui.controls,控件类别,api_surface,android,ios,unknown,unreviewed,,,unassessed,尚未逐条评估证据和适用范围,unassessed,unassessed
ui.controls,控件类别,api_surface,harmonyos,ios,unknown,unreviewed,,,unassessed,尚未逐条评估证据和适用范围,unassessed,unassessed
ui.controls.button,按钮,availability,android,harmonyos,unknown,unreviewed,,,unassessed,尚未逐条评估证据和适用范围,unassessed,unassessed
ui.controls.button,按钮,availability,android,ios,unknown,unreviewed,,,unassessed,尚未逐条评估证据和适用范围,unassessed,unassessed
ui.controls.button,按钮,availability,harmonyos,ios,unknown,unreviewed,,,unassessed,尚未逐条评估证据和适用范围,unassessed,unassessed
ui.controls.button,按钮,programming_model,android,harmonyos,unknown,unreviewed,,,unassessed,尚未逐条评估证据和适用范围,unassessed,unassessed
ui.controls.button,按钮,programming_model,android,ios,unknown,unreviewed,,,unassessed,尚未逐条评估证据和适用范围,unassessed,unassessed
ui.controls.button,按钮,programming_model,harmonyos,ios,unknown,unreviewed,,,unassessed,尚未逐条评估证据和适用范围,unassessed,unassessed
ui.controls.button,按钮,lifecycle_background,android,harmonyos,unknown,unreviewed,,,unassessed,尚未逐条评估证据和适用范围,unassessed,unassessed
ui.controls.button,按钮,lifecycle_background,android,ios,unknown,unreviewed,,,unassessed,尚未逐条评估证据和适用范围,unassessed,unassessed
ui.controls.button,按钮,lifecycle_background,harmonyos,ios,unknown,unreviewed,,,unassessed,尚未逐条评估证据和适用范围,unassessed,unassessed
ui.controls.button,按钮,permissions_privacy,android,harmonyos,unknown,unreviewed,,,unassessed,尚未逐条评估证据和适用范围,unassessed,unassessed
ui.controls.button,按钮,permissions_privacy,android,ios,unknown,unreviewed,,,unassessed,尚未逐条评估证据和适用范围,unassessed,unassessed
ui.controls.button,按钮,permissions_privacy,harmonyos,ios,unknown,unreviewed,,,unassessed,尚未逐条评估证据和适用范围,unassessed,unassessed
ui.controls.button,按钮,limits_precision,android,harmonyos,unknown,unreviewed,,,unassessed,尚未逐条评估证据和适用范围,unassessed,unassessed
ui.controls.button,按钮,limits_precision,android,ios,unknown,unreviewed,,,unassessed,尚未逐条评估证据和适用范围,unassessed,unassessed
ui.controls.button,按钮,limits_precision,harmonyos,ios,unknown,unreviewed,,,unassessed,尚未逐条评估证据和适用范围,unassessed,unassessed
ui.controls.button,按钮,device_forms,android,harmonyos,unknown,unreviewed,,,unassessed,尚未逐条评估证据和适用范围,unassessed,unassessed
ui.controls.button,按钮,device_forms,android,ios,unknown,unreviewed,,,unassessed,尚未逐条评估证据和适用范围,unassessed,unassessed
ui.controls.button,按钮,device_forms,harmonyos,ios,unknown,unreviewed,,,unassessed,尚未逐条评估证据和适用范围,unassessed,unassessed
ui.controls.button,按钮,api_surface,android,harmonyos,unknown,unreviewed,,,unassessed,尚未逐条评估证据和适用范围,unassessed,unassessed
ui.controls.button,按钮,api_surface,android,ios,unknown,unreviewed,,,unassessed,尚未逐条评估证据和适用范围,unassessed,unassessed
ui.controls.button,按钮,api_surface,harmonyos,ios,unknown,unreviewed,,,unassessed,尚未逐条评估证据和适用范围,unassessed,unassessed
ui.controls.dialog,弹层对话框,availability,android,harmonyos,unknown,unreviewed,,,unassessed,尚未逐条评估证据和适用范围,unassessed,unassessed
ui.controls.dialog,弹层对话框,availability,android,ios,unknown,unreviewed,,,unassessed,尚未逐条评估证据和适用范围,unassessed,unassessed
ui.controls.dialog,弹层对话框,availability,harmonyos,ios,unknown,unreviewed,,,unassessed,尚未逐条评估证据和适用范围,unassessed,unassessed
ui.controls.dialog,弹层对话框,programming_model,android,harmonyos,unknown,unreviewed,,,unassessed,尚未逐条评估证据和适用范围,unassessed,unassessed
ui.controls.dialog,弹层对话框,programming_model,android,ios,unknown,unreviewed,,,unassessed,尚未逐条评估证据和适用范围,unassessed,unassessed
ui.controls.dialog,弹层对话框,programming_model,harmonyos,ios,unknown,unreviewed,,,unassessed,尚未逐条评估证据和适用范围,unassessed,unassessed
ui.controls.dialog,弹层对话框,lifecycle_background,android,harmonyos,unknown,unreviewed,,,unassessed,尚未逐条评估证据和适用范围,unassessed,unassessed
ui.controls.dialog,弹层对话框,lifecycle_background,android,ios,unknown,unreviewed,,,unassessed,尚未逐条评估证据和适用范围,unassessed,unassessed
ui.controls.dialog,弹层对话框,lifecycle_background,harmonyos,ios,unknown,unreviewed,,,unassessed,尚未逐条评估证据和适用范围,unassessed,unassessed
ui.controls.dialog,弹层对话框,permissions_privacy,android,harmonyos,unknown,unreviewed,,,unassessed,尚未逐条评估证据和适用范围,unassessed,unassessed
ui.controls.dialog,弹层对话框,permissions_privacy,android,ios,unknown,unreviewed,,,unassessed,尚未逐条评估证据和适用范围,unassessed,unassessed
ui.controls.dialog,弹层对话框,permissions_privacy,harmonyos,ios,unknown,unreviewed,,,unassessed,尚未逐条评估证据和适用范围,unassessed,unassessed
ui.controls.dialog,弹层对话框,limits_precision,android,harmonyos,unknown,unreviewed,,,unassessed,尚未逐条评估证据和适用范围,unassessed,unassessed
ui.controls.dialog,弹层对话框,limits_precision,android,ios,unknown,unreviewed,,,unassessed,尚未逐条评估证据和适用范围,unassessed,unassessed
ui.controls.dialog,弹层对话框,limits_precision,harmonyos,ios,unknown,unreviewed,,,unassessed,尚未逐条评估证据和适用范围,unassessed,unassessed
ui.controls.dialog,弹层对话框,device_forms,android,harmonyos,unknown,unreviewed,,,unassessed,尚未逐条评估证据和适用范围,unassessed,unassessed
ui.controls.dialog,弹层对话框,device_forms,android,ios,unknown,unreviewed,,,unassessed,尚未逐条评估证据和适用范围,unassessed,unassessed
ui.controls.dialog,弹层对话框,device_forms,harmonyos,ios,unknown,unreviewed,,,unassessed,尚未逐条评估证据和适用范围,unassessed,unassessed
ui.controls.dialog,弹层对话框,api_surface,android,harmonyos,unknown,unreviewed,,,unassessed,尚未逐条评估证据和适用范围,unassessed,unassessed
ui.controls.dialog,弹层对话框,api_surface,android,ios,unknown,unreviewed,,,unassessed,尚未逐条评估证据和适用范围,unassessed,unassessed
ui.controls.dialog,弹层对话框,api_surface,harmonyos,ios,unknown,unreviewed,,,unassessed,尚未逐条评估证据和适用范围,unassessed,unassessed
ui.controls.image,图像视图,availability,android,harmonyos,unknown,unreviewed,,,unassessed,尚未逐条评估证据和适用范围,unassessed,unassessed
ui.controls.image,图像视图,availability,android,ios,unknown,unreviewed,,,unassessed,尚未逐条评估证据和适用范围,unassessed,unassessed
ui.controls.image,图像视图,availability,harmonyos,ios,unknown,unreviewed,,,unassessed,尚未逐条评估证据和适用范围,unassessed,unassessed
ui.controls.image,图像视图,programming_model,android,harmonyos,unknown,unreviewed,,,unassessed,尚未逐条评估证据和适用范围,unassessed,unassessed
ui.controls.image,图像视图,programming_model,android,ios,unknown,unreviewed,,,unassessed,尚未逐条评估证据和适用范围,unassessed,unassessed
ui.controls.image,图像视图,programming_model,harmonyos,ios,unknown,unreviewed,,,unassessed,尚未逐条评估证据和适用范围,unassessed,unassessed
ui.controls.image,图像视图,lifecycle_background,android,harmonyos,unknown,unreviewed,,,unassessed,尚未逐条评估证据和适用范围,unassessed,unassessed
ui.controls.image,图像视图,lifecycle_background,android,ios,unknown,unreviewed,,,unassessed,尚未逐条评估证据和适用范围,unassessed,unassessed
ui.controls.image,图像视图,lifecycle_background,harmonyos,ios,unknown,unreviewed,,,unassessed,尚未逐条评估证据和适用范围,unassessed,unassessed
ui.controls.image,图像视图,permissions_privacy,android,harmonyos,unknown,unreviewed,,,unassessed,尚未逐条评估证据和适用范围,unassessed,unassessed
ui.controls.image,图像视图,permissions_privacy,android,ios,unknown,unreviewed,,,unassessed,尚未逐条评估证据和适用范围,unassessed,unassessed
ui.controls.image,图像视图,permissions_privacy,harmonyos,ios,unknown,unreviewed,,,unassessed,尚未逐条评估证据和适用范围,unassessed,unassessed
ui.controls.image,图像视图,limits_precision,android,harmonyos,unknown,unreviewed,,,unassessed,尚未逐条评估证据和适用范围,unassessed,unassessed
ui.controls.image,图像视图,limits_precision,android,ios,unknown,unreviewed,,,unassessed,尚未逐条评估证据和适用范围,unassessed,unassessed
ui.controls.image,图像视图,limits_precision,harmonyos,ios,unknown,unreviewed,,,unassessed,尚未逐条评估证据和适用范围,unassessed,unassessed
ui.controls.image,图像视图,device_forms,android,harmonyos,unknown,unreviewed,,,unassessed,尚未逐条评估证据和适用范围,unassessed,unassessed
ui.controls.image,图像视图,device_forms,android,ios,unknown,unreviewed,,,unassessed,尚未逐条评估证据和适用范围,unassessed,unassessed
ui.controls.image,图像视图,device_forms,harmonyos,ios,unknown,unreviewed,,,unassessed,尚未逐条评估证据和适用范围,unassessed,unassessed
ui.controls.image,图像视图,api_surface,android,harmonyos,unknown,unreviewed,,,unassessed,尚未逐条评估证据和适用范围,unassessed,unassessed
ui.controls.image,图像视图,api_surface,android,ios,unknown,unreviewed,,,unassessed,尚未逐条评估证据和适用范围,unassessed,unassessed
ui.controls.image,图像视图,api_surface,harmonyos,ios,unknown,unreviewed,,,unassessed,尚未逐条评估证据和适用范围,unassessed,unassessed
ui.controls.list,列表,availability,android,harmonyos,unknown,unreviewed,,,unassessed,尚未逐条评估证据和适用范围,unassessed,unassessed
ui.controls.list,列表,availability,android,ios,unknown,unreviewed,,,unassessed,尚未逐条评估证据和适用范围,unassessed,unassessed
ui.controls.list,列表,availability,harmonyos,ios,unknown,unreviewed,,,unassessed,尚未逐条评估证据和适用范围,unassessed,unassessed
ui.controls.list,列表,programming_model,android,harmonyos,unknown,unreviewed,,,unassessed,尚未逐条评估证据和适用范围,unassessed,unassessed
ui.controls.list,列表,programming_model,android,ios,unknown,unreviewed,,,unassessed,尚未逐条评估证据和适用范围,unassessed,unassessed
ui.controls.list,列表,programming_model,harmonyos,ios,unknown,unreviewed,,,unassessed,尚未逐条评估证据和适用范围,unassessed,unassessed
ui.controls.list,列表,lifecycle_background,android,harmonyos,unknown,unreviewed,,,unassessed,尚未逐条评估证据和适用范围,unassessed,unassessed
ui.controls.list,列表,lifecycle_background,android,ios,unknown,unreviewed,,,unassessed,尚未逐条评估证据和适用范围,unassessed,unassessed
ui.controls.list,列表,lifecycle_background,harmonyos,ios,unknown,unreviewed,,,unassessed,尚未逐条评估证据和适用范围,unassessed,unassessed
ui.controls.list,列表,permissions_privacy,android,harmonyos,unknown,unreviewed,,,unassessed,尚未逐条评估证据和适用范围,unassessed,unassessed
ui.controls.list,列表,permissions_privacy,android,ios,unknown,unreviewed,,,unassessed,尚未逐条评估证据和适用范围,unassessed,unassessed
ui.controls.list,列表,permissions_privacy,harmonyos,ios,unknown,unreviewed,,,unassessed,尚未逐条评估证据和适用范围,unassessed,unassessed
ui.controls.list,列表,limits_precision,android,harmonyos,unknown,unreviewed,,,unassessed,尚未逐条评估证据和适用范围,unassessed,unassessed
ui.controls.list,列表,limits_precision,android,ios,unknown,unreviewed,,,unassessed,尚未逐条评估证据和适用范围,unassessed,unassessed
ui.controls.list,列表,limits_precision,harmonyos,ios,unknown,unreviewed,,,unassessed,尚未逐条评估证据和适用范围,unassessed,unassessed
ui.controls.list,列表,device_forms,android,harmonyos,unknown,unreviewed,,,unassessed,尚未逐条评估证据和适用范围,unassessed,unassessed
ui.controls.list,列表,device_forms,android,ios,unknown,unreviewed,,,unassessed,尚未逐条评估证据和适用范围,unassessed,unassessed
ui.controls.list,列表,device_forms,harmonyos,ios,unknown,unreviewed,,,unassessed,尚未逐条评估证据和适用范围,unassessed,unassessed
ui.controls.list,列表,api_surface,android,harmonyos,unknown,unreviewed,,,unassessed,尚未逐条评估证据和适用范围,unassessed,unassessed
ui.controls.list,列表,api_surface,android,ios,unknown,unreviewed,,,unassessed,尚未逐条评估证据和适用范围,unassessed,unassessed
ui.controls.list,列表,api_surface,harmonyos,ios,unknown,unreviewed,,,unassessed,尚未逐条评估证据和适用范围,unassessed,unassessed
ui.controls.navigation_bar,导航栏,availability,android,harmonyos,unknown,unreviewed,,,unassessed,尚未逐条评估证据和适用范围,unassessed,unassessed
ui.controls.navigation_bar,导航栏,availability,android,ios,unknown,unreviewed,,,unassessed,尚未逐条评估证据和适用范围,unassessed,unassessed
ui.controls.navigation_bar,导航栏,availability,harmonyos,ios,unknown,unreviewed,,,unassessed,尚未逐条评估证据和适用范围,unassessed,unassessed
ui.controls.navigation_bar,导航栏,programming_model,android,harmonyos,unknown,unreviewed,,,unassessed,尚未逐条评估证据和适用范围,unassessed,unassessed
ui.controls.navigation_bar,导航栏,programming_model,android,ios,unknown,unreviewed,,,unassessed,尚未逐条评估证据和适用范围,unassessed,unassessed
ui.controls.navigation_bar,导航栏,programming_model,harmonyos,ios,unknown,unreviewed,,,unassessed,尚未逐条评估证据和适用范围,unassessed,unassessed
ui.controls.navigation_bar,导航栏,lifecycle_background,android,harmonyos,unknown,unreviewed,,,unassessed,尚未逐条评估证据和适用范围,unassessed,unassessed
ui.controls.navigation_bar,导航栏,lifecycle_background,android,ios,unknown,unreviewed,,,unassessed,尚未逐条评估证据和适用范围,unassessed,unassessed
ui.controls.navigation_bar,导航栏,lifecycle_background,harmonyos,ios,unknown,unreviewed,,,unassessed,尚未逐条评估证据和适用范围,unassessed,unassessed
ui.controls.navigation_bar,导航栏,permissions_privacy,android,harmonyos,unknown,unreviewed,,,unassessed,尚未逐条评估证据和适用范围,unassessed,unassessed
ui.controls.navigation_bar,导航栏,permissions_privacy,android,ios,unknown,unreviewed,,,unassessed,尚未逐条评估证据和适用范围,unassessed,unassessed
ui.controls.navigation_bar,导航栏,permissions_privacy,harmonyos,ios,unknown,unreviewed,,,unassessed,尚未逐条评估证据和适用范围,unassessed,unassessed
ui.controls.navigation_bar,导航栏,limits_precision,android,harmonyos,unknown,unreviewed,,,unassessed,尚未逐条评估证据和适用范围,unassessed,unassessed
ui.controls.navigation_bar,导航栏,limits_precision,android,ios,unknown,unreviewed,,,unassessed,尚未逐条评估证据和适用范围,unassessed,unassessed
ui.controls.navigation_bar,导航栏,limits_precision,harmonyos,ios,unknown,unreviewed,,,unassessed,尚未逐条评估证据和适用范围,unassessed,unassessed
ui.controls.navigation_bar,导航栏,device_forms,android,harmonyos,unknown,unreviewed,,,unassessed,尚未逐条评估证据和适用范围,unassessed,unassessed
ui.controls.navigation_bar,导航栏,device_forms,android,ios,unknown,unreviewed,,,unassessed,尚未逐条评估证据和适用范围,unassessed,unassessed
ui.controls.navigation_bar,导航栏,device_forms,harmonyos,ios,unknown,unreviewed,,,unassessed,尚未逐条评估证据和适用范围,unassessed,unassessed
ui.controls.navigation_bar,导航栏,api_surface,android,harmonyos,unknown,unreviewed,,,unassessed,尚未逐条评估证据和适用范围,unassessed,unassessed
ui.controls.navigation_bar,导航栏,api_surface,android,ios,unknown,unreviewed,,,unassessed,尚未逐条评估证据和适用范围,unassessed,unassessed
ui.controls.navigation_bar,导航栏,api_surface,harmonyos,ios,unknown,unreviewed,,,unassessed,尚未逐条评估证据和适用范围,unassessed,unassessed
ui.controls.text_field,文本输入框,availability,android,harmonyos,unknown,unreviewed,,,unassessed,尚未逐条评估证据和适用范围,unassessed,unassessed
ui.controls.text_field,文本输入框,availability,android,ios,unknown,unreviewed,,,unassessed,尚未逐条评估证据和适用范围,unassessed,unassessed
ui.controls.text_field,文本输入框,availability,harmonyos,ios,unknown,unreviewed,,,unassessed,尚未逐条评估证据和适用范围,unassessed,unassessed
ui.controls.text_field,文本输入框,programming_model,android,harmonyos,unknown,unreviewed,,,unassessed,尚未逐条评估证据和适用范围,unassessed,unassessed
ui.controls.text_field,文本输入框,programming_model,android,ios,unknown,unreviewed,,,unassessed,尚未逐条评估证据和适用范围,unassessed,unassessed
ui.controls.text_field,文本输入框,programming_model,harmonyos,ios,unknown,unreviewed,,,unassessed,尚未逐条评估证据和适用范围,unassessed,unassessed
ui.controls.text_field,文本输入框,lifecycle_background,android,harmonyos,unknown,unreviewed,,,unassessed,尚未逐条评估证据和适用范围,unassessed,unassessed
ui.controls.text_field,文本输入框,lifecycle_background,android,ios,unknown,unreviewed,,,unassessed,尚未逐条评估证据和适用范围,unassessed,unassessed
ui.controls.text_field,文本输入框,lifecycle_background,harmonyos,ios,unknown,unreviewed,,,unassessed,尚未逐条评估证据和适用范围,unassessed,unassessed
ui.controls.text_field,文本输入框,permissions_privacy,android,harmonyos,unknown,unreviewed,,,unassessed,尚未逐条评估证据和适用范围,unassessed,unassessed
ui.controls.text_field,文本输入框,permissions_privacy,android,ios,unknown,unreviewed,,,unassessed,尚未逐条评估证据和适用范围,unassessed,unassessed
ui.controls.text_field,文本输入框,permissions_privacy,harmonyos,ios,unknown,unreviewed,,,unassessed,尚未逐条评估证据和适用范围,unassessed,unassessed
ui.controls.text_field,文本输入框,limits_precision,android,harmonyos,unknown,unreviewed,,,unassessed,尚未逐条评估证据和适用范围,unassessed,unassessed
ui.controls.text_field,文本输入框,limits_precision,android,ios,unknown,unreviewed,,,unassessed,尚未逐条评估证据和适用范围,unassessed,unassessed
ui.controls.text_field,文本输入框,limits_precision,harmonyos,ios,unknown,unreviewed,,,unassessed,尚未逐条评估证据和适用范围,unassessed,unassessed
ui.controls.text_field,文本输入框,device_forms,android,harmonyos,unknown,unreviewed,,,unassessed,尚未逐条评估证据和适用范围,unassessed,unassessed
ui.controls.text_field,文本输入框,device_forms,android,ios,unknown,unreviewed,,,unassessed,尚未逐条评估证据和适用范围,unassessed,unassessed
ui.controls.text_field,文本输入框,device_forms,harmonyos,ios,unknown,unreviewed,,,unassessed,尚未逐条评估证据和适用范围,unassessed,unassessed
ui.controls.text_field,文本输入框,api_surface,android,harmonyos,unknown,unreviewed,,,unassessed,尚未逐条评估证据和适用范围,unassessed,unassessed
ui.controls.text_field,文本输入框,api_surface,android,ios,unknown,unreviewed,,,unassessed,尚未逐条评估证据和适用范围,unassessed,unassessed
ui.controls.text_field,文本输入框,api_surface,harmonyos,ios,unknown,unreviewed,,,unassessed,尚未逐条评估证据和适用范围,unassessed,unassessed
ui.declarative,声明式UI框架,availability,android,harmonyos,unknown,unreviewed,,,unassessed,尚未逐条评估证据和适用范围,unassessed,unassessed
ui.declarative,声明式UI框架,availability,android,ios,unknown,unreviewed,,,unassessed,尚未逐条评估证据和适用范围,unassessed,unassessed
ui.declarative,声明式UI框架,availability,harmonyos,ios,unknown,unreviewed,,,unassessed,尚未逐条评估证据和适用范围,unassessed,unassessed
ui.declarative,声明式UI框架,programming_model,android,harmonyos,unknown,unreviewed,,,unassessed,尚未逐条评估证据和适用范围,unassessed,unassessed
ui.declarative,声明式UI框架,programming_model,android,ios,unknown,unreviewed,,,unassessed,尚未逐条评估证据和适用范围,unassessed,unassessed
ui.declarative,声明式UI框架,programming_model,harmonyos,ios,unknown,unreviewed,,,unassessed,尚未逐条评估证据和适用范围,unassessed,unassessed
ui.declarative,声明式UI框架,lifecycle_background,android,harmonyos,unknown,unreviewed,,,unassessed,尚未逐条评估证据和适用范围,unassessed,unassessed
ui.declarative,声明式UI框架,lifecycle_background,android,ios,unknown,unreviewed,,,unassessed,尚未逐条评估证据和适用范围,unassessed,unassessed
ui.declarative,声明式UI框架,lifecycle_background,harmonyos,ios,unknown,unreviewed,,,unassessed,尚未逐条评估证据和适用范围,unassessed,unassessed
ui.declarative,声明式UI框架,permissions_privacy,android,harmonyos,unknown,unreviewed,,,unassessed,尚未逐条评估证据和适用范围,unassessed,unassessed
ui.declarative,声明式UI框架,permissions_privacy,android,ios,unknown,unreviewed,,,unassessed,尚未逐条评估证据和适用范围,unassessed,unassessed
ui.declarative,声明式UI框架,permissions_privacy,harmonyos,ios,unknown,unreviewed,,,unassessed,尚未逐条评估证据和适用范围,unassessed,unassessed
ui.declarative,声明式UI框架,limits_precision,android,harmonyos,unknown,unreviewed,,,unassessed,尚未逐条评估证据和适用范围,unassessed,unassessed
ui.declarative,声明式UI框架,limits_precision,android,ios,unknown,unreviewed,,,unassessed,尚未逐条评估证据和适用范围,unassessed,unassessed
ui.declarative,声明式UI框架,limits_precision,harmonyos,ios,unknown,unreviewed,,,unassessed,尚未逐条评估证据和适用范围,unassessed,unassessed
ui.declarative,声明式UI框架,device_forms,android,harmonyos,unknown,unreviewed,,,unassessed,尚未逐条评估证据和适用范围,unassessed,unassessed
ui.declarative,声明式UI框架,device_forms,android,ios,unknown,unreviewed,,,unassessed,尚未逐条评估证据和适用范围,unassessed,unassessed
ui.declarative,声明式UI框架,device_forms,harmonyos,ios,unknown,unreviewed,,,unassessed,尚未逐条评估证据和适用范围,unassessed,unassessed
ui.declarative,声明式UI框架,api_surface,android,harmonyos,unknown,unreviewed,,,unassessed,尚未逐条评估证据和适用范围,unassessed,unassessed
ui.declarative,声明式UI框架,api_surface,android,ios,unknown,unreviewed,,,unassessed,尚未逐条评估证据和适用范围,unassessed,unassessed
ui.declarative,声明式UI框架,api_surface,harmonyos,ios,unknown,unreviewed,,,unassessed,尚未逐条评估证据和适用范围,unassessed,unassessed
ui.declarative.vs_imperative,状态驱动界面更新,availability,android,harmonyos,unknown,unreviewed,,,unassessed,尚未逐条评估证据和适用范围,unassessed,unassessed
ui.declarative.vs_imperative,状态驱动界面更新,availability,android,ios,unknown,unreviewed,,,unassessed,尚未逐条评估证据和适用范围,unassessed,unassessed
ui.declarative.vs_imperative,状态驱动界面更新,availability,harmonyos,ios,unknown,unreviewed,,,unassessed,尚未逐条评估证据和适用范围,unassessed,unassessed
ui.declarative.vs_imperative,状态驱动界面更新,programming_model,android,harmonyos,unknown,unreviewed,,,unassessed,尚未逐条评估证据和适用范围,unassessed,unassessed
ui.declarative.vs_imperative,状态驱动界面更新,programming_model,android,ios,unknown,in_review,状态变化如何触发界面更新,原文是框架范式对照，尚不能确认本节点任务在指定实现与版本中的差异。,unassessed,尚未逐条评估证据和适用范围,unassessed,unassessed
ui.declarative.vs_imperative,状态驱动界面更新,programming_model,harmonyos,ios,unknown,unreviewed,,,unassessed,尚未逐条评估证据和适用范围,unassessed,unassessed
ui.declarative.vs_imperative,状态驱动界面更新,lifecycle_background,android,harmonyos,unknown,unreviewed,,,unassessed,尚未逐条评估证据和适用范围,unassessed,unassessed
ui.declarative.vs_imperative,状态驱动界面更新,lifecycle_background,android,ios,unknown,unreviewed,,,unassessed,尚未逐条评估证据和适用范围,unassessed,unassessed
ui.declarative.vs_imperative,状态驱动界面更新,lifecycle_background,harmonyos,ios,unknown,unreviewed,,,unassessed,尚未逐条评估证据和适用范围,unassessed,unassessed
ui.declarative.vs_imperative,状态驱动界面更新,permissions_privacy,android,harmonyos,unknown,unreviewed,,,unassessed,尚未逐条评估证据和适用范围,unassessed,unassessed
ui.declarative.vs_imperative,状态驱动界面更新,permissions_privacy,android,ios,unknown,unreviewed,,,unassessed,尚未逐条评估证据和适用范围,unassessed,unassessed
ui.declarative.vs_imperative,状态驱动界面更新,permissions_privacy,harmonyos,ios,unknown,unreviewed,,,unassessed,尚未逐条评估证据和适用范围,unassessed,unassessed
ui.declarative.vs_imperative,状态驱动界面更新,limits_precision,android,harmonyos,unknown,unreviewed,,,unassessed,尚未逐条评估证据和适用范围,unassessed,unassessed
ui.declarative.vs_imperative,状态驱动界面更新,limits_precision,android,ios,unknown,unreviewed,,,unassessed,尚未逐条评估证据和适用范围,unassessed,unassessed
ui.declarative.vs_imperative,状态驱动界面更新,limits_precision,harmonyos,ios,unknown,unreviewed,,,unassessed,尚未逐条评估证据和适用范围,unassessed,unassessed
ui.declarative.vs_imperative,状态驱动界面更新,device_forms,android,harmonyos,unknown,unreviewed,,,unassessed,尚未逐条评估证据和适用范围,unassessed,unassessed
ui.declarative.vs_imperative,状态驱动界面更新,device_forms,android,ios,unknown,unreviewed,,,unassessed,尚未逐条评估证据和适用范围,unassessed,unassessed
ui.declarative.vs_imperative,状态驱动界面更新,device_forms,harmonyos,ios,unknown,unreviewed,,,unassessed,尚未逐条评估证据和适用范围,unassessed,unassessed
ui.declarative.vs_imperative,状态驱动界面更新,api_surface,android,harmonyos,unknown,unreviewed,,,unassessed,尚未逐条评估证据和适用范围,unassessed,unassessed
ui.declarative.vs_imperative,状态驱动界面更新,api_surface,android,ios,unknown,unreviewed,,,unassessed,尚未逐条评估证据和适用范围,unassessed,unassessed
ui.declarative.vs_imperative,状态驱动界面更新,api_surface,harmonyos,ios,unknown,unreviewed,,,unassessed,尚未逐条评估证据和适用范围,unassessed,unassessed
ui.imperative,命令式视图系统,availability,android,harmonyos,unknown,unreviewed,,,unassessed,尚未逐条评估证据和适用范围,unassessed,unassessed
ui.imperative,命令式视图系统,availability,android,ios,unknown,unreviewed,,,unassessed,尚未逐条评估证据和适用范围,unassessed,unassessed
ui.imperative,命令式视图系统,availability,harmonyos,ios,unknown,unreviewed,,,unassessed,尚未逐条评估证据和适用范围,unassessed,unassessed
ui.imperative,命令式视图系统,programming_model,android,harmonyos,unknown,unreviewed,,,unassessed,尚未逐条评估证据和适用范围,unassessed,unassessed
ui.imperative,命令式视图系统,programming_model,android,ios,unknown,unreviewed,,,unassessed,尚未逐条评估证据和适用范围,unassessed,unassessed
ui.imperative,命令式视图系统,programming_model,harmonyos,ios,unknown,unreviewed,,,unassessed,尚未逐条评估证据和适用范围,unassessed,unassessed
ui.imperative,命令式视图系统,lifecycle_background,android,harmonyos,unknown,unreviewed,,,unassessed,尚未逐条评估证据和适用范围,unassessed,unassessed
ui.imperative,命令式视图系统,lifecycle_background,android,ios,unknown,unreviewed,,,unassessed,尚未逐条评估证据和适用范围,unassessed,unassessed
ui.imperative,命令式视图系统,lifecycle_background,harmonyos,ios,unknown,unreviewed,,,unassessed,尚未逐条评估证据和适用范围,unassessed,unassessed
ui.imperative,命令式视图系统,permissions_privacy,android,harmonyos,unknown,unreviewed,,,unassessed,尚未逐条评估证据和适用范围,unassessed,unassessed
ui.imperative,命令式视图系统,permissions_privacy,android,ios,unknown,unreviewed,,,unassessed,尚未逐条评估证据和适用范围,unassessed,unassessed
ui.imperative,命令式视图系统,permissions_privacy,harmonyos,ios,unknown,unreviewed,,,unassessed,尚未逐条评估证据和适用范围,unassessed,unassessed
ui.imperative,命令式视图系统,limits_precision,android,harmonyos,unknown,unreviewed,,,unassessed,尚未逐条评估证据和适用范围,unassessed,unassessed
ui.imperative,命令式视图系统,limits_precision,android,ios,unknown,unreviewed,,,unassessed,尚未逐条评估证据和适用范围,unassessed,unassessed
ui.imperative,命令式视图系统,limits_precision,harmonyos,ios,unknown,unreviewed,,,unassessed,尚未逐条评估证据和适用范围,unassessed,unassessed
ui.imperative,命令式视图系统,device_forms,android,harmonyos,unknown,unreviewed,,,unassessed,尚未逐条评估证据和适用范围,unassessed,unassessed
ui.imperative,命令式视图系统,device_forms,android,ios,unknown,unreviewed,,,unassessed,尚未逐条评估证据和适用范围,unassessed,unassessed
ui.imperative,命令式视图系统,device_forms,harmonyos,ios,unknown,unreviewed,,,unassessed,尚未逐条评估证据和适用范围,unassessed,unassessed
ui.imperative,命令式视图系统,api_surface,android,harmonyos,unknown,unreviewed,,,unassessed,尚未逐条评估证据和适用范围,unassessed,unassessed
ui.imperative,命令式视图系统,api_surface,android,ios,unknown,unreviewed,,,unassessed,尚未逐条评估证据和适用范围,unassessed,unassessed
ui.imperative,命令式视图系统,api_surface,harmonyos,ios,unknown,unreviewed,,,unassessed,尚未逐条评估证据和适用范围,unassessed,unassessed
ui.navigation,导航栈,availability,android,harmonyos,unknown,unreviewed,,,unassessed,尚未逐条评估证据和适用范围,unassessed,unassessed
ui.navigation,导航栈,availability,android,ios,unknown,unreviewed,,,unassessed,尚未逐条评估证据和适用范围,unassessed,unassessed
ui.navigation,导航栈,availability,harmonyos,ios,unknown,unreviewed,,,unassessed,尚未逐条评估证据和适用范围,unassessed,unassessed
ui.navigation,导航栈,programming_model,android,harmonyos,unknown,unreviewed,,,unassessed,尚未逐条评估证据和适用范围,unassessed,unassessed
ui.navigation,导航栈,programming_model,android,ios,unknown,unreviewed,,,unassessed,尚未逐条评估证据和适用范围,unassessed,unassessed
ui.navigation,导航栈,programming_model,harmonyos,ios,unknown,unreviewed,,,unassessed,尚未逐条评估证据和适用范围,unassessed,unassessed
ui.navigation,导航栈,lifecycle_background,android,harmonyos,unknown,unreviewed,,,unassessed,尚未逐条评估证据和适用范围,unassessed,unassessed
ui.navigation,导航栈,lifecycle_background,android,ios,unknown,unreviewed,,,unassessed,尚未逐条评估证据和适用范围,unassessed,unassessed
ui.navigation,导航栈,lifecycle_background,harmonyos,ios,unknown,unreviewed,,,unassessed,尚未逐条评估证据和适用范围,unassessed,unassessed
ui.navigation,导航栈,permissions_privacy,android,harmonyos,unknown,unreviewed,,,unassessed,尚未逐条评估证据和适用范围,unassessed,unassessed
ui.navigation,导航栈,permissions_privacy,android,ios,unknown,unreviewed,,,unassessed,尚未逐条评估证据和适用范围,unassessed,unassessed
ui.navigation,导航栈,permissions_privacy,harmonyos,ios,unknown,unreviewed,,,unassessed,尚未逐条评估证据和适用范围,unassessed,unassessed
ui.navigation,导航栈,limits_precision,android,harmonyos,unknown,unreviewed,,,unassessed,尚未逐条评估证据和适用范围,unassessed,unassessed
ui.navigation,导航栈,limits_precision,android,ios,unknown,unreviewed,,,unassessed,尚未逐条评估证据和适用范围,unassessed,unassessed
ui.navigation,导航栈,limits_precision,harmonyos,ios,unknown,unreviewed,,,unassessed,尚未逐条评估证据和适用范围,unassessed,unassessed
ui.navigation,导航栈,device_forms,android,harmonyos,unknown,unreviewed,,,unassessed,尚未逐条评估证据和适用范围,unassessed,unassessed
ui.navigation,导航栈,device_forms,android,ios,unknown,unreviewed,,,unassessed,尚未逐条评估证据和适用范围,unassessed,unassessed
ui.navigation,导航栈,device_forms,harmonyos,ios,unknown,unreviewed,,,unassessed,尚未逐条评估证据和适用范围,unassessed,unassessed
ui.navigation,导航栈,api_surface,android,harmonyos,unknown,unreviewed,,,unassessed,尚未逐条评估证据和适用范围,unassessed,unassessed
ui.navigation,导航栈,api_surface,android,ios,unknown,unreviewed,,,unassessed,尚未逐条评估证据和适用范围,unassessed,unassessed
ui.navigation,导航栈,api_surface,harmonyos,ios,unknown,unreviewed,,,unassessed,尚未逐条评估证据和适用范围,unassessed,unassessed
ui.navigation.stack,页面导航栈,availability,android,harmonyos,unknown,unreviewed,,,unassessed,尚未逐条评估证据和适用范围,unassessed,unassessed
ui.navigation.stack,页面导航栈,availability,android,ios,unknown,unreviewed,,,unassessed,尚未逐条评估证据和适用范围,unassessed,unassessed
ui.navigation.stack,页面导航栈,availability,harmonyos,ios,unknown,unreviewed,,,unassessed,尚未逐条评估证据和适用范围,unassessed,unassessed
ui.navigation.stack,页面导航栈,programming_model,android,harmonyos,unknown,unreviewed,,,unassessed,尚未逐条评估证据和适用范围,unassessed,unassessed
ui.navigation.stack,页面导航栈,programming_model,android,ios,unknown,unreviewed,,,unassessed,尚未逐条评估证据和适用范围,unassessed,unassessed
ui.navigation.stack,页面导航栈,programming_model,harmonyos,ios,unknown,unreviewed,,,unassessed,尚未逐条评估证据和适用范围,unassessed,unassessed
ui.navigation.stack,页面导航栈,lifecycle_background,android,harmonyos,unknown,unreviewed,,,unassessed,尚未逐条评估证据和适用范围,unassessed,unassessed
ui.navigation.stack,页面导航栈,lifecycle_background,android,ios,unknown,unreviewed,,,unassessed,尚未逐条评估证据和适用范围,unassessed,unassessed
ui.navigation.stack,页面导航栈,lifecycle_background,harmonyos,ios,unknown,unreviewed,,,unassessed,尚未逐条评估证据和适用范围,unassessed,unassessed
ui.navigation.stack,页面导航栈,permissions_privacy,android,harmonyos,unknown,unreviewed,,,unassessed,尚未逐条评估证据和适用范围,unassessed,unassessed
ui.navigation.stack,页面导航栈,permissions_privacy,android,ios,unknown,unreviewed,,,unassessed,尚未逐条评估证据和适用范围,unassessed,unassessed
ui.navigation.stack,页面导航栈,permissions_privacy,harmonyos,ios,unknown,unreviewed,,,unassessed,尚未逐条评估证据和适用范围,unassessed,unassessed
ui.navigation.stack,页面导航栈,limits_precision,android,harmonyos,unknown,unreviewed,,,unassessed,尚未逐条评估证据和适用范围,unassessed,unassessed
ui.navigation.stack,页面导航栈,limits_precision,android,ios,unknown,unreviewed,,,unassessed,尚未逐条评估证据和适用范围,unassessed,unassessed
ui.navigation.stack,页面导航栈,limits_precision,harmonyos,ios,unknown,unreviewed,,,unassessed,尚未逐条评估证据和适用范围,unassessed,unassessed
ui.navigation.stack,页面导航栈,device_forms,android,harmonyos,unknown,unreviewed,,,unassessed,尚未逐条评估证据和适用范围,unassessed,unassessed
ui.navigation.stack,页面导航栈,device_forms,android,ios,unknown,unreviewed,,,unassessed,尚未逐条评估证据和适用范围,unassessed,unassessed
ui.navigation.stack,页面导航栈,device_forms,harmonyos,ios,unknown,unreviewed,,,unassessed,尚未逐条评估证据和适用范围,unassessed,unassessed
ui.navigation.stack,页面导航栈,api_surface,android,harmonyos,unknown,unreviewed,,,unassessed,尚未逐条评估证据和适用范围,unassessed,unassessed
ui.navigation.stack,页面导航栈,api_surface,android,ios,unknown,unreviewed,,,unassessed,尚未逐条评估证据和适用范围,unassessed,unassessed
ui.navigation.stack,页面导航栈,api_surface,harmonyos,ios,unknown,unreviewed,,,unassessed,尚未逐条评估证据和适用范围,unassessed,unassessed
ui.theme,主题与外观,availability,android,harmonyos,unknown,unreviewed,,,unassessed,尚未逐条评估证据和适用范围,unassessed,unassessed
ui.theme,主题与外观,availability,android,ios,unknown,unreviewed,,,unassessed,尚未逐条评估证据和适用范围,unassessed,unassessed
ui.theme,主题与外观,availability,harmonyos,ios,unknown,unreviewed,,,unassessed,尚未逐条评估证据和适用范围,unassessed,unassessed
ui.theme,主题与外观,programming_model,android,harmonyos,unknown,unreviewed,,,unassessed,尚未逐条评估证据和适用范围,unassessed,unassessed
ui.theme,主题与外观,programming_model,android,ios,unknown,unreviewed,,,unassessed,尚未逐条评估证据和适用范围,unassessed,unassessed
ui.theme,主题与外观,programming_model,harmonyos,ios,unknown,unreviewed,,,unassessed,尚未逐条评估证据和适用范围,unassessed,unassessed
ui.theme,主题与外观,lifecycle_background,android,harmonyos,unknown,unreviewed,,,unassessed,尚未逐条评估证据和适用范围,unassessed,unassessed
ui.theme,主题与外观,lifecycle_background,android,ios,unknown,unreviewed,,,unassessed,尚未逐条评估证据和适用范围,unassessed,unassessed
ui.theme,主题与外观,lifecycle_background,harmonyos,ios,unknown,unreviewed,,,unassessed,尚未逐条评估证据和适用范围,unassessed,unassessed
ui.theme,主题与外观,permissions_privacy,android,harmonyos,unknown,unreviewed,,,unassessed,尚未逐条评估证据和适用范围,unassessed,unassessed
ui.theme,主题与外观,permissions_privacy,android,ios,unknown,unreviewed,,,unassessed,尚未逐条评估证据和适用范围,unassessed,unassessed
ui.theme,主题与外观,permissions_privacy,harmonyos,ios,unknown,unreviewed,,,unassessed,尚未逐条评估证据和适用范围,unassessed,unassessed
ui.theme,主题与外观,limits_precision,android,harmonyos,unknown,unreviewed,,,unassessed,尚未逐条评估证据和适用范围,unassessed,unassessed
ui.theme,主题与外观,limits_precision,android,ios,unknown,unreviewed,,,unassessed,尚未逐条评估证据和适用范围,unassessed,unassessed
ui.theme,主题与外观,limits_precision,harmonyos,ios,unknown,unreviewed,,,unassessed,尚未逐条评估证据和适用范围,unassessed,unassessed
ui.theme,主题与外观,device_forms,android,harmonyos,unknown,unreviewed,,,unassessed,尚未逐条评估证据和适用范围,unassessed,unassessed
ui.theme,主题与外观,device_forms,android,ios,unknown,unreviewed,,,unassessed,尚未逐条评估证据和适用范围,unassessed,unassessed
ui.theme,主题与外观,device_forms,harmonyos,ios,unknown,unreviewed,,,unassessed,尚未逐条评估证据和适用范围,unassessed,unassessed
ui.theme,主题与外观,api_surface,android,harmonyos,unknown,unreviewed,,,unassessed,尚未逐条评估证据和适用范围,unassessed,unassessed
ui.theme,主题与外观,api_surface,android,ios,unknown,unreviewed,,,unassessed,尚未逐条评估证据和适用范围,unassessed,unassessed
ui.theme,主题与外观,api_surface,harmonyos,ios,unknown,unreviewed,,,unassessed,尚未逐条评估证据和适用范围,unassessed,unassessed
ui.theme.dark_mode,深色模式,availability,android,harmonyos,unknown,unreviewed,,,unassessed,尚未逐条评估证据和适用范围,unassessed,unassessed
ui.theme.dark_mode,深色模式,availability,android,ios,unknown,unreviewed,,,unassessed,尚未逐条评估证据和适用范围,unassessed,unassessed
ui.theme.dark_mode,深色模式,availability,harmonyos,ios,unknown,unreviewed,,,unassessed,尚未逐条评估证据和适用范围,unassessed,unassessed
ui.theme.dark_mode,深色模式,programming_model,android,harmonyos,unknown,unreviewed,,,unassessed,尚未逐条评估证据和适用范围,unassessed,unassessed
ui.theme.dark_mode,深色模式,programming_model,android,ios,unknown,unreviewed,,,unassessed,尚未逐条评估证据和适用范围,unassessed,unassessed
ui.theme.dark_mode,深色模式,programming_model,harmonyos,ios,unknown,unreviewed,,,unassessed,尚未逐条评估证据和适用范围,unassessed,unassessed
ui.theme.dark_mode,深色模式,lifecycle_background,android,harmonyos,unknown,unreviewed,,,unassessed,尚未逐条评估证据和适用范围,unassessed,unassessed
ui.theme.dark_mode,深色模式,lifecycle_background,android,ios,unknown,unreviewed,,,unassessed,尚未逐条评估证据和适用范围,unassessed,unassessed
ui.theme.dark_mode,深色模式,lifecycle_background,harmonyos,ios,unknown,unreviewed,,,unassessed,尚未逐条评估证据和适用范围,unassessed,unassessed
ui.theme.dark_mode,深色模式,permissions_privacy,android,harmonyos,unknown,unreviewed,,,unassessed,尚未逐条评估证据和适用范围,unassessed,unassessed
ui.theme.dark_mode,深色模式,permissions_privacy,android,ios,unknown,unreviewed,,,unassessed,尚未逐条评估证据和适用范围,unassessed,unassessed
ui.theme.dark_mode,深色模式,permissions_privacy,harmonyos,ios,unknown,unreviewed,,,unassessed,尚未逐条评估证据和适用范围,unassessed,unassessed
ui.theme.dark_mode,深色模式,limits_precision,android,harmonyos,unknown,unreviewed,,,unassessed,尚未逐条评估证据和适用范围,unassessed,unassessed
ui.theme.dark_mode,深色模式,limits_precision,android,ios,unknown,unreviewed,,,unassessed,尚未逐条评估证据和适用范围,unassessed,unassessed
ui.theme.dark_mode,深色模式,limits_precision,harmonyos,ios,unknown,unreviewed,,,unassessed,尚未逐条评估证据和适用范围,unassessed,unassessed
ui.theme.dark_mode,深色模式,device_forms,android,harmonyos,unknown,unreviewed,,,unassessed,尚未逐条评估证据和适用范围,unassessed,unassessed
ui.theme.dark_mode,深色模式,device_forms,android,ios,unknown,unreviewed,,,unassessed,尚未逐条评估证据和适用范围,unassessed,unassessed
ui.theme.dark_mode,深色模式,device_forms,harmonyos,ios,unknown,unreviewed,,,unassessed,尚未逐条评估证据和适用范围,unassessed,unassessed
ui.theme.dark_mode,深色模式,api_surface,android,harmonyos,unknown,unreviewed,,,unassessed,尚未逐条评估证据和适用范围,unassessed,unassessed
ui.theme.dark_mode,深色模式,api_surface,android,ios,unknown,unreviewed,,,unassessed,尚未逐条评估证据和适用范围,unassessed,unassessed
ui.theme.dark_mode,深色模式,api_surface,harmonyos,ios,unknown,unreviewed,,,unassessed,尚未逐条评估证据和适用范围,unassessed,unassessed
ui.window,窗口与多窗,availability,android,harmonyos,unknown,unreviewed,,,unassessed,尚未逐条评估证据和适用范围,unassessed,unassessed
ui.window,窗口与多窗,availability,android,ios,unknown,unreviewed,,,unassessed,尚未逐条评估证据和适用范围,unassessed,unassessed
ui.window,窗口与多窗,availability,harmonyos,ios,unknown,unreviewed,,,unassessed,尚未逐条评估证据和适用范围,unassessed,unassessed
ui.window,窗口与多窗,programming_model,android,harmonyos,unknown,unreviewed,,,unassessed,尚未逐条评估证据和适用范围,unassessed,unassessed
ui.window,窗口与多窗,programming_model,android,ios,unknown,unreviewed,,,unassessed,尚未逐条评估证据和适用范围,unassessed,unassessed
ui.window,窗口与多窗,programming_model,harmonyos,ios,unknown,unreviewed,,,unassessed,尚未逐条评估证据和适用范围,unassessed,unassessed
ui.window,窗口与多窗,lifecycle_background,android,harmonyos,unknown,unreviewed,,,unassessed,尚未逐条评估证据和适用范围,unassessed,unassessed
ui.window,窗口与多窗,lifecycle_background,android,ios,unknown,unreviewed,,,unassessed,尚未逐条评估证据和适用范围,unassessed,unassessed
ui.window,窗口与多窗,lifecycle_background,harmonyos,ios,unknown,unreviewed,,,unassessed,尚未逐条评估证据和适用范围,unassessed,unassessed
ui.window,窗口与多窗,permissions_privacy,android,harmonyos,unknown,unreviewed,,,unassessed,尚未逐条评估证据和适用范围,unassessed,unassessed
ui.window,窗口与多窗,permissions_privacy,android,ios,unknown,unreviewed,,,unassessed,尚未逐条评估证据和适用范围,unassessed,unassessed
ui.window,窗口与多窗,permissions_privacy,harmonyos,ios,unknown,unreviewed,,,unassessed,尚未逐条评估证据和适用范围,unassessed,unassessed
ui.window,窗口与多窗,limits_precision,android,harmonyos,unknown,unreviewed,,,unassessed,尚未逐条评估证据和适用范围,unassessed,unassessed
ui.window,窗口与多窗,limits_precision,android,ios,unknown,unreviewed,,,unassessed,尚未逐条评估证据和适用范围,unassessed,unassessed
ui.window,窗口与多窗,limits_precision,harmonyos,ios,unknown,unreviewed,,,unassessed,尚未逐条评估证据和适用范围,unassessed,unassessed
ui.window,窗口与多窗,device_forms,android,harmonyos,unknown,unreviewed,,,unassessed,尚未逐条评估证据和适用范围,unassessed,unassessed
ui.window,窗口与多窗,device_forms,android,ios,unknown,unreviewed,,,unassessed,尚未逐条评估证据和适用范围,unassessed,unassessed
ui.window,窗口与多窗,device_forms,harmonyos,ios,unknown,unreviewed,,,unassessed,尚未逐条评估证据和适用范围,unassessed,unassessed
ui.window,窗口与多窗,api_surface,android,harmonyos,unknown,unreviewed,,,unassessed,尚未逐条评估证据和适用范围,unassessed,unassessed
ui.window,窗口与多窗,api_surface,android,ios,unknown,unreviewed,,,unassessed,尚未逐条评估证据和适用范围,unassessed,unassessed
ui.window,窗口与多窗,api_surface,harmonyos,ios,unknown,unreviewed,,,unassessed,尚未逐条评估证据和适用范围,unassessed,unassessed
ui.window.multiwindow,分屏与多窗,availability,android,harmonyos,unknown,unreviewed,,,unassessed,尚未逐条评估证据和适用范围,unassessed,unassessed
ui.window.multiwindow,分屏与多窗,availability,android,ios,unknown,unreviewed,,,unassessed,尚未逐条评估证据和适用范围,unassessed,unassessed
ui.window.multiwindow,分屏与多窗,availability,harmonyos,ios,unknown,unreviewed,,,unassessed,尚未逐条评估证据和适用范围,unassessed,unassessed
ui.window.multiwindow,分屏与多窗,programming_model,android,harmonyos,unknown,unreviewed,,,unassessed,尚未逐条评估证据和适用范围,unassessed,unassessed
ui.window.multiwindow,分屏与多窗,programming_model,android,ios,unknown,unreviewed,,,unassessed,尚未逐条评估证据和适用范围,unassessed,unassessed
ui.window.multiwindow,分屏与多窗,programming_model,harmonyos,ios,unknown,unreviewed,,,unassessed,尚未逐条评估证据和适用范围,unassessed,unassessed
ui.window.multiwindow,分屏与多窗,lifecycle_background,android,harmonyos,unknown,unreviewed,,,unassessed,尚未逐条评估证据和适用范围,unassessed,unassessed
ui.window.multiwindow,分屏与多窗,lifecycle_background,android,ios,unknown,unreviewed,,,unassessed,尚未逐条评估证据和适用范围,unassessed,unassessed
ui.window.multiwindow,分屏与多窗,lifecycle_background,harmonyos,ios,unknown,unreviewed,,,unassessed,尚未逐条评估证据和适用范围,unassessed,unassessed
ui.window.multiwindow,分屏与多窗,permissions_privacy,android,harmonyos,unknown,unreviewed,,,unassessed,尚未逐条评估证据和适用范围,unassessed,unassessed
ui.window.multiwindow,分屏与多窗,permissions_privacy,android,ios,unknown,unreviewed,,,unassessed,尚未逐条评估证据和适用范围,unassessed,unassessed
ui.window.multiwindow,分屏与多窗,permissions_privacy,harmonyos,ios,unknown,unreviewed,,,unassessed,尚未逐条评估证据和适用范围,unassessed,unassessed
ui.window.multiwindow,分屏与多窗,limits_precision,android,harmonyos,unknown,unreviewed,,,unassessed,尚未逐条评估证据和适用范围,unassessed,unassessed
ui.window.multiwindow,分屏与多窗,limits_precision,android,ios,unknown,unreviewed,,,unassessed,尚未逐条评估证据和适用范围,unassessed,unassessed
ui.window.multiwindow,分屏与多窗,limits_precision,harmonyos,ios,unknown,unreviewed,,,unassessed,尚未逐条评估证据和适用范围,unassessed,unassessed
ui.window.multiwindow,分屏与多窗,device_forms,android,harmonyos,unknown,unreviewed,,,unassessed,尚未逐条评估证据和适用范围,unassessed,unassessed
ui.window.multiwindow,分屏与多窗,device_forms,android,ios,unknown,unreviewed,,,unassessed,尚未逐条评估证据和适用范围,unassessed,unassessed
ui.window.multiwindow,分屏与多窗,device_forms,harmonyos,ios,unknown,unreviewed,,,unassessed,尚未逐条评估证据和适用范围,unassessed,unassessed
ui.window.multiwindow,分屏与多窗,api_surface,android,harmonyos,unknown,unreviewed,,,unassessed,尚未逐条评估证据和适用范围,unassessed,unassessed
ui.window.multiwindow,分屏与多窗,api_surface,android,ios,unknown,unreviewed,,,unassessed,尚未逐条评估证据和适用范围,unassessed,unassessed
ui.window.multiwindow,分屏与多窗,api_surface,harmonyos,ios,unknown,unreviewed,,,unassessed,尚未逐条评估证据和适用范围,unassessed,unassessed
ui.window.pip,画中画,availability,android,harmonyos,unknown,unreviewed,,,unassessed,尚未逐条评估证据和适用范围,unassessed,unassessed
ui.window.pip,画中画,availability,android,ios,unknown,unreviewed,,,unassessed,尚未逐条评估证据和适用范围,unassessed,unassessed
ui.window.pip,画中画,availability,harmonyos,ios,unknown,unreviewed,,,unassessed,尚未逐条评估证据和适用范围,unassessed,unassessed
ui.window.pip,画中画,programming_model,android,harmonyos,unknown,unreviewed,,,unassessed,尚未逐条评估证据和适用范围,unassessed,unassessed
ui.window.pip,画中画,programming_model,android,ios,unknown,unreviewed,,,unassessed,尚未逐条评估证据和适用范围,unassessed,unassessed
ui.window.pip,画中画,programming_model,harmonyos,ios,unknown,unreviewed,,,unassessed,尚未逐条评估证据和适用范围,unassessed,unassessed
ui.window.pip,画中画,lifecycle_background,android,harmonyos,unknown,unreviewed,,,unassessed,尚未逐条评估证据和适用范围,unassessed,unassessed
ui.window.pip,画中画,lifecycle_background,android,ios,unknown,unreviewed,,,unassessed,尚未逐条评估证据和适用范围,unassessed,unassessed
ui.window.pip,画中画,lifecycle_background,harmonyos,ios,unknown,unreviewed,,,unassessed,尚未逐条评估证据和适用范围,unassessed,unassessed
ui.window.pip,画中画,permissions_privacy,android,harmonyos,unknown,unreviewed,,,unassessed,尚未逐条评估证据和适用范围,unassessed,unassessed
ui.window.pip,画中画,permissions_privacy,android,ios,unknown,unreviewed,,,unassessed,尚未逐条评估证据和适用范围,unassessed,unassessed
ui.window.pip,画中画,permissions_privacy,harmonyos,ios,unknown,unreviewed,,,unassessed,尚未逐条评估证据和适用范围,unassessed,unassessed
ui.window.pip,画中画,limits_precision,android,harmonyos,unknown,unreviewed,,,unassessed,尚未逐条评估证据和适用范围,unassessed,unassessed
ui.window.pip,画中画,limits_precision,android,ios,unknown,unreviewed,,,unassessed,尚未逐条评估证据和适用范围,unassessed,unassessed
ui.window.pip,画中画,limits_precision,harmonyos,ios,unknown,unreviewed,,,unassessed,尚未逐条评估证据和适用范围,unassessed,unassessed
ui.window.pip,画中画,device_forms,android,harmonyos,unknown,unreviewed,,,unassessed,尚未逐条评估证据和适用范围,unassessed,unassessed
ui.window.pip,画中画,device_forms,android,ios,unknown,unreviewed,,,unassessed,尚未逐条评估证据和适用范围,unassessed,unassessed
ui.window.pip,画中画,device_forms,harmonyos,ios,unknown,unreviewed,,,unassessed,尚未逐条评估证据和适用范围,unassessed,unassessed
ui.window.pip,画中画,api_surface,android,harmonyos,unknown,unreviewed,,,unassessed,尚未逐条评估证据和适用范围,unassessed,unassessed
ui.window.pip,画中画,api_surface,android,ios,unknown,unreviewed,,,unassessed,尚未逐条评估证据和适用范围,unassessed,unassessed
ui.window.pip,画中画,api_surface,harmonyos,ios,unknown,unreviewed,,,unassessed,尚未逐条评估证据和适用范围,unassessed,unassessed
web,Web与混合,availability,android,harmonyos,unknown,unreviewed,,,unassessed,尚未逐条评估证据和适用范围,unassessed,unassessed
web,Web与混合,availability,android,ios,unknown,unreviewed,,,unassessed,尚未逐条评估证据和适用范围,unassessed,unassessed
web,Web与混合,availability,harmonyos,ios,unknown,unreviewed,,,unassessed,尚未逐条评估证据和适用范围,unassessed,unassessed
web,Web与混合,programming_model,android,harmonyos,unknown,unreviewed,,,unassessed,尚未逐条评估证据和适用范围,unassessed,unassessed
web,Web与混合,programming_model,android,ios,unknown,unreviewed,,,unassessed,尚未逐条评估证据和适用范围,unassessed,unassessed
web,Web与混合,programming_model,harmonyos,ios,unknown,unreviewed,,,unassessed,尚未逐条评估证据和适用范围,unassessed,unassessed
web,Web与混合,lifecycle_background,android,harmonyos,unknown,unreviewed,,,unassessed,尚未逐条评估证据和适用范围,unassessed,unassessed
web,Web与混合,lifecycle_background,android,ios,unknown,unreviewed,,,unassessed,尚未逐条评估证据和适用范围,unassessed,unassessed
web,Web与混合,lifecycle_background,harmonyos,ios,unknown,unreviewed,,,unassessed,尚未逐条评估证据和适用范围,unassessed,unassessed
web,Web与混合,permissions_privacy,android,harmonyos,unknown,unreviewed,,,unassessed,尚未逐条评估证据和适用范围,unassessed,unassessed
web,Web与混合,permissions_privacy,android,ios,unknown,unreviewed,,,unassessed,尚未逐条评估证据和适用范围,unassessed,unassessed
web,Web与混合,permissions_privacy,harmonyos,ios,unknown,unreviewed,,,unassessed,尚未逐条评估证据和适用范围,unassessed,unassessed
web,Web与混合,limits_precision,android,harmonyos,unknown,unreviewed,,,unassessed,尚未逐条评估证据和适用范围,unassessed,unassessed
web,Web与混合,limits_precision,android,ios,unknown,unreviewed,,,unassessed,尚未逐条评估证据和适用范围,unassessed,unassessed
web,Web与混合,limits_precision,harmonyos,ios,unknown,unreviewed,,,unassessed,尚未逐条评估证据和适用范围,unassessed,unassessed
web,Web与混合,device_forms,android,harmonyos,unknown,unreviewed,,,unassessed,尚未逐条评估证据和适用范围,unassessed,unassessed
web,Web与混合,device_forms,android,ios,unknown,unreviewed,,,unassessed,尚未逐条评估证据和适用范围,unassessed,unassessed
web,Web与混合,device_forms,harmonyos,ios,unknown,unreviewed,,,unassessed,尚未逐条评估证据和适用范围,unassessed,unassessed
web,Web与混合,api_surface,android,harmonyos,unknown,unreviewed,,,unassessed,尚未逐条评估证据和适用范围,unassessed,unassessed
web,Web与混合,api_surface,android,ios,unknown,unreviewed,,,unassessed,尚未逐条评估证据和适用范围,unassessed,unassessed
web,Web与混合,api_surface,harmonyos,ios,unknown,unreviewed,,,unassessed,尚未逐条评估证据和适用范围,unassessed,unassessed
web.bridge,JS桥接,availability,android,harmonyos,unknown,unreviewed,,,unassessed,尚未逐条评估证据和适用范围,unassessed,unassessed
web.bridge,JS桥接,availability,android,ios,unknown,unreviewed,,,unassessed,尚未逐条评估证据和适用范围,unassessed,unassessed
web.bridge,JS桥接,availability,harmonyos,ios,unknown,unreviewed,,,unassessed,尚未逐条评估证据和适用范围,unassessed,unassessed
web.bridge,JS桥接,programming_model,android,harmonyos,unknown,unreviewed,,,unassessed,尚未逐条评估证据和适用范围,unassessed,unassessed
web.bridge,JS桥接,programming_model,android,ios,unknown,unreviewed,,,unassessed,尚未逐条评估证据和适用范围,unassessed,unassessed
web.bridge,JS桥接,programming_model,harmonyos,ios,unknown,unreviewed,,,unassessed,尚未逐条评估证据和适用范围,unassessed,unassessed
web.bridge,JS桥接,lifecycle_background,android,harmonyos,unknown,unreviewed,,,unassessed,尚未逐条评估证据和适用范围,unassessed,unassessed
web.bridge,JS桥接,lifecycle_background,android,ios,unknown,unreviewed,,,unassessed,尚未逐条评估证据和适用范围,unassessed,unassessed
web.bridge,JS桥接,lifecycle_background,harmonyos,ios,unknown,unreviewed,,,unassessed,尚未逐条评估证据和适用范围,unassessed,unassessed
web.bridge,JS桥接,permissions_privacy,android,harmonyos,unknown,unreviewed,,,unassessed,尚未逐条评估证据和适用范围,unassessed,unassessed
web.bridge,JS桥接,permissions_privacy,android,ios,unknown,unreviewed,,,unassessed,尚未逐条评估证据和适用范围,unassessed,unassessed
web.bridge,JS桥接,permissions_privacy,harmonyos,ios,unknown,unreviewed,,,unassessed,尚未逐条评估证据和适用范围,unassessed,unassessed
web.bridge,JS桥接,limits_precision,android,harmonyos,unknown,unreviewed,,,unassessed,尚未逐条评估证据和适用范围,unassessed,unassessed
web.bridge,JS桥接,limits_precision,android,ios,unknown,unreviewed,,,unassessed,尚未逐条评估证据和适用范围,unassessed,unassessed
web.bridge,JS桥接,limits_precision,harmonyos,ios,unknown,unreviewed,,,unassessed,尚未逐条评估证据和适用范围,unassessed,unassessed
web.bridge,JS桥接,device_forms,android,harmonyos,unknown,unreviewed,,,unassessed,尚未逐条评估证据和适用范围,unassessed,unassessed
web.bridge,JS桥接,device_forms,android,ios,unknown,unreviewed,,,unassessed,尚未逐条评估证据和适用范围,unassessed,unassessed
web.bridge,JS桥接,device_forms,harmonyos,ios,unknown,unreviewed,,,unassessed,尚未逐条评估证据和适用范围,unassessed,unassessed
web.bridge,JS桥接,api_surface,android,harmonyos,unknown,unreviewed,,,unassessed,尚未逐条评估证据和适用范围,unassessed,unassessed
web.bridge,JS桥接,api_surface,android,ios,unknown,unreviewed,,,unassessed,尚未逐条评估证据和适用范围,unassessed,unassessed
web.bridge,JS桥接,api_surface,harmonyos,ios,unknown,unreviewed,,,unassessed,尚未逐条评估证据和适用范围,unassessed,unassessed
web.bridge.native_js,原生与JS互调,availability,android,harmonyos,unknown,unreviewed,,,unassessed,尚未逐条评估证据和适用范围,unassessed,unassessed
web.bridge.native_js,原生与JS互调,availability,android,ios,unknown,unreviewed,,,unassessed,尚未逐条评估证据和适用范围,unassessed,unassessed
web.bridge.native_js,原生与JS互调,availability,harmonyos,ios,unknown,unreviewed,,,unassessed,尚未逐条评估证据和适用范围,unassessed,unassessed
web.bridge.native_js,原生与JS互调,programming_model,android,harmonyos,unknown,unreviewed,,,unassessed,尚未逐条评估证据和适用范围,unassessed,unassessed
web.bridge.native_js,原生与JS互调,programming_model,android,ios,unknown,unreviewed,,,unassessed,尚未逐条评估证据和适用范围,unassessed,unassessed
web.bridge.native_js,原生与JS互调,programming_model,harmonyos,ios,unknown,unreviewed,,,unassessed,尚未逐条评估证据和适用范围,unassessed,unassessed
web.bridge.native_js,原生与JS互调,lifecycle_background,android,harmonyos,unknown,unreviewed,,,unassessed,尚未逐条评估证据和适用范围,unassessed,unassessed
web.bridge.native_js,原生与JS互调,lifecycle_background,android,ios,unknown,unreviewed,,,unassessed,尚未逐条评估证据和适用范围,unassessed,unassessed
web.bridge.native_js,原生与JS互调,lifecycle_background,harmonyos,ios,unknown,unreviewed,,,unassessed,尚未逐条评估证据和适用范围,unassessed,unassessed
web.bridge.native_js,原生与JS互调,permissions_privacy,android,harmonyos,unknown,unreviewed,,,unassessed,尚未逐条评估证据和适用范围,unassessed,unassessed
web.bridge.native_js,原生与JS互调,permissions_privacy,android,ios,unknown,unreviewed,,,unassessed,尚未逐条评估证据和适用范围,unassessed,unassessed
web.bridge.native_js,原生与JS互调,permissions_privacy,harmonyos,ios,unknown,unreviewed,,,unassessed,尚未逐条评估证据和适用范围,unassessed,unassessed
web.bridge.native_js,原生与JS互调,limits_precision,android,harmonyos,unknown,unreviewed,,,unassessed,尚未逐条评估证据和适用范围,unassessed,unassessed
web.bridge.native_js,原生与JS互调,limits_precision,android,ios,unknown,unreviewed,,,unassessed,尚未逐条评估证据和适用范围,unassessed,unassessed
web.bridge.native_js,原生与JS互调,limits_precision,harmonyos,ios,unknown,unreviewed,,,unassessed,尚未逐条评估证据和适用范围,unassessed,unassessed
web.bridge.native_js,原生与JS互调,device_forms,android,harmonyos,unknown,unreviewed,,,unassessed,尚未逐条评估证据和适用范围,unassessed,unassessed
web.bridge.native_js,原生与JS互调,device_forms,android,ios,unknown,unreviewed,,,unassessed,尚未逐条评估证据和适用范围,unassessed,unassessed
web.bridge.native_js,原生与JS互调,device_forms,harmonyos,ios,unknown,unreviewed,,,unassessed,尚未逐条评估证据和适用范围,unassessed,unassessed
web.bridge.native_js,原生与JS互调,api_surface,android,harmonyos,unknown,unreviewed,,,unassessed,尚未逐条评估证据和适用范围,unassessed,unassessed
web.bridge.native_js,原生与JS互调,api_surface,android,ios,unknown,unreviewed,,,unassessed,尚未逐条评估证据和适用范围,unassessed,unassessed
web.bridge.native_js,原生与JS互调,api_surface,harmonyos,ios,unknown,unreviewed,,,unassessed,尚未逐条评估证据和适用范围,unassessed,unassessed
web.webview,嵌入式Web视图,availability,android,harmonyos,unknown,unreviewed,,,unassessed,尚未逐条评估证据和适用范围,unassessed,unassessed
web.webview,嵌入式Web视图,availability,android,ios,unknown,unreviewed,,,unassessed,尚未逐条评估证据和适用范围,unassessed,unassessed
web.webview,嵌入式Web视图,availability,harmonyos,ios,unknown,unreviewed,,,unassessed,尚未逐条评估证据和适用范围,unassessed,unassessed
web.webview,嵌入式Web视图,programming_model,android,harmonyos,unknown,unreviewed,,,unassessed,尚未逐条评估证据和适用范围,unassessed,unassessed
web.webview,嵌入式Web视图,programming_model,android,ios,unknown,unreviewed,,,unassessed,尚未逐条评估证据和适用范围,unassessed,unassessed
web.webview,嵌入式Web视图,programming_model,harmonyos,ios,unknown,unreviewed,,,unassessed,尚未逐条评估证据和适用范围,unassessed,unassessed
web.webview,嵌入式Web视图,lifecycle_background,android,harmonyos,unknown,unreviewed,,,unassessed,尚未逐条评估证据和适用范围,unassessed,unassessed
web.webview,嵌入式Web视图,lifecycle_background,android,ios,unknown,unreviewed,,,unassessed,尚未逐条评估证据和适用范围,unassessed,unassessed
web.webview,嵌入式Web视图,lifecycle_background,harmonyos,ios,unknown,unreviewed,,,unassessed,尚未逐条评估证据和适用范围,unassessed,unassessed
web.webview,嵌入式Web视图,permissions_privacy,android,harmonyos,unknown,unreviewed,,,unassessed,尚未逐条评估证据和适用范围,unassessed,unassessed
web.webview,嵌入式Web视图,permissions_privacy,android,ios,unknown,unreviewed,,,unassessed,尚未逐条评估证据和适用范围,unassessed,unassessed
web.webview,嵌入式Web视图,permissions_privacy,harmonyos,ios,unknown,unreviewed,,,unassessed,尚未逐条评估证据和适用范围,unassessed,unassessed
web.webview,嵌入式Web视图,limits_precision,android,harmonyos,unknown,unreviewed,,,unassessed,尚未逐条评估证据和适用范围,unassessed,unassessed
web.webview,嵌入式Web视图,limits_precision,android,ios,unknown,unreviewed,,,unassessed,尚未逐条评估证据和适用范围,unassessed,unassessed
web.webview,嵌入式Web视图,limits_precision,harmonyos,ios,unknown,unreviewed,,,unassessed,尚未逐条评估证据和适用范围,unassessed,unassessed
web.webview,嵌入式Web视图,device_forms,android,harmonyos,unknown,unreviewed,,,unassessed,尚未逐条评估证据和适用范围,unassessed,unassessed
web.webview,嵌入式Web视图,device_forms,android,ios,unknown,unreviewed,,,unassessed,尚未逐条评估证据和适用范围,unassessed,unassessed
web.webview,嵌入式Web视图,device_forms,harmonyos,ios,unknown,unreviewed,,,unassessed,尚未逐条评估证据和适用范围,unassessed,unassessed
web.webview,嵌入式Web视图,api_surface,android,harmonyos,unknown,unreviewed,,,unassessed,尚未逐条评估证据和适用范围,unassessed,unassessed
web.webview,嵌入式Web视图,api_surface,android,ios,unknown,unreviewed,,,unassessed,尚未逐条评估证据和适用范围,unassessed,unassessed
web.webview,嵌入式Web视图,api_surface,harmonyos,ios,unknown,unreviewed,,,unassessed,尚未逐条评估证据和适用范围,unassessed,unassessed
web.webview.embed,WebView嵌入,availability,android,harmonyos,unknown,unreviewed,,,unassessed,尚未逐条评估证据和适用范围,unassessed,unassessed
web.webview.embed,WebView嵌入,availability,android,ios,unknown,unreviewed,,,unassessed,尚未逐条评估证据和适用范围,unassessed,unassessed
web.webview.embed,WebView嵌入,availability,harmonyos,ios,unknown,unreviewed,,,unassessed,尚未逐条评估证据和适用范围,unassessed,unassessed
web.webview.embed,WebView嵌入,programming_model,android,harmonyos,unknown,unreviewed,,,unassessed,尚未逐条评估证据和适用范围,unassessed,unassessed
web.webview.embed,WebView嵌入,programming_model,android,ios,unknown,unreviewed,,,unassessed,尚未逐条评估证据和适用范围,unassessed,unassessed
web.webview.embed,WebView嵌入,programming_model,harmonyos,ios,unknown,unreviewed,,,unassessed,尚未逐条评估证据和适用范围,unassessed,unassessed
web.webview.embed,WebView嵌入,lifecycle_background,android,harmonyos,unknown,unreviewed,,,unassessed,尚未逐条评估证据和适用范围,unassessed,unassessed
web.webview.embed,WebView嵌入,lifecycle_background,android,ios,unknown,unreviewed,,,unassessed,尚未逐条评估证据和适用范围,unassessed,unassessed
web.webview.embed,WebView嵌入,lifecycle_background,harmonyos,ios,unknown,unreviewed,,,unassessed,尚未逐条评估证据和适用范围,unassessed,unassessed
web.webview.embed,WebView嵌入,permissions_privacy,android,harmonyos,unknown,unreviewed,,,unassessed,尚未逐条评估证据和适用范围,unassessed,unassessed
web.webview.embed,WebView嵌入,permissions_privacy,android,ios,unknown,unreviewed,,,unassessed,尚未逐条评估证据和适用范围,unassessed,unassessed
web.webview.embed,WebView嵌入,permissions_privacy,harmonyos,ios,unknown,unreviewed,,,unassessed,尚未逐条评估证据和适用范围,unassessed,unassessed
web.webview.embed,WebView嵌入,limits_precision,android,harmonyos,unknown,unreviewed,,,unassessed,尚未逐条评估证据和适用范围,unassessed,unassessed
web.webview.embed,WebView嵌入,limits_precision,android,ios,unknown,unreviewed,,,unassessed,尚未逐条评估证据和适用范围,unassessed,unassessed
web.webview.embed,WebView嵌入,limits_precision,harmonyos,ios,unknown,unreviewed,,,unassessed,尚未逐条评估证据和适用范围,unassessed,unassessed
web.webview.embed,WebView嵌入,device_forms,android,harmonyos,unknown,unreviewed,,,unassessed,尚未逐条评估证据和适用范围,unassessed,unassessed
web.webview.embed,WebView嵌入,device_forms,android,ios,unknown,unreviewed,,,unassessed,尚未逐条评估证据和适用范围,unassessed,unassessed
web.webview.embed,WebView嵌入,device_forms,harmonyos,ios,unknown,unreviewed,,,unassessed,尚未逐条评估证据和适用范围,unassessed,unassessed
web.webview.embed,WebView嵌入,api_surface,android,harmonyos,unknown,unreviewed,,,unassessed,尚未逐条评估证据和适用范围,unassessed,unassessed
web.webview.embed,WebView嵌入,api_surface,android,ios,unknown,unreviewed,,,unassessed,尚未逐条评估证据和适用范围,unassessed,unassessed
web.webview.embed,WebView嵌入,api_surface,harmonyos,ios,unknown,unreviewed,,,unassessed,尚未逐条评估证据和适用范围,unassessed,unassessed
